code,company,industry,listing_date,market_cap,market_cap_as_at,registry,registry_raw,registry_address,registry_phone,registry_since
10X,EXULTANT MINING LIMITED,Materials,2025-12-11,5049000,2026-10-01,Xcend,XCEND PTY LTD,"Level 2,, 477 Pitt Street, HAYMARKET, NSW, AUSTRALIA, 2000",61 2 8591 8509,2026-08-07
14D,1414 DEGREES LIMITED,Capital Goods,2018-09-12,37148270,2026-10-01,Computershare,COMPUTERSHARE INVESTOR SERVICES PTY LIMITED,"Level 5, 115 Grenfell Street, ADELAIDE, SA, AUSTRALIA, 5000",08 8236 2300,2026-08-07
1AD,ADALTA LIMITED,"Pharmaceuticals, Biotechnology & Life Sciences",2016-08-22,12848676,2026-10-01,Automic,AUTOMIC REGISTRY SERVICES,"Level 5, 126 Phillip Street, SYDNEY, NSW, AUSTRALIA, 2000",02 9698 5414,2026-08-07
1AE,AURORA ENERGY METALS LIMITED,Materials,2022-05-18,9490378,2026-10-01,MUFG Corporate Markets,MUFG CORPORATE MARKETS (AU) LIMITED,"Level 12 QV1 Building, 250 St Georges Terrace, PERTH, WA, AUSTRALIA, 6000",1300 554 474,2026-08-07
1AI,ALGORAE PHARMACEUTICALS LIMITED,"Pharmaceuticals, Biotechnology & Life Sciences",2004-09-01,16220568,2026-10-01,Automic,AUTOMIC REGISTRY SERVICES,"LEVEL 5, 191 St Georges Terrace,, PERTH, WA, AUSTRALIA, 6000",(08) 9324 2099,2026-08-07
1CG,ONE CLICK GROUP LIMITED,Capital Goods,2017-04-28,11765575,2026-09-01,Computershare,COMPUTERSHARE INVESTOR SERVICES PTY LIMITED,"Level 17, 221 St Georges Terrace, PERTH, WA, AUSTRALIA, 6000",1300 850 505,2026-08-07
1MC,MORELLA CORPORATION LIMITED,Materials,2001-01-08,12369254,2026-10-01,MUFG Corporate Markets,MUFG CORPORATE MARKETS (AU) LIMITED,"Level 12 QV1 Building, 250 St Georges Terrace, PERTH, WA, AUSTRALIA, 6000",1300 554 474,2026-08-07
1TT,THRIVE TRIBE TECHNOLOGIES LIMITED,Software & Services,2015-07-09,5753285,2026-10-01,Boardroom,BOARDROOM PTY LIMITED,"LEVEL 8, 210 GEORGE STREET, SYDNEY, NSW, AUSTRALIA, 2000",(02) 9290 9600,2026-08-07
29M,29METALS LIMITED,Materials,2021-07-02,630027556,2026-10-01,MUFG Corporate Markets,MUFG CORPORATE MARKETS (AU) LIMITED,"LIBERTY PLACE, LEVEL 41, 161 CASTLEREAGH ST, SYDNEY, NSW, AUSTRALIA, 2000",1300 554 474,2026-08-07
360,LIFE360 INC.,Software & Services,2019-05-10,4648285938,2026-10-01,Computershare,COMPUTERSHARE INVESTOR SERVICES PTY LIMITED,"Level 4, 44 Martin Place, SYDNEY, NSW, AUSTRALIA, 2000",02 8234 5000,2026-08-07
3DA,AMAERO INC.,Capital Goods,2019-12-06,152532352,2026-10-01,Computershare,COMPUTERSHARE INVESTOR SERVICES PTY LIMITED,"Level 1, 200 Mary Street, BRISBANE, QLD, AUSTRALIA, 4000",1300 552 270,2026-08-07
3DP,POINTERRA LIMITED,Software & Services,2008-03-27,22104274,2026-10-01,Automic,AUTOMIC REGISTRY SERVICES,"Level 5, 126 Phillip Street, SYDNEY, NSW, AUSTRALIA, 2000",02 9698 5414,2026-08-07
3PL,3P LEARNING LIMITED..,Consumer Services,2014-07-09,87330087,2026-10-01,MUFG Corporate Markets,MUFG CORPORATE MARKETS (AU) LIMITED,"LIBERTY PLACE, LEVEL 41, 161 CASTLEREAGH ST, SYDNEY, NSW, AUSTRALIA, 2000",1300 554 474,2026-08-07
49M,49 METALS LIMITED,Materials,2026-03-31,9046032,2026-10-01,Automic,AUTOMIC REGISTRY SERVICES,"LEVEL 5, 191 St Georges Terrace,, PERTH, WA, AUSTRALIA, 6000",(08) 9324 2099,2026-08-07
4DS,4DS MEMORY LIMITED,Semiconductors & Semiconductor Equipment,2010-12-09,15456740,2026-10-01,Automic,AUTOMIC REGISTRY SERVICES,"LEVEL 5, 191 St Georges Terrace,, PERTH, WA, AUSTRALIA, 6000",(08) 9324 2099,2026-08-07
4DX,4DMEDICAL LIMITED,Health Care Equipment & Services,2020-08-07,2622936965,2026-10-01,MUFG Corporate Markets,MUFG CORPORATE MARKETS (AU) LIMITED,"Tower 4, 727 Collins Street, DOCKLANDS, VIC, AUSTRALIA, 3008",1300 554 474,2026-08-07
5GG,PENTANET LIMITED,Telecommunication Services,2021-01-29,7363918,2026-10-01,Automic,AUTOMIC REGISTRY SERVICES,"LEVEL 5, 191 St Georges Terrace,, PERTH, WA, AUSTRALIA, 6000",(08) 9324 2099,2026-08-07
5GN,5G NETWORKS LIMITED.,Software & Services,1999-12-14,15317824,2026-10-01,Automic,AUTOMIC REGISTRY SERVICES,"Suite 5, Level 12, 530 Collins Street, MELBOURNE, VIC, AUSTRALIA, 3000",1300 288 664,2026-08-07
6KA,"6K ADDITIVE, INC.",Materials,2025-12-04,192814922,2026-10-01,Computershare,COMPUTERSHARE INVESTOR SERVICES PTY LIMITED,"Level 17, 221 St Georges Terrace, PERTH, WA, AUSTRALIA, 6000",1300 850 505,2026-08-31
88E,88 ENERGY LIMITED,Energy,2000-01-20,26619060,2026-10-01,Computershare,COMPUTERSHARE INVESTOR SERVICES PTY LIMITED,"Level 17, 221 St Georges Terrace, PERTH, WA, AUSTRALIA, 6000",1300 850 505,2026-08-07
8CO,8COMMON LIMITED,Software & Services,2014-08-27,8515606,2026-10-01,Automic,AUTOMIC REGISTRY SERVICES,"Level 5, 126 Phillip Street, SYDNEY, NSW, AUSTRALIA, 2000",02 9698 5414,2026-08-07
8IH,8I HOLDINGS LTD,Financial Services,2014-12-17,4177930,2026-10-01,Boardroom,BOARDROOM PTY LIMITED,"LEVEL 8, 210 GEORGE STREET, SYDNEY, NSW, AUSTRALIA, 2000",(02) 9290 9600,2026-08-07
A11,ATLANTIC LITHIUM LIMITED,Materials,2022-09-26,224420921,2026-10-01,Computershare,COMPUTERSHARE INVESTOR SERVICES PTY LIMITED,"Yarra Falls, 452 Johnston Street, ABBOTSFORD, VIC, AUSTRALIA, 3067",03 9415 4000,2026-08-07
A1M,AIC MINES LIMITED,Materials,1993-11-04,719536422,2026-10-01,Computershare,COMPUTERSHARE INVESTOR SERVICES PTY LIMITED,"Level 17, 221 St Georges Terrace, PERTH, WA, AUSTRALIA, 6000",1300 850 505,2026-08-07
A1N,ARN MEDIA LIMITED,Media & Entertainment,1992-05-07,86088853,2026-10-01,MUFG Corporate Markets,MUFG CORPORATE MARKETS (AU) LIMITED,"LIBERTY PLACE, LEVEL 41, 161 CASTLEREAGH ST, SYDNEY, NSW, AUSTRALIA, 2000",1300 554 474,2026-08-07
A2M,THE A2 MILK COMPANY LIMITED,"Food, Beverage & Tobacco",2015-03-31,4776046376,2026-10-01,MUFG Corporate Markets,MUFG CORPORATE MARKETS (AU) LIMITED,"LIBERTY PLACE, LEVEL 41, 161 CASTLEREAGH ST, SYDNEY, NSW, AUSTRALIA, 2000",1300 554 474,2026-08-07
A3D,AURORA LABS LIMITED,Capital Goods,2016-08-16,28275461,2026-10-01,Xcend,XCEND PTY LTD,"Level 2,, 477 Pitt Street, HAYMARKET, NSW, AUSTRALIA, 2000",61 2 8591 8509,2026-08-07
A4N,ALPHA HPA LIMITED,Materials,2007-10-22,849417889,2026-10-01,Computershare,COMPUTERSHARE INVESTOR SERVICES PTY LIMITED,"Level 4, 44 Martin Place, SYDNEY, NSW, AUSTRALIA, 2000",02 8234 5000,2026-08-07
A8G,AUSTRALASIAN METALS LIMITED,Materials,2021-05-13,14182828,2026-10-01,Computershare,COMPUTERSHARE INVESTOR SERVICES PTY LIMITED,"Level 17, 221 St Georges Terrace, PERTH, WA, AUSTRALIA, 6000",1300 850 505,2026-08-07
AA2,ARIANA RESOURCES PLC,Materials,2025-09-10,81539310,2026-10-01,Computershare,COMPUTERSHARE INVESTOR SERVICES PTY LIMITED,"Level 17, 221 St Georges Terrace, PERTH, WA, AUSTRALIA, 6000",1300 850 505,2026-08-07
AAC,AUSTRALIAN AGRICULTURAL COMPANY LIMITED.,"Food, Beverage & Tobacco",2001-08-10,786610605,2026-10-01,,,,,2026-09-07
AAI,ALCOA CORPORATION,Materials,2024-07-24,15864211063,2026-10-01,Computershare,COMPUTERSHARE INVESTOR SERVICES PTY LIMITED,"Yarra Falls, 452 Johnston Street, ABBOTSFORD, VIC, AUSTRALIA, 3067",03 9415 4000,2026-08-07
AAJ,ARUMA RESOURCES LIMITED,Materials,2010-07-23,5444617,2026-10-01,Automic,AUTOMIC REGISTRY SERVICES,"Level 5, 126 Phillip Street, SYDNEY, NSW, AUSTRALIA, 2000",02 9698 5414,2026-08-07
AAL,ALFABS AUSTRALIA LIMITED,Capital Goods,2024-06-28,71750512,2026-10-01,Automic,AUTOMIC REGISTRY SERVICES,"Level 5, 126 Phillip Street, SYDNEY, NSW, AUSTRALIA, 2000",02 9698 5414,2026-08-07
AAM,AUMEGA METALS LTD,Materials,2017-03-08,46585834,2026-10-01,Computershare,COMPUTERSHARE INVESTOR SERVICES PTY LIMITED,"Level 17, 221 St Georges Terrace, PERTH, WA, AUSTRALIA, 6000",1300 850 505,2026-08-07
AAP,AUSTRALIAN AGRICULTURAL PROJECTS LIMITED,"Food, Beverage & Tobacco",2004-01-07,20641808,2026-10-01,Computershare,COMPUTERSHARE INVESTOR SERVICES PTY LIMITED,"Level 17, 221 St Georges Terrace, PERTH, WA, AUSTRALIA, 6000",1300 850 505,2026-08-07
AAR,ASTRAL RESOURCES NL,Materials,1986-11-13,316541694,2026-10-01,,,,,2026-09-07
AAU,ANTILLES GOLD LIMITED,Materials,1993-11-25,22981653,2026-10-01,Automic,AUTOMIC REGISTRY SERVICES,"Level 5, 126 Phillip Street, SYDNEY, NSW, AUSTRALIA, 2000",02 9698 5414,2026-08-07
ABB,AUSSIE BROADBAND LIMITED,Telecommunication Services,2020-10-16,1280734144,2026-10-01,Computershare,COMPUTERSHARE INVESTOR SERVICES PTY LIMITED,"Yarra Falls, 452 Johnston Street, ABBOTSFORD, VIC, AUSTRALIA, 3067",03 9415 4000,2026-08-07
ABE,AUSTRALIAN BOND EXCHANGE HOLDINGS LIMITED,Financial Services,2021-12-06,4446192,2026-10-01,Computershare,COMPUTERSHARE INVESTOR SERVICES PTY LIMITED,"Computershare Investor Services Pty Ltd, 452 Johnston Street, ABBOTSFORD, VIC, AUSTRALIA, 3067",1300 171 785,2026-08-07
ABG,ABACUS GROUP,Equity Real Estate Investment Trusts (REITs),2002-11-14,732799259,2026-10-01,,,,,2026-09-07
ABR,ALBRIGHT METALS LTD,Materials,2017-10-17,3107578,2026-09-01,Automic,AUTOMIC REGISTRY SERVICES,"LEVEL 5, 191 St Georges Terrace,, PERTH, WA, AUSTRALIA, 6000",(08) 9324 2099,2026-08-07
ABV,ADVANCED BRAKING TECHNOLOGY LTD,Automobiles & Components,2002-05-28,47756552,2026-10-01,Automic,AUTOMIC REGISTRY SERVICES,"LEVEL 5, 191 St Georges Terrace,, PERTH, WA, AUSTRALIA, 6000",(08) 9324 2099,2026-08-07
ABX,ABX GROUP LIMITED,Materials,2009-12-24,12326735,2026-10-01,Computershare,COMPUTERSHARE INVESTOR SERVICES PTY LIMITED,"Yarra Falls, 452 Johnston Street, ABBOTSFORD, VIC, AUSTRALIA, 3067",03 9415 4000,2026-08-07
ABY,ADORE BEAUTY GROUP LIMITED,Consumer Discretionary Distribution & Retail,2020-10-23,27012904,2026-10-01,MUFG Corporate Markets,MUFG CORPORATE MARKETS (AU) LIMITED,"LIBERTY PLACE, LEVEL 41, 161 CASTLEREAGH ST, SYDNEY, NSW, AUSTRALIA, 2000",1300 554 474,2026-08-07
ACE,ACUSENSUS LIMITED.,Software & Services,2023-01-12,181959098,2026-10-01,MUFG Corporate Markets,MUFG CORPORATE MARKETS (AU) LIMITED,"LIBERTY PLACE, LEVEL 41, 161 CASTLEREAGH ST, SYDNEY, NSW, AUSTRALIA, 2000",1300 554 474,2026-08-07
ACF,ACROW LIMITED,Capital Goods,2008-06-27,410664903,2026-10-01,Automic,AUTOMIC REGISTRY SERVICES,"Level 5, 126 Phillip Street, SYDNEY, NSW, AUSTRALIA, 2000",02 9698 5414,2026-08-07
ACL,AUSTRALIAN CLINICAL LABS LIMITED,Health Care Equipment & Services,2021-05-14,514792399,2026-10-01,MUFG Corporate Markets,MUFG CORPORATE MARKETS (AU) LIMITED,"LIBERTY PLACE, LEVEL 41, 161 CASTLEREAGH ST, SYDNEY, NSW, AUSTRALIA, 2000",1300 554 474,2026-08-07
ACM,AUSTRALIAN CRITICAL MINERALS LIMITED,Materials,2023-07-03,3749535,2026-10-01,Xcend,XCEND PTY LTD,"Level 2,, 477 Pitt Street, HAYMARKET, NSW, AUSTRALIA, 2000",61 2 8591 8509,2026-08-07
ACP,AUDALIA RESOURCES LIMITED,Materials,2011-07-06,19296996,2026-09-01,Automic,AUTOMIC REGISTRY SERVICES,"Level 5, 126 Phillip Street, SYDNEY, NSW, AUSTRALIA, 2000",02 9698 5414,2026-08-07
ACQ,ACORN CAPITAL INVESTMENT FUND LIMITED,Not Applic,2014-05-01,78429751,2026-10-01,Computershare,COMPUTERSHARE INVESTOR SERVICES PTY LIMITED,"Yarra Falls, 452 Johnston Street, ABBOTSFORD, VIC, AUSTRALIA, 3067",03 9415 4000,2026-08-07
ACR,ACRUX LIMITED,"Pharmaceuticals, Biotechnology & Life Sciences",2004-09-29,6116541,2026-10-01,,,,,2026-09-07
ACS,ACCENT RESOURCES NL,Materials,2005-08-26,124832007,2026-10-01,Automic,AUTOMIC REGISTRY SERVICES,"Level 5, 126 Phillip Street, SYDNEY, NSW, AUSTRALIA, 2000",02 9698 5414,2026-08-07
ACU,ACUMENTIS GROUP LIMITED,Real Estate Management & Development,2003-12-05,20734819,2026-10-01,Automic,AUTOMIC REGISTRY SERVICES,"Level 5, 126 Phillip Street, SYDNEY, NSW, AUSTRALIA, 2000",02 9698 5414,2026-08-07
ACW,ACTINOGEN MEDICAL LIMITED,"Pharmaceuticals, Biotechnology & Life Sciences",2007-10-16,213079258,2026-10-01,Automic,AUTOMIC REGISTRY SERVICES,"Level 5, 126 Phillip Street, SYDNEY, NSW, AUSTRALIA, 2000",02 9698 5414,2026-08-07
AD1,ADNEO LIMITED,Media & Entertainment,2016-06-23,6661408,2026-10-01,MUFG Corporate Markets,MUFG CORPORATE MARKETS (AU) LIMITED,"LIBERTY PLACE, LEVEL 41, 161 CASTLEREAGH ST, SYDNEY, NSW, AUSTRALIA, 2000",1300 554 474,2026-08-07
AD8,AUDINATE GROUP LIMITED,Technology Hardware & Equipment,2017-06-30,193955683,2026-10-01,MUFG Corporate Markets,MUFG CORPORATE MARKETS (AU) LIMITED,"LIBERTY PLACE, LEVEL 41, 161 CASTLEREAGH ST, SYDNEY, NSW, AUSTRALIA, 2000",1300 554 474,2026-08-07
ADC,ACDC METALS LTD,Materials,2023-01-17,5526634,2026-09-01,Automic,AUTOMIC REGISTRY SERVICES,"Suite 5, Level 12, 530 Collins Street, MELBOURNE, VIC, AUSTRALIA, 3000",1300 288 664,2026-08-07
ADD,ADAVALE RESOURCES LIMITED,Energy,1992-02-06,15040398,2026-10-01,Computershare,COMPUTERSHARE INVESTOR SERVICES PTY LIMITED,"Level 4, 44 Martin Place, SYDNEY, NSW, AUSTRALIA, 2000",02 8234 5000,2026-08-07
ADH,ADAIRS LIMITED,Consumer Discretionary Distribution & Retail,2015-06-17,217909845,2026-10-01,MUFG Corporate Markets,MUFG CORPORATE MARKETS (AU) LIMITED,"LIBERTY PLACE, LEVEL 41, 161 CASTLEREAGH ST, SYDNEY, NSW, AUSTRALIA, 2000",1300 554 474,2026-08-07
ADN,ANDROMEDA METALS LIMITED,Materials,1996-09-17,30837981,2026-10-01,Computershare,COMPUTERSHARE INVESTOR SERVICES PTY LIMITED,"Level 5, 115 Grenfell Street, ADELAIDE, SA, AUSTRALIA, 5000",08 8236 2300,2026-08-07
ADO,ANTEOTECH LTD,"Pharmaceuticals, Biotechnology & Life Sciences",2000-04-07,55507616,2026-10-01,MUFG Corporate Markets,MUFG CORPORATE MARKETS (AU) LIMITED,"Level 21, 10 Eagle Street, BRISBANE, QLD, AUSTRALIA, 4000",1300 554 474,2026-08-07
ADR,ADHERIUM LIMITED,Health Care Equipment & Services,2015-08-26,4171463,2026-10-01,Computershare,COMPUTERSHARE INVESTOR SERVICES PTY LIMITED,"Yarra Falls, 452 Johnston Street, ABBOTSFORD, VIC, AUSTRALIA, 3067",03 9415 4000,2026-08-07
ADS,ADSLOT LTD.,Software & Services,1987-12-17,5970090,2026-09-01,Boardroom,BOARDROOM PTY LIMITED,"LEVEL 8, 210 GEORGE STREET, SYDNEY, NSW, AUSTRALIA, 2000",(02) 9290 9600,2026-08-07
ADX,ADX ENERGY LTD,Energy,1987-01-29,21677268,2026-10-01,Computershare,COMPUTERSHARE INVESTOR SERVICES PTY LIMITED,"Level 17, 221 St Georges Terrace, PERTH, WA, AUSTRALIA, 6000",1300 850 505,2026-08-07
ADY,ADMIRALTY RESOURCES NL.,Materials,1983-12-01,,2026-08-07,Boardroom,BOARDROOM PTY LIMITED,"LEVEL 8, 210 GEORGE STREET, SYDNEY, NSW, AUSTRALIA, 2000",(02) 9290 9600,2026-08-07
AEE,AURA ENERGY LIMITED,Energy,2006-05-30,96656955,2026-10-01,Computershare,COMPUTERSHARE INVESTOR SERVICES PTY LIMITED,"Level 17, 221 St Georges Terrace, PERTH, WA, AUSTRALIA, 6000",1300 850 505,2026-08-07
AEF,AUSTRALIAN ETHICAL INVESTMENT LIMITED,Financial Services,2002-12-17,464426722,2026-10-01,MUFG Corporate Markets,MUFG CORPORATE MARKETS (AU) LIMITED,"LIBERTY PLACE, LEVEL 41, 161 CASTLEREAGH ST, SYDNEY, NSW, AUSTRALIA, 2000",1300 554 474,2026-08-07
AEG,ALAND EQUITY GROUP LIMITED,Financial Services,2022-05-03,50049955,2026-10-01,Boardroom,BOARDROOM PTY LIMITED,"LEVEL 8, 210 GEORGE STREET, SYDNEY, NSW, AUSTRALIA, 2000",(02) 9290 9600,2026-08-07
AEI,AERIS ENVIRONMENTAL LTD,Commercial & Professional Services,2000-09-12,10603566,2026-10-01,Computershare,COMPUTERSHARE INVESTOR SERVICES PTY LIMITED,"Level 17, 221 St Georges Terrace, PERTH, WA, AUSTRALIA, 6000",1300 850 505,2026-08-07
AEL,AMPLITUDE ENERGY LIMITED,Energy,2002-03-13,494803371,2026-10-01,Computershare,COMPUTERSHARE INVESTOR SERVICES PTY LIMITED,"Level 5, 115 Grenfell Street, ADELAIDE, SA, AUSTRALIA, 5000",08 8236 2300,2026-08-07
AEM,ADVANCED ENGINEERED MATERIALS LTD,Materials,2025-12-24,188641038,2026-10-01,Computershare,COMPUTERSHARE INVESTOR SERVICES PTY LIMITED,"Yarra Falls, 452 Johnston Street, ABBOTSFORD, VIC, AUSTRALIA, 3067",03 9415 4000,2026-08-07
AER,AEERIS LTD,Media & Entertainment,2015-04-01,4860729,2026-10-01,Boardroom,BOARDROOM PTY LIMITED,"LEVEL 8, 210 GEORGE STREET, SYDNEY, NSW, AUSTRALIA, 2000",(02) 9290 9600,2026-08-07
AEU,ATOMIC EAGLE LTD,Materials,2004-11-22,138033988,2026-10-01,Automic,AUTOMIC REGISTRY SERVICES,"LEVEL 5, 191 St Georges Terrace,, PERTH, WA, AUSTRALIA, 6000",(08) 9324 2099,2026-08-07
AEV,AVENIRA LIMITED,Materials,2006-10-10,38010628,2026-09-01,Automic,AUTOMIC REGISTRY SERVICES,"LEVEL 5, 191 St Georges Terrace,, PERTH, WA, AUSTRALIA, 6000",(08) 9324 2099,2026-08-07
AEVN,AVENIRA LIMITED,Materials,2006-10-10,,2026-09-04,,,,,2026-09-04
AFA,ASF GROUP LIMITED,Financial Services,1985-05-29,37216131,2026-10-01,Boardroom,BOARDROOM PTY LIMITED,"LEVEL 8, 210 GEORGE STREET, SYDNEY, NSW, AUSTRALIA, 2000",(02) 9290 9600,2026-08-07
AFG,AUSTRALIAN FINANCE GROUP LTD,Financial Services,2015-05-22,340518009,2026-10-01,MUFG Corporate Markets,MUFG CORPORATE MARKETS (AU) LIMITED,"Level 12 QV1 Building, 250 St Georges Terrace, PERTH, WA, AUSTRALIA, 6000",1300 554 474,2026-08-07
AFI,AUSTRALIAN FOUNDATION INVESTMENT COMPANY LIMITED,Not Applic,1962-06-30,8236292533,2026-10-01,MUFG Corporate Markets,MUFG CORPORATE MARKETS (AU) LIMITED,"LIBERTY PLACE, LEVEL 41, 161 CASTLEREAGH ST, SYDNEY, NSW, AUSTRALIA, 2000",1300 554 474,2026-08-07
AFL,AF LEGAL GROUP LTD,Commercial & Professional Services,2003-09-19,12982980,2026-10-01,Computershare,COMPUTERSHARE INVESTOR SERVICES PTY LIMITED,"Level 1, 200 Mary Street, BRISBANE, QLD, AUSTRALIA, 4000",1300 552 270,2026-08-07
AFP,AFT PHARMACEUTICALS LIMITED,"Pharmaceuticals, Biotechnology & Life Sciences",2015-12-22,361817577,2026-10-01,Computershare,COMPUTERSHARE INVESTOR SERVICES LIMITED,"LEVEL 2, 159 HURSTMERE ROAD, TAKAPUNA   AUCKLAND, NEW ZEALAND, 1039",(64) 9 488 8700,2026-08-07
AGC,AUSTRALIAN GOLD AND COPPER LTD,Materials,2021-01-20,42271143,2026-10-01,Computershare,COMPUTERSHARE INVESTOR SERVICES PTY LIMITED,"Level 17, 221 St Georges Terrace, PERTH, WA, AUSTRALIA, 6000",1300 850 505,2026-08-07
AGD,AUSTRAL GOLD LIMITED,Materials,1997-04-18,93534515,2026-10-01,Computershare,COMPUTERSHARE INVESTOR SERVICES PTY LIMITED,"Level 4, 44 Martin Place, SYDNEY, NSW, AUSTRALIA, 2000",02 8234 5000,2026-08-07
AGE,ALLIGATOR ENERGY LIMITED,Energy,2011-02-03,174013132,2026-10-01,Automic,AUTOMIC REGISTRY SERVICES,"Level 5, 126 Phillip Street, SYDNEY, NSW, AUSTRALIA, 2000",02 9698 5414,2026-08-07
AGI,AINSWORTH GAME TECHNOLOGY LIMITED,Consumer Services,2001-12-17,373841261,2026-10-01,Computershare,COMPUTERSHARE INVESTOR SERVICES PTY LIMITED,"Level 4, 44 Martin Place, SYDNEY, NSW, AUSTRALIA, 2000",02 8234 5000,2026-08-07
AGL,AGL ENERGY LIMITED.,Utilities,2006-10-12,5429070170,2026-10-01,Computershare,COMPUTERSHARE INVESTOR SERVICES PTY LIMITED,"Level 4, 44 Martin Place, SYDNEY, NSW, AUSTRALIA, 2000",02 8234 5000,2026-08-07
AGN,ARGENICA THERAPEUTICS LIMITED,"Pharmaceuticals, Biotechnology & Life Sciences",2021-06-11,17983940,2026-10-01,Automic,AUTOMIC REGISTRY SERVICES,"Level 5, 126 Phillip Street, SYDNEY, NSW, AUSTRALIA, 2000",02 9698 5414,2026-08-07
AGR,AGUIA RESOURCES LIMITED,Materials,2008-02-13,24000207,2026-10-01,MUFG Corporate Markets,MUFG CORPORATE MARKETS (AU) LIMITED,"LIBERTY PLACE, LEVEL 41, 161 CASTLEREAGH ST, SYDNEY, NSW, AUSTRALIA, 2000",1300 554 474,2026-08-07
AGT,ARBITR GROUP LIMITED,Media & Entertainment,2018-10-22,8364109,2026-10-01,,,,,2026-09-29
AGY,ARGOSY MINERALS LIMITED,Materials,1997-04-03,50430622,2026-10-01,Automic,AUTOMIC REGISTRY SERVICES,"LEVEL 5, 191 St Georges Terrace,, PERTH, WA, AUSTRALIA, 6000",(08) 9324 2099,2026-08-07
AHC,AUSTCO HEALTHCARE LIMITED,Health Care Equipment & Services,2004-09-24,91814064,2026-10-01,Computershare,COMPUTERSHARE INVESTOR SERVICES PTY LIMITED,"Yarra Falls, 452 Johnston Street, ABBOTSFORD, VIC, AUSTRALIA, 3067",03 9415 4000,2026-08-07
AHE,ADHERIS HEALTH LIMITED,Health Care Equipment & Services,2011-05-26,8293754,2026-10-01,Computershare,COMPUTERSHARE INVESTOR SERVICES PTY LIMITED,"Yarra Falls, 452 Johnston Street, ABBOTSFORD, VIC, AUSTRALIA, 3067",03 9415 4000,2026-08-07
AHF,AUSTRALIAN DAIRY NUTRITIONALS LIMITED,"Food, Beverage & Tobacco",2006-06-30,12598900,2026-10-01,MUFG Corporate Markets,MUFG CORPORATE MARKETS (AU) LIMITED,"Level 21, 10 Eagle Street, BRISBANE, QLD, AUSTRALIA, 4000",1300 554 474,2026-08-07
AHK,ARK MINES LIMITED,Materials,2011-05-09,23871628,2026-09-01,Computershare,COMPUTERSHARE INVESTOR SERVICES PTY LIMITED,"Level 17, 221 St Georges Terrace, PERTH, WA, AUSTRALIA, 6000",1300 850 505,2026-08-07
AHL,ADRAD HOLDINGS LIMITED,Automobiles & Components,2022-09-30,119542393,2026-10-01,Computershare,COMPUTERSHARE INVESTOR SERVICES PTY LIMITED,"Level 5, 115 Grenfell Street, ADELAIDE, SA, AUSTRALIA, 5000",08 8236 2300,2026-08-07
AHN,ATHENA RESOURCES LIMITED,Materials,2006-11-22,9265833,2026-10-01,Computershare,COMPUTERSHARE INVESTOR SERVICES PTY LIMITED,"Level 17, 221 St Georges Terrace, PERTH, WA, AUSTRALIA, 6000",1300 850 505,2026-08-07
AI1,ADISYN LTD,Software & Services,2020-11-10,129511936,2026-10-01,Xcend,XCEND PTY LTD,"Level 2,, 477 Pitt Street, HAYMARKET, NSW, AUSTRALIA, 2000",61 2 8591 8509,2026-08-07
AIA,AUCKLAND INTERNATIONAL AIRPORT LIMITED,Transportation,1999-02-22,11525788484,2026-10-01,MUFG Corporate Markets,MUFG CORPORATE MARKETS (AU) LIMITED,"LIBERTY PLACE, LEVEL 41, 161 CASTLEREAGH ST, SYDNEY, NSW, AUSTRALIA, 2000",1300 554 474,2026-08-07
AIH,ADVANCED INNERGY HOLDINGS LIMITED,Capital Goods,2025-10-31,177384309,2026-10-01,Boardroom,BOARDROOM PTY LIMITED,"LEVEL 8, 210 GEORGE STREET, SYDNEY, NSW, AUSTRALIA, 2000",(02) 9290 9600,2026-08-07
AIM,AI-MEDIA TECHNOLOGIES LIMITED,Software & Services,2020-09-15,47296567,2026-10-01,Computershare,COMPUTERSHARE INVESTOR SERVICES PTY LIMITED,"Level 4, 44 Martin Place, SYDNEY, NSW, AUSTRALIA, 2000",02 8234 5000,2026-08-07
AIQ,ALTERNATIVE INVESTMENT TRUST,Not Applic,2005-05-08,82466020,2026-10-01,MUFG Corporate Markets,MUFG CORPORATE MARKETS (AU) LIMITED,"LIBERTY PLACE, LEVEL 41, 161 CASTLEREAGH ST, SYDNEY, NSW, AUSTRALIA, 2000",1300 554 474,2026-08-07
AIS,AERIS RESOURCES LIMITED,Materials,2011-02-02,720346612,2026-10-01,Automic,AUTOMIC REGISTRY SERVICES,"Level 5, 126 Phillip Street, SYDNEY, NSW, AUSTRALIA, 2000",02 9698 5414,2026-08-26
AIV,ACTIVEX LIMITED,Materials,2006-04-11,5625278,2026-10-01,Boardroom,BOARDROOM PTY LIMITED,"LEVEL 8, 210 GEORGE STREET, SYDNEY, NSW, AUSTRALIA, 2000",(02) 9290 9600,2026-08-07
AIX,AI PRIVATE OPPORTUNITIES TRUST,Not Applic,2026-07-02,239993588,2026-10-01,Computershare,COMPUTERSHARE INVESTOR SERVICES PTY LIMITED,"Level 4, 44 Martin Place, SYDNEY, NSW, AUSTRALIA, 2000",02 8234 5000,2026-08-07
AIZ,AIR NEW ZEALAND LIMITED,Transportation,1997-10-01,1067075502,2026-10-01,MUFG Corporate Markets,MUFG CORPORATE MARKETS (AU) LIMITED,"LIBERTY PLACE, LEVEL 41, 161 CASTLEREAGH ST, SYDNEY, NSW, AUSTRALIA, 2000",1300 554 474,2026-08-07
AJL,AJ LUCAS GROUP LIMITED,Capital Goods,1999-08-10,8254378,2026-10-01,Computershare,COMPUTERSHARE INVESTOR SERVICES PTY LIMITED,"Level 5, 115 Grenfell Street, ADELAIDE, SA, AUSTRALIA, 5000",08 8236 2300,2026-08-07
AJX,ALEXIUM INTERNATIONAL GROUP LIMITED,Materials,1999-12-22,19005757,2026-10-01,Automic,AUTOMIC REGISTRY SERVICES,"Level 5, 126 Phillip Street, SYDNEY, NSW, AUSTRALIA, 2000",02 9698 5414,2026-08-07
AKA,AUREKA LIMITED,Materials,2011-03-31,28203105,2026-10-01,Boardroom,BOARDROOM PTY LIMITED,"LEVEL 8, 210 GEORGE STREET, SYDNEY, NSW, AUSTRALIA, 2000",(02) 9290 9600,2026-08-07
AKG,ACADEMIES AUSTRALASIA GROUP LIMITED,Consumer Services,1977-06-01,8933013,2026-10-01,Computershare,COMPUTERSHARE INVESTOR SERVICES PTY LIMITED,"Level 4, 44 Martin Place, SYDNEY, NSW, AUSTRALIA, 2000",02 8234 5000,2026-08-07
AKM,ASPIRE MINING LIMITED,Materials,2007-02-06,121832876,2026-10-01,Automic,AUTOMIC REGISTRY SERVICES,"LEVEL 5, 191 St Georges Terrace,, PERTH, WA, AUSTRALIA, 6000",(08) 9324 2099,2026-08-07
AKN,AUKING MINING LIMITED,Materials,2007-10-29,40376139,2026-10-01,Automic,AUTOMIC REGISTRY SERVICES,"Suite 5, Level 12, 530 Collins Street, MELBOURNE, VIC, AUSTRALIA, 3000",1300 288 664,2026-08-07
AKO,AKORA RESOURCES LIMITED,Materials,2020-12-15,17174200,2026-10-01,MUFG Corporate Markets,MUFG CORPORATE MARKETS (AU) LIMITED,"LIBERTY PLACE, LEVEL 41, 161 CASTLEREAGH ST, SYDNEY, NSW, AUSTRALIA, 2000",1300 554 474,2026-08-07
AL3,AML3D LIMITED,Capital Goods,2020-04-20,73767952,2026-10-01,Computershare,COMPUTERSHARE INVESTOR SERVICES PTY LIMITED,"Level 5, 115 Grenfell Street, ADELAIDE, SA, AUSTRALIA, 5000",08 8236 2300,2026-08-07
ALA,AROVELLA THERAPEUTICS LIMITED,"Pharmaceuticals, Biotechnology & Life Sciences",2002-01-24,56816037,2026-10-01,Automic,AUTOMIC REGISTRY SERVICES,"Suite 5, Level 12, 530 Collins Street, MELBOURNE, VIC, AUSTRALIA, 3000",1300 288 664,2026-08-07
ALB,ALBION RESOURCES LIMITED,Materials,2021-04-30,7985083,2026-10-10,,,,,2026-10-10
ALC,ALCIDION GROUP LIMITED,Health Care Equipment & Services,2011-06-24,141729541,2026-10-01,Computershare,COMPUTERSHARE INVESTOR SERVICES PTY LIMITED,"Level 5, 115 Grenfell Street, ADELAIDE, SA, AUSTRALIA, 5000",08 8236 2300,2026-08-07
ALD,AMPOL LIMITED,Energy,1980-12-31,10368524327,2026-10-01,MUFG Corporate Markets,MUFG CORPORATE MARKETS (AU) LIMITED,"LIBERTY PLACE, LEVEL 41, 161 CASTLEREAGH ST, SYDNEY, NSW, AUSTRALIA, 2000",1300 554 474,2026-08-07
ALI,ARGO GLOBAL LISTED INFRASTRUCTURE LIMITED,Not Applic,2015-07-03,473792944,2026-10-01,Boardroom,BOARDROOM PTY LIMITED,"LEVEL 8, 210 GEORGE STREET, SYDNEY, NSW, AUSTRALIA, 2000",(02) 9290 9600,2026-08-07
ALK,ALKANE RESOURCES LIMITED,Materials,1980-10-07,2534309943,2026-10-01,Computershare,COMPUTERSHARE INVESTOR SERVICES PTY LIMITED,"Level 17, 221 St Georges Terrace, PERTH, WA, AUSTRALIA, 6000",1300 850 505,2026-08-07
ALL,ARISTOCRAT LEISURE LIMITED,Consumer Services,1996-07-09,34989157670,2026-10-01,Boardroom,BOARDROOM PTY LIMITED,"LEVEL 8, 210 GEORGE STREET, SYDNEY, NSW, AUSTRALIA, 2000",(02) 9290 9600,2026-08-07
ALM,ALMA METALS LIMITED,Energy,2007-04-18,23713483,2026-10-01,MUFG Corporate Markets,MUFG CORPORATE MARKETS (AU) LIMITED,"LEVEL 4 CENTRAL PARK, 152 ST GEORGES TERRACE, PERTH, WA, AUSTRALIA, 6000",1300 554 474,2026-08-07
ALQ,ALS LIMITED,Commercial & Professional Services,1952-07-18,10506130847,2026-10-01,Boardroom,BOARDROOM PTY LIMITED,"LEVEL 8, 210 GEORGE STREET, SYDNEY, NSW, AUSTRALIA, 2000",(02) 9290 9600,2026-08-07
ALR,ALTAIR MINERALS LIMITED,Materials,2012-02-01,258528386,2026-10-01,Automic,AUTOMIC REGISTRY SERVICES,"Level 5, 126 Phillip Street, SYDNEY, NSW, AUSTRALIA, 2000",02 9698 5414,2026-08-07
ALU,ALURION RESOURCES LIMITED,Materials,2026-07-31,107239726,2026-10-01,Xcend,XCEND PTY LTD,"Level 2,, 477 Pitt Street, HAYMARKET, NSW, AUSTRALIA, 2000",61 2 8591 8509,2026-08-07
ALV,ALVO MINERALS LIMITED,Materials,2021-10-20,5739717,2026-10-01,Computershare,COMPUTERSHARE INVESTOR SERVICES PTY LIMITED,"Yarra Falls, 452 Johnston Street, ABBOTSFORD, VIC, AUSTRALIA, 3067",03 9415 4000,2026-08-07
ALX,ATLAS ARTERIA,Transportation,2010-01-25,5465135443,2026-10-01,Computershare,COMPUTERSHARE INVESTOR SERVICES PTY LIMITED,"Level 4, 44 Martin Place, SYDNEY, NSW, AUSTRALIA, 2000",02 8234 5000,2026-08-07
ALY,ALCHEMY RESOURCES LIMITED,Materials,2007-11-26,9504610,2026-09-01,Automic,AUTOMIC REGISTRY SERVICES,"LEVEL 5, 191 St Georges Terrace,, PERTH, WA, AUSTRALIA, 6000",(08) 9324 2099,2026-08-07
AM3,AMARA MINERALS LIMITED,Materials,2007-03-21,14012673,2026-10-01,Computershare,COMPUTERSHARE INVESTOR SERVICES PTY LIMITED,"Level 17, 221 St Georges Terrace, PERTH, WA, AUSTRALIA, 6000",1300 850 505,2026-08-07
AM5,ANTARES METALS LIMITED,Materials,2021-10-18,5350643,2026-10-01,Automic,AUTOMIC REGISTRY SERVICES,"LEVEL 5, 191 St Georges Terrace,, PERTH, WA, AUSTRALIA, 6000",(08) 9324 2099,2026-08-07
AM7,ARCADIA MINERALS LIMITED,Materials,2021-06-25,8340156,2026-10-01,Automic,AUTOMIC REGISTRY SERVICES,"LEVEL 5, 191 St Georges Terrace,, PERTH, WA, AUSTRALIA, 6000",(08) 9324 2099,2026-08-07
AMA,AMA GROUP LIMITED,Commercial & Professional Services,2006-08-31,230828685,2026-10-01,Computershare,COMPUTERSHARE INVESTOR SERVICES PTY LIMITED,"Yarra Falls, 452 Johnston Street, ABBOTSFORD, VIC, AUSTRALIA, 3067",03 9415 4000,2026-08-07
AMC,AMCOR PLC,Materials,1969-08-28,27851704366,2026-10-01,Computershare,COMPUTERSHARE INVESTOR SERVICES PTY LIMITED,"Yarra Falls, 452 Johnston Street, ABBOTSFORD, VIC, AUSTRALIA, 3067",03 9415 4000,2026-08-07
AMD,ARROW MINERALS LTD,Materials,2005-10-28,67928221,2026-10-01,Automic,AUTOMIC REGISTRY SERVICES,"Level 5, 126 Phillip Street, SYDNEY, NSW, AUSTRALIA, 2000",02 9698 5414,2026-08-07
AMH,AMCIL LIMITED,Not Applic,2000-02-10,279275703,2026-10-01,MUFG Corporate Markets,MUFG CORPORATE MARKETS (AU) LIMITED,"LIBERTY PLACE, LEVEL 41, 161 CASTLEREAGH ST, SYDNEY, NSW, AUSTRALIA, 2000",1300 554 474,2026-08-07
AMI,AURELIA METALS LIMITED,Materials,2007-05-08,748410617,2026-10-01,Automic,AUTOMIC REGISTRY SERVICES,"Level 5, 126 Phillip Street, SYDNEY, NSW, AUSTRALIA, 2000",02 9698 5414,2026-08-07
AMK,ALMASAR MINERALS LIMITED,Materials,2026-08-31,31050000,2026-10-01,Automic,AUTOMIC REGISTRY SERVICES,"LEVEL 5, 191 St Georges Terrace,, PERTH, WA, AUSTRALIA, 6000",(08) 9324 2099,2026-08-30
AMN,AGRIMIN LIMITED,Materials,2007-10-09,19106543,2026-10-01,Automic,AUTOMIC REGISTRY SERVICES,"LEVEL 5, 191 St Georges Terrace,, PERTH, WA, AUSTRALIA, 6000",(08) 9324 2099,2026-08-07
AMO,AMBERTECH LIMITED,Technology Hardware & Equipment,2004-12-10,7632383,2026-10-01,Boardroom,BOARDROOM PTY LIMITED,"LEVEL 8, 210 GEORGE STREET, SYDNEY, NSW, AUSTRALIA, 2000",(02) 9290 9600,2026-08-07
AMP,AMP LIMITED,Financial Services,1998-06-15,6077612908,2026-10-01,Computershare,COMPUTERSHARE INVESTOR SERVICES PTY LIMITED,"Level 4, 44 Martin Place, SYDNEY, NSW, AUSTRALIA, 2000",02 8234 5000,2026-08-07
AMS,ATOMOS LIMITED,Consumer Durables & Apparel,2018-12-28,19359144,2026-10-01,Boardroom,BOARDROOM PTY LIMITED,"LEVEL 8, 210 GEORGE STREET, SYDNEY, NSW, AUSTRALIA, 2000",(02) 9290 9600,2026-08-07
AMU,AMERICAN URANIUM LTD,Materials,2007-08-10,7295025,2026-10-01,Automic,AUTOMIC REGISTRY SERVICES,"Level 5, 126 Phillip Street, SYDNEY, NSW, AUSTRALIA, 2000",02 9698 5414,2026-08-07
AMX,AEROMETREX LIMITED,Commercial & Professional Services,2019-12-10,31821864,2026-10-01,Computershare,COMPUTERSHARE INVESTOR SERVICES PTY LIMITED,"Level 5, 115 Grenfell Street, ADELAIDE, SA, AUSTRALIA, 5000",08 8236 2300,2026-08-07
AN1,ANAGENICS LIMITED,"Pharmaceuticals, Biotechnology & Life Sciences",2005-12-09,5912705,2026-09-01,Automic,AUTOMIC REGISTRY SERVICES,"Level 5, 126 Phillip Street, SYDNEY, NSW, AUSTRALIA, 2000",02 9698 5414,2026-08-07
ANG,AUSTIN ENGINEERING LIMITED,Capital Goods,2004-03-09,96582185,2026-10-01,Computershare,COMPUTERSHARE INVESTOR SERVICES PTY LIMITED,"Level 17, 221 St Georges Terrace, PERTH, WA, AUSTRALIA, 6000",1300 850 505,2026-08-07
ANN,ANSELL LIMITED,Health Care Equipment & Services,1985-08-22,6225724681,2026-10-01,Computershare,COMPUTERSHARE INVESTOR SERVICES PTY LIMITED,"Yarra Falls, 452 Johnston Street, ABBOTSFORD, VIC, AUSTRALIA, 3067",03 9415 4000,2026-08-07
ANO,ADVANCE ZINCTEK LIMITED,Materials,2005-02-24,39174911,2026-10-01,Automic,AUTOMIC REGISTRY SERVICES,"Level 5, 126 Phillip Street, SYDNEY, NSW, AUSTRALIA, 2000",02 9698 5414,2026-08-07
ANR,ANATARA LIFESCIENCES LTD,"Pharmaceuticals, Biotechnology & Life Sciences",2014-10-16,2846794,2026-09-01,Computershare,COMPUTERSHARE INVESTOR SERVICES PTY LIMITED,"Level 1, 200 Mary Street, BRISBANE, QLD, AUSTRALIA, 4000",1300 552 270,2026-08-07
ANT,ANTIMONY RESOURCES LIMITED,Materials,1994-12-07,13710396,2026-10-01,,,,,2026-09-20
ANX,ANAX METALS LIMITED,Materials,2004-06-15,64512656,2026-10-01,Automic,AUTOMIC REGISTRY SERVICES,"LEVEL 5, 191 St Georges Terrace,, PERTH, WA, AUSTRALIA, 6000",(08) 9324 2099,2026-08-07
ANZ,ANZ GROUP HOLDINGS LIMITED,Banks,1969-09-30,112162060969,2026-10-01,Computershare,COMPUTERSHARE INVESTOR SERVICES PTY LIMITED,"Yarra Falls, 452 Johnston Street, ABBOTSFORD, VIC, AUSTRALIA, 3067",03 9415 4000,2026-08-07
AOA,AUSMON RESOURCES LIMITED,Materials,2009-03-31,1426513,2026-10-01,Boardroom,BOARDROOM PTY LIMITED,"LEVEL 8, 210 GEORGE STREET, SYDNEY, NSW, AUSTRALIA, 2000",(02) 9290 9600,2026-08-07
AOK,AUSTRALIAN OIL COMPANY LIMITED.,Energy,2005-10-11,7293177,2026-10-01,Automic,AUTOMIC REGISTRY SERVICES,"LEVEL 5, 191 St Georges Terrace,, PERTH, WA, AUSTRALIA, 6000",(08) 9324 2099,2026-08-07
AON,APOLLO MINERALS LIMITED,Materials,2007-10-31,81896934,2026-10-01,Automic,AUTOMIC REGISTRY SERVICES,"LEVEL 5, 191 St Georges Terrace,, PERTH, WA, AUSTRALIA, 6000",(08) 9324 2099,2026-08-07
AOV,AMOTIV LIMITED,Automobiles & Components,1962-06-30,753575286,2026-10-01,Computershare,COMPUTERSHARE INVESTOR SERVICES PTY LIMITED,"Yarra Falls, 452 Johnston Street, ABBOTSFORD, VIC, AUSTRALIA, 3067",03 9415 4000,2026-08-26
APA,APA GROUP,Utilities,2000-06-13,14114506127,2026-10-01,MUFG Corporate Markets,MUFG CORPORATE MARKETS (AU) LIMITED,"LIBERTY PLACE, LEVEL 41, 161 CASTLEREAGH ST, SYDNEY, NSW, AUSTRALIA, 2000",1300 554 474,2026-08-07
APC,APC MINERALS LIMITED,Materials,2011-12-20,5873007,2026-10-01,Automic,AUTOMIC REGISTRY SERVICES,"LEVEL 5, 191 St Georges Terrace,, PERTH, WA, AUSTRALIA, 6000",(08) 9324 2099,2026-08-07
APE,EAGERS AUTOMOTIVE LIMITED,Consumer Discretionary Distribution & Retail,1957-04-17,5064115963,2026-10-01,Computershare,COMPUTERSHARE INVESTOR SERVICES PTY LIMITED,"Level 1, 200 Mary Street, BRISBANE, QLD, AUSTRALIA, 4000",1300 552 270,2026-08-07
APL,ASSOCIATE GLOBAL PARTNERS LIMITED,Financial Services,2004-09-30,17809328,2026-10-01,MUFG Corporate Markets,MUFG CORPORATE MARKETS (AU) LIMITED,"LIBERTY PLACE, LEVEL 41, 161 CASTLEREAGH ST, SYDNEY, NSW, AUSTRALIA, 2000",1300 554 474,2026-08-07
APW,AIMS PROPERTY SECURITIES FUND,Equity Real Estate Investment Trusts (REITs),2004-12-17,173624424,2026-09-01,Computershare,COMPUTERSHARE INVESTOR SERVICES PTY LIMITED,"Yarra Falls, 452 Johnston Street, ABBOTSFORD, VIC, AUSTRALIA, 3067",03 9415 4000,2026-08-07
APX,APPEN LIMITED,Software & Services,2015-01-07,312830050,2026-10-01,MUFG Corporate Markets,MUFG CORPORATE MARKETS (AU) LIMITED,"LIBERTY PLACE, LEVEL 41, 161 CASTLEREAGH ST, SYDNEY, NSW, AUSTRALIA, 2000",1300 554 474,2026-08-07
APZ,ASPEN GROUP,Equity Real Estate Investment Trusts (REITs),1991-04-11,974245435,2026-10-01,Automic,AUTOMIC REGISTRY SERVICES,"Level 5, 126 Phillip Street, SYDNEY, NSW, AUSTRALIA, 2000",02 9698 5414,2026-08-07
AQC,AUSTRALIAN PACIFIC COAL LIMITED,Materials,1999-12-17,,2026-08-07,MUFG Corporate Markets,MUFG CORPORATE MARKETS (AU) LIMITED,"Level 21, 10 Eagle Street, BRISBANE, QLD, AUSTRALIA, 4000",1300 554 474,2026-08-07
AQD,AUSQUEST LIMITED,Materials,2003-11-25,68993568,2026-10-01,Automic,AUTOMIC REGISTRY SERVICES,"Level 5, 126 Phillip Street, SYDNEY, NSW, AUSTRALIA, 2000",02 9698 5414,2026-08-07
AQN,AQUIRIAN LIMITED,Commercial & Professional Services,2021-07-27,49426906,2026-10-01,Automic,AUTOMIC REGISTRY SERVICES,"LEVEL 5, 191 St Georges Terrace,, PERTH, WA, AUSTRALIA, 6000",(08) 9324 2099,2026-08-07
AQX,ALICE QUEEN LIMITED,Materials,2004-09-09,16244097,2026-08-26,Computershare,COMPUTERSHARE INVESTOR SERVICES PTY LIMITED,"Level 1, 200 Mary Street, BRISBANE, QLD, AUSTRALIA, 4000",1300 552 270,2026-08-26
AQZ,ALLIANCE AVIATION SERVICES LIMITED,Transportation,2011-12-20,111359726,2026-10-01,MUFG Corporate Markets,MUFG CORPORATE MARKETS (AU) LIMITED,"Level 21, 10 Eagle Street, BRISBANE, QLD, AUSTRALIA, 4000",1300 554 474,2026-08-07
AR1,AUSTRAL RESOURCES AUSTRALIA LTD,Materials,2021-11-03,196459387,2026-10-01,Automic,AUTOMIC REGISTRY SERVICES,"LEVEL 5, 191 St Georges Terrace,, PERTH, WA, AUSTRALIA, 6000",(08) 9324 2099,2026-08-07
AR3,AUSTRALIAN RARE EARTHS LIMITED,Materials,2021-07-01,25687978,2026-10-01,Automic,AUTOMIC REGISTRY SERVICES,"Level 5, 126 Phillip Street, SYDNEY, NSW, AUSTRALIA, 2000",02 9698 5414,2026-08-07
AR9,ARCHTIS LIMITED,Software & Services,2018-09-21,36283980,2026-10-01,Automic,AUTOMIC REGISTRY SERVICES,"LEVEL 5, 191 St Georges Terrace,, PERTH, WA, AUSTRALIA, 6000",(08) 9324 2099,2026-08-07
ARA,ARIADNE AUSTRALIA LIMITED,Commercial & Professional Services,1982-10-12,85855761,2026-10-01,Computershare,COMPUTERSHARE INVESTOR SERVICES PTY LIMITED,"Level 4, 44 Martin Place, SYDNEY, NSW, AUSTRALIA, 2000",02 8234 5000,2026-08-07
ARB,ARB CORPORATION LIMITED.,Automobiles & Components,1987-06-26,1480783363,2026-10-01,Computershare,COMPUTERSHARE INVESTOR SERVICES PTY LIMITED,"Yarra Falls, 452 Johnston Street, ABBOTSFORD, VIC, AUSTRALIA, 3067",03 9415 4000,2026-08-07
ARC,ARC FUNDS LIMITED,Financial Services,2000-04-14,5130268,2026-10-01,Registry Direct,REGISTRY DIRECT,"120 Collins St, MELBOURNE, VIC, AUSTRALIA, 3000",1300 556 635,2026-08-07
ARD,ARGENT MINERALS LIMITED,Materials,2008-04-03,35754037,2026-10-01,,,,,2026-10-10
ARF,ARENA REIT.,Equity Real Estate Investment Trusts (REITs),2013-06-13,829632182,2026-10-01,Boardroom,BOARDROOM PTY LIMITED,"LEVEL 8, 210 GEORGE STREET, SYDNEY, NSW, AUSTRALIA, 2000",(02) 9290 9600,2026-08-07
ARG,ARGO INVESTMENTS LIMITED,Not Applic,1963-03-31,6832531811,2026-10-01,Boardroom,BOARDROOM PTY LIMITED,"LEVEL 8, 210 GEORGE STREET, SYDNEY, NSW, AUSTRALIA, 2000",(02) 9290 9600,2026-08-07
ARI,ARIKA RESOURCES LIMITED,Materials,2005-12-21,49329435,2026-10-01,Automic,AUTOMIC REGISTRY SERVICES,"LEVEL 5, 191 St Georges Terrace,, PERTH, WA, AUSTRALIA, 6000",(08) 9324 2099,2026-08-07
ARL,ARDEA RESOURCES LIMITED,Materials,2017-02-09,86787072,2026-10-01,Automic,AUTOMIC REGISTRY SERVICES,"LEVEL 5, 191 St Georges Terrace,, PERTH, WA, AUSTRALIA, 6000",(08) 9324 2099,2026-08-07
ARN,ALDORO RESOURCES LIMITED,Materials,2018-09-13,55824888,2026-10-01,Automic,AUTOMIC REGISTRY SERVICES,"LEVEL 5, 191 St Georges Terrace,, PERTH, WA, AUSTRALIA, 6000",(08) 9324 2099,2026-08-07
ARO,ALTORO METALS LIMITED,Materials,1987-08-20,8801822,2026-10-01,Automic,AUTOMIC REGISTRY SERVICES,"LEVEL 5, 191 St Georges Terrace,, PERTH, WA, AUSTRALIA, 6000",(08) 9324 2099,2026-08-07
ARR,AMERICAN RARE EARTHS LIMITED,Materials,2011-02-17,195173613,2026-10-01,Computershare,COMPUTERSHARE INVESTOR SERVICES PTY LIMITED,"Level 5, 115 Grenfell Street, ADELAIDE, SA, AUSTRALIA, 5000",08 8236 2300,2026-08-07
ART,AIRTASKER LIMITED,Media & Entertainment,2021-03-23,93003576,2026-10-01,Automic,AUTOMIC REGISTRY SERVICES,"Level 5, 126 Phillip Street, SYDNEY, NSW, AUSTRALIA, 2000",02 9698 5414,2026-08-07
ARU,ARAFURA RARE EARTHS LTD,Materials,2003-11-05,1032526274,2026-10-01,MUFG Corporate Markets,MUFG CORPORATE MARKETS (AU) LIMITED,"Level 12 QV1 Building, 250 St Georges Terrace, PERTH, WA, AUSTRALIA, 6000",1300 554 474,2026-08-07
ARV,ARTEMIS RESOURCES LIMITED,Materials,2007-03-16,17406195,2026-10-01,Automic,AUTOMIC REGISTRY SERVICES,"LEVEL 5, 191 St Georges Terrace,, PERTH, WA, AUSTRALIA, 6000",(08) 9324 2099,2026-08-07
ARX,AROA BIOSURGERY LIMITED,"Pharmaceuticals, Biotechnology & Life Sciences",2020-07-24,169492300,2026-10-01,Automic,AUTOMIC REGISTRY SERVICES,"Level 5, 126 Phillip Street, SYDNEY, NSW, AUSTRALIA, 2000",02 9698 5414,2026-08-07
AS1,ASARA RESOURCES LIMITED,Materials,1987-08-13,282602450,2026-10-01,Computershare,COMPUTERSHARE INVESTOR SERVICES PTY LIMITED,"Level 17, 221 St Georges Terrace, PERTH, WA, AUSTRALIA, 6000",1300 850 505,2026-08-07
AS2,ASKARI METALS LIMITED,Materials,2021-07-07,6926763,2026-10-01,Automic,AUTOMIC REGISTRY SERVICES,"LEVEL 5, 191 St Georges Terrace,, PERTH, WA, AUSTRALIA, 6000",(08) 9324 2099,2026-08-07
ASB,AUSTAL LIMITED,Capital Goods,1998-12-08,1819139854,2026-10-01,MUFG Corporate Markets,MUFG CORPORATE MARKETS (AU) LIMITED,"Level 12 QV1 Building, 250 St Georges Terrace, PERTH, WA, AUSTRALIA, 6000",1300 554 474,2026-08-07
ASG,AUTOSPORTS GROUP LIMITED.,Consumer Discretionary Distribution & Retail,2016-11-16,243301883,2026-10-01,MUFG Corporate Markets,MUFG CORPORATE MARKETS (AU) LIMITED,"LIBERTY PLACE, LEVEL 41, 161 CASTLEREAGH ST, SYDNEY, NSW, AUSTRALIA, 2000",1300 554 474,2026-08-07
ASH,ASHLEY SERVICES GROUP LIMITED,Commercial & Professional Services,2014-08-21,45315651,2026-10-01,MUFG Corporate Markets,MUFG CORPORATE MARKETS (AU) LIMITED,"LEVEL 4 CENTRAL PARK, 152 ST GEORGES TERRACE, PERTH, WA, AUSTRALIA, 6000",1300 554 474,2026-08-07
ASL,ANDEAN SILVER LIMITED,Materials,2021-09-30,410892591,2026-10-01,Computershare,COMPUTERSHARE INVESTOR SERVICES PTY LIMITED,"Level 17, 221 St Georges Terrace, PERTH, WA, AUSTRALIA, 6000",1300 850 505,2026-08-07
ASN,ANSON RESOURCES LIMITED,Materials,2010-07-08,68192096,2026-10-01,Automic,AUTOMIC REGISTRY SERVICES,"Level 5, 126 Phillip Street, SYDNEY, NSW, AUSTRALIA, 2000",02 9698 5414,2026-08-07
ASP,ASPERMONT LIMITED.,Media & Entertainment,2000-04-27,14813424,2026-10-01,Automic,AUTOMIC REGISTRY SERVICES,"LEVEL 5, 191 St Georges Terrace,, PERTH, WA, AUSTRALIA, 6000",(08) 9324 2099,2026-08-07
ASQ,AUSTRALIAN SILICA QUARTZ GROUP LTD,Materials,2007-10-22,7129126,2026-10-01,Automic,AUTOMIC REGISTRY SERVICES,"LEVEL 5, 191 St Georges Terrace,, PERTH, WA, AUSTRALIA, 6000",(08) 9324 2099,2026-08-07
ASV,ASSET VISION CO LTD,Commercial & Professional Services,2013-12-02,33800020,2026-10-01,Boardroom,BOARDROOM PTY LIMITED,"LEVEL 8, 210 GEORGE STREET, SYDNEY, NSW, AUSTRALIA, 2000",(02) 9290 9600,2026-08-07
ASX,ASX LIMITED,Financial Services,1998-10-14,11467986418,2026-10-01,MUFG Corporate Markets,MUFG CORPORATE MARKETS,"LIBERTY PLACE, LEVEL 41, 161 CASTLEREAGH ST, SYDNEY, NSW, AUSTRALIA, 2000",1300 554 474,2026-08-07
AT1,ATOMO DIAGNOSTICS LIMITED,Health Care Equipment & Services,2020-04-16,16243791,2026-09-01,Boardroom,BOARDROOM PTY LIMITED,"LEVEL 8, 210 GEORGE STREET, SYDNEY, NSW, AUSTRALIA, 2000",(02) 9290 9600,2026-08-07
AT4,AMERICAN TUNGSTEN & ANTIMONY LTD,Materials,2019-10-03,98244231,2026-10-01,Automic,AUTOMIC REGISTRY SERVICES,"LEVEL 5, 191 St Georges Terrace,, PERTH, WA, AUSTRALIA, 6000",(08) 9324 2099,2026-08-31
ATA,ATTURRA LIMITED,Software & Services,2021-12-22,139874345,2026-10-01,Computershare,COMPUTERSHARE INVESTOR SERVICES PTY LIMITED,"Level 4, 44 Martin Place, SYDNEY, NSW, AUSTRALIA, 2000",02 8234 5000,2026-08-07
ATC,ALTECH BATTERIES LTD,Materials,2010-01-27,,2026-10-01,Automic,AUTOMIC REGISTRY SERVICES,"LEVEL 5, 191 St Georges Terrace,, PERTH, WA, AUSTRALIA, 6000",(08) 9324 2099,2026-08-07
ATG,ARTICORE GROUP LIMITED,Consumer Discretionary Distribution & Retail,2016-05-16,102786255,2026-10-01,Boardroom,BOARDROOM PTY LIMITED,"LEVEL 8, 210 GEORGE STREET, SYDNEY, NSW, AUSTRALIA, 2000",(02) 9290 9600,2026-08-07
ATH,ALTERITY THERAPEUTICS LIMITED,"Pharmaceuticals, Biotechnology & Life Sciences",2000-03-28,93951846,2026-10-01,Automic,AUTOMIC REGISTRY SERVICES,"LEVEL 5, 191 St Georges Terrace,, PERTH, WA, AUSTRALIA, 6000",(08) 9324 2099,2026-08-07
ATM,PT ANTAM (PERSERO) TBK,Materials,1999-08-09,5384351385,2026-10-01,Computershare,COMPUTERSHARE INVESTOR SERVICES PTY LIMITED,"Level 4, 44 Martin Place, SYDNEY, NSW, AUSTRALIA, 2000",02 8234 5000,2026-08-07
ATP,ATLAS PEARLS LTD,Consumer Durables & Apparel,1993-12-31,36440534,2026-10-01,Computershare,COMPUTERSHARE INVESTOR SERVICES PTY LIMITED,"Level 17, 221 St Georges Terrace, PERTH, WA, AUSTRALIA, 6000",1300 850 505,2026-08-07
ATR,ASTRON LIMITED,Materials,1983-11-11,232171053,2026-10-01,Computershare,COMPUTERSHARE INVESTOR SERVICES PTY LIMITED,"Level 4, 44 Martin Place, SYDNEY, NSW, AUSTRALIA, 2000",02 8234 5000,2026-08-07
ATS,AUSTRALIS OIL & GAS LIMITED,Energy,2016-07-25,43296873,2026-10-01,Computershare,COMPUTERSHARE INVESTOR SERVICES PTY LIMITED,"Level 17, 221 St Georges Terrace, PERTH, WA, AUSTRALIA, 6000",1300 850 505,2026-08-07
ATT,ALTITUDE MINERALS LTD,Materials,2021-09-15,2052139,2026-10-01,Automic,AUTOMIC REGISTRY SERVICES,"LEVEL 5, 191 St Georges Terrace,, PERTH, WA, AUSTRALIA, 6000",(08) 9324 2099,2026-08-07
ATV,ACTIVEPORT GROUP LTD,Software & Services,2021-10-20,13868815,2026-10-01,Computershare,COMPUTERSHARE INVESTOR SERVICES PTY LIMITED,"Level 17, 221 St Georges Terrace, PERTH, WA, AUSTRALIA, 6000",1300 850 505,2026-08-07
ATX,AMPLIA THERAPEUTICS LIMITED,"Pharmaceuticals, Biotechnology & Life Sciences",2013-12-23,59030882,2026-10-01,Computershare,COMPUTERSHARE INVESTOR SERVICES PTY LIMITED,"Yarra Falls, 452 Johnston Street, ABBOTSFORD, VIC, AUSTRALIA, 3067",03 9415 4000,2026-08-07
AU1,THE AGENCY GROUP AUSTRALIA LTD,Real Estate Management & Development,2007-12-18,13187298,2026-10-01,Automic,AUTOMIC REGISTRY SERVICES,"Level 5, 126 Phillip Street, SYDNEY, NSW, AUSTRALIA, 2000",02 9698 5414,2026-08-07
AUA,AUDEARA LIMITED,Consumer Durables & Apparel,2021-05-18,4484818,2026-10-01,Computershare,COMPUTERSHARE INVESTOR SERVICES PTY LIMITED,"Yarra Falls, 452 Johnston Street, ABBOTSFORD, VIC, AUSTRALIA, 3067",03 9415 4000,2026-08-07
AUB,AUB GROUP LIMITED,Insurance,2005-11-16,3425394356,2026-10-01,MUFG Corporate Markets,MUFG CORPORATE MARKETS (AU) LIMITED,"LIBERTY PLACE, LEVEL 41, 161 CASTLEREAGH ST, SYDNEY, NSW, AUSTRALIA, 2000",1300 554 474,2026-08-07
AUC,AUSGOLD LIMITED,Materials,2009-12-16,722908390,2026-10-01,Automic,AUTOMIC REGISTRY SERVICES,"LEVEL 5, 191 St Georges Terrace,, PERTH, WA, AUSTRALIA, 6000",(08) 9324 2099,2026-08-07
AUE,AURUM RESOURCES LIMITED,Materials,2021-11-02,263299717,2026-10-01,Automic,AUTOMIC REGISTRY SERVICES,"LEVEL 5, 191 St Georges Terrace,, PERTH, WA, AUSTRALIA, 6000",(08) 9324 2099,2026-08-07
AUG,AUGUSTUS MINERALS LIMITED,Materials,2023-05-25,10754379,2026-10-01,Automic,AUTOMIC REGISTRY SERVICES,"LEVEL 5, 191 St Georges Terrace,, PERTH, WA, AUSTRALIA, 6000",(08) 9324 2099,2026-08-07
AUI,AUSTRALIAN UNITED INVESTMENT COMPANY LIMITED,Not Applic,1974-01-01,2565991621,2026-10-01,MUFG Corporate Markets,MUFG CORPORATE MARKETS (AU) LIMITED,"LIBERTY PLACE, LEVEL 41, 161 CASTLEREAGH ST, SYDNEY, NSW, AUSTRALIA, 2000",1300 554 474,2026-08-07
AUQ,ALARA RESOURCES LIMITED,Materials,2007-05-24,69266249,2026-10-01,Automic,AUTOMIC REGISTRY SERVICES,"Level 5, 126 Phillip Street, SYDNEY, NSW, AUSTRALIA, 2000",02 9698 5414,2026-08-07
AUR,AURIS MINERALS LIMITED,Materials,2001-03-15,20586015,2026-10-01,Automic,AUTOMIC REGISTRY SERVICES,"LEVEL 5, 191 St Georges Terrace,, PERTH, WA, AUSTRALIA, 6000",(08) 9324 2099,2026-08-07
AUV,AURAVELLE METALS LIMITED,Materials,1990-08-23,6929107,2026-10-01,Automic,AUTOMIC REGISTRY SERVICES,"LEVEL 5, 191 St Georges Terrace,, PERTH, WA, AUSTRALIA, 6000",(08) 9324 2099,2026-08-07
AUZ,AUSTRALIAN MINES LIMITED,Materials,2001-09-28,66040136,2026-10-01,Automic,AUTOMIC REGISTRY SERVICES,"Level 5, 126 Phillip Street, SYDNEY, NSW, AUSTRALIA, 2000",02 9698 5414,2026-08-07
AV1,ADVERITAS LIMITED,Software & Services,2012-12-18,58379494,2026-10-01,Computershare,COMPUTERSHARE INVESTOR SERVICES PTY LIMITED,"Level 17, 221 St Georges Terrace, PERTH, WA, AUSTRALIA, 6000",1300 850 505,2026-08-07
AVA,AVA RISK GROUP LIMITED,Technology Hardware & Equipment,2015-05-11,11935062,2026-10-01,Boardroom,BOARDROOM PTY LIMITED,"LEVEL 8, 210 GEORGE STREET, SYDNEY, NSW, AUSTRALIA, 2000",(02) 9290 9600,2026-08-07
AVD,AVADA GROUP LIMITED,Commercial & Professional Services,2021-12-17,7644152,2026-10-01,MUFG Corporate Markets,MUFG CORPORATE MARKETS (AU) LIMITED,"LIBERTY PLACE, LEVEL 41, 161 CASTLEREAGH ST, SYDNEY, NSW, AUSTRALIA, 2000",1300 554 474,2026-08-26
AVE,AVECHO BIOTECHNOLOGY LIMITED,"Pharmaceuticals, Biotechnology & Life Sciences",1993-08-09,69547066,2026-10-01,Computershare,COMPUTERSHARE INVESTOR SERVICES PTY LIMITED,"Yarra Falls, 452 Johnston Street, ABBOTSFORD, VIC, AUSTRALIA, 3067",03 9415 4000,2026-08-07
AVG,AUSTRALIAN VINTAGE LTD,"Food, Beverage & Tobacco",1992-03-26,27345423,2026-10-01,Computershare,COMPUTERSHARE INVESTOR SERVICES PTY LIMITED,"Level 5, 115 Grenfell Street, ADELAIDE, SA, AUSTRALIA, 5000",08 8236 2300,2026-08-07
AVH,AVITA MEDICAL INC.,"Pharmaceuticals, Biotechnology & Life Sciences",2020-06-24,486671098,2026-10-01,Computershare,COMPUTERSHARE INVESTOR SERVICES PTY LIMITED,"Level 17, 221 St Georges Terrace, PERTH, WA, AUSTRALIA, 6000",1300 850 505,2026-08-07
AVL,AUSTRALIAN VANADIUM LIMITED,Materials,2007-02-21,82067628,2026-10-01,Automic,AUTOMIC REGISTRY SERVICES,"LEVEL 5, 191 St Georges Terrace,, PERTH, WA, AUSTRALIA, 6000",(08) 9324 2099,2026-08-07
AVM,ADVANCE METALS LIMITED,Materials,2007-12-20,23284860,2026-10-01,Boardroom,BOARDROOM PTY LIMITED,"LEVEL 8, 210 GEORGE STREET, SYDNEY, NSW, AUSTRALIA, 2000",(02) 9290 9600,2026-08-07
AVR,ANTERIS TECHNOLOGIES GLOBAL CORP.,Health Care Equipment & Services,2004-03-24,1074377588,2026-10-01,Computershare,COMPUTERSHARE INVESTOR SERVICES PTY LIMITED,"Level 17, 221 St Georges Terrace, PERTH, WA, AUSTRALIA, 6000",1300 850 505,2026-08-07
AVW,AVIRA RESOURCES LTD,Materials,2013-01-09,4025000,2026-08-07,Computershare,COMPUTERSHARE INVESTOR SERVICES PTY LIMITED,"Level 1, 200 Mary Street, BRISBANE, QLD, AUSTRALIA, 4000",1300 552 270,2026-08-07
AW1,AMERICAN WEST METALS LIMITED,Materials,2021-12-13,40575812,2026-10-01,Automic,AUTOMIC REGISTRY SERVICES,"LEVEL 5, 191 St Georges Terrace,, PERTH, WA, AUSTRALIA, 6000",(08) 9324 2099,2026-08-26
AWJ,AURIC MINING LIMITED,Materials,2021-02-12,40397124,2026-10-01,Computershare,COMPUTERSHARE INVESTOR SERVICES PTY LIMITED,"Level 17, 221 St Georges Terrace, PERTH, WA, AUSTRALIA, 6000",1300 850 505,2026-08-07
AX1,ACCENT GROUP LIMITED,Consumer Discretionary Distribution & Retail,2004-07-07,396782545,2026-10-01,Computershare,COMPUTERSHARE INVESTOR SERVICES PTY LIMITED,"Level 4, 44 Martin Place, SYDNEY, NSW, AUSTRALIA, 2000",02 8234 5000,2026-08-07
AX8,ACCELERATE RESOURCES LIMITED,Materials,2018-02-14,7055944,2026-10-01,Xcend,XCEND PTY LTD,"Level 2,, 477 Pitt Street, HAYMARKET, NSW, AUSTRALIA, 2000",61 2 8591 8509,2026-08-07
AXE,ARCHER MATERIALS LIMITED,Semiconductors & Semiconductor Equipment,2007-08-14,46910122,2026-10-01,Computershare,COMPUTERSHARE INVESTOR SERVICES PTY LIMITED,"Level 5, 115 Grenfell Street, ADELAIDE, SA, AUSTRALIA, 5000",08 8236 2300,2026-08-07
AXI,AXTEC LIMITED,Real Estate Management & Development,1997-01-31,4364909,2026-10-01,Computershare,COMPUTERSHARE INVESTOR SERVICES PTY LIMITED,"Level 5, 115 Grenfell Street, ADELAIDE, SA, AUSTRALIA, 5000",08 8236 2300,2026-08-07
AXL,AXEL REE LIMITED,Materials,2024-07-23,12316814,2026-10-01,Automic,AUTOMIC REGISTRY SERVICES,"Level 5, 126 Phillip Street, SYDNEY, NSW, AUSTRALIA, 2000",02 9698 5414,2026-08-07
AXN,ALLIANCE NICKEL LIMITED,Materials,1980-08-21,26564608,2026-10-01,Computershare,COMPUTERSHARE INVESTOR SERVICES PTY LIMITED,"Level 17, 221 St Georges Terrace, PERTH, WA, AUSTRALIA, 6000",1300 850 505,2026-08-07
AXP,AXP ENERGY LIMITED,Energy,2006-07-20,2248668,2026-10-01,Boardroom,BOARDROOM PTY LIMITED,"LEVEL 8, 210 GEORGE STREET, SYDNEY, NSW, AUSTRALIA, 2000",(02) 9290 9600,2026-08-07
AXQ,"AURA CONSOLIDATED GROUP, INC.",Class Pend,2026-07-09,884881407,2026-10-01,Computershare,COMPUTERSHARE INVESTOR SERVICES PTY LIMITED,"Yarra Falls, 452 Johnston Street, ABBOTSFORD, VIC, AUSTRALIA, 3067",03 9415 4000,2026-08-07
AXR,AXIANT RESOURCES LIMITED,Materials,2026-09-02,10200000,2026-10-01,,,,,2026-09-01
AYA,ARTRYA LIMITED,Health Care Equipment & Services,2021-11-26,560577310,2026-10-01,Automic,AUTOMIC REGISTRY SERVICES,"LEVEL 5, 191 St Georges Terrace,, PERTH, WA, AUSTRALIA, 6000",(08) 9324 2099,2026-08-07
AYM,AUSTRALIA UNITED MINING LIMITED,Materials,2011-09-19,3685155,2026-08-07,Computershare,COMPUTERSHARE INVESTOR SERVICES PTY LIMITED,"Yarra Falls, 452 Johnston Street, ABBOTSFORD, VIC, AUSTRALIA, 3067",03 9415 4000,2026-08-07
AYT,AUSTIN METALS LIMITED,Materials,2011-07-06,4384383,2026-10-01,Automic,AUTOMIC REGISTRY SERVICES,"Level 5, 126 Phillip Street, SYDNEY, NSW, AUSTRALIA, 2000",02 9698 5414,2026-08-07
AZ9,AZZURO RESOURCES PLC,Materials,2017-09-29,10668715,2026-10-01,Computershare,COMPUTERSHARE INVESTOR SERVICES PTY LIMITED,"Level 17, 221 St Georges Terrace, PERTH, WA, AUSTRALIA, 6000",1300 850 505,2026-08-07
AZI,ALTAMIN LIMITED,Materials,2009-12-24,21470582,2026-09-01,Automic,AUTOMIC REGISTRY SERVICES,"LEVEL 5, 191 St Georges Terrace,, PERTH, WA, AUSTRALIA, 6000",(08) 9324 2099,2026-08-07
AZJ,AURIZON HOLDINGS LIMITED,Transportation,2010-11-22,6160904656,2026-09-01,Computershare,COMPUTERSHARE INVESTOR SERVICES PTY LIMITED,"Level 1, 200 Mary Street, BRISBANE, QLD, AUSTRALIA, 4000",1300 552 270,2026-08-07
AZY,ANTIPA MINERALS LIMITED,Materials,2011-04-20,357938693,2026-10-01,Computershare,COMPUTERSHARE INVESTOR SERVICES PTY LIMITED,"Level 17, 221 St Georges Terrace, PERTH, WA, AUSTRALIA, 6000",1300 850 505,2026-08-07
B4P,BEFOREPAY GROUP LIMITED,Financial Services,2022-01-17,81785109,2026-10-01,Automic,AUTOMIC REGISTRY SERVICES,"Level 5, 126 Phillip Street, SYDNEY, NSW, AUSTRALIA, 2000",02 9698 5414,2026-08-07
BAK,BARKLY RARE EARTHS LIMITED,Materials,2026-01-30,19093750,2026-10-01,Automic,AUTOMIC REGISTRY SERVICES,"LEVEL 5, 191 St Georges Terrace,, PERTH, WA, AUSTRALIA, 6000",(08) 9324 2099,2026-08-07
BAP,BAPCOR LIMITED,Consumer Discretionary Distribution & Retail,2014-04-24,561748820,2026-10-01,Computershare,COMPUTERSHARE INVESTOR SERVICES PTY LIMITED,"Yarra Falls, 452 Johnston Street, ABBOTSFORD, VIC, AUSTRALIA, 3067",03 9415 4000,2026-08-07
BAS,BASS OIL LIMITED,Energy,2004-09-30,23121375,2026-10-01,MUFG Corporate Markets,MUFG CORPORATE MARKETS (AU) LIMITED,"Tower 4, 727 Collins Street, DOCKLANDS, VIC, AUSTRALIA, 3008",1300 554 474,2026-08-07
BB1,BLINKLAB LIMITED,Health Care Equipment & Services,2024-04-04,114611493,2026-10-01,Automic,AUTOMIC REGISTRY SERVICES,"Level 5, 126 Phillip Street, SYDNEY, NSW, AUSTRALIA, 2000",02 9698 5414,2026-08-07
BBC,BNK BANKING CORPORATION LIMITED,Banks,2012-05-22,30882808,2026-10-01,Automic,AUTOMIC REGISTRY SERVICES,"Level 5, 126 Phillip Street, SYDNEY, NSW, AUSTRALIA, 2000",02 9698 5414,2026-08-07
BBL,BRISBANE BRONCOS LIMITED,Media & Entertainment,1989-05-12,156865011,2026-10-01,Computershare,COMPUTERSHARE INVESTOR SERVICES PTY LIMITED,"Level 1, 200 Mary Street, BRISBANE, QLD, AUSTRALIA, 4000",1300 552 270,2026-08-07
BBN,BABY BUNTING GROUP LIMITED,Consumer Discretionary Distribution & Retail,2015-10-14,144370313,2026-10-01,Computershare,COMPUTERSHARE INVESTOR SERVICES PTY LIMITED,"Yarra Falls, 452 Johnston Street, ABBOTSFORD, VIC, AUSTRALIA, 3067",03 9415 4000,2026-08-07
BBT,BETR ENTERTAINMENT LIMITED,Consumer Services,2021-07-02,183667053,2026-10-01,Boardroom,BOARDROOM PTY LIMITED,"LEVEL 8, 210 GEORGE STREET, SYDNEY, NSW, AUSTRALIA, 2000",(02) 9290 9600,2026-08-07
BC8,BLACK CAT SYNDICATE LIMITED,Materials,2018-01-30,506640890,2026-10-01,Computershare,COMPUTERSHARE INVESTOR SERVICES PTY LIMITED,"Level 17, 221 St Georges Terrace, PERTH, WA, AUSTRALIA, 6000",1300 850 505,2026-08-31
BCA,BLACK CANYON LIMITED,Materials,2021-05-05,56142824,2026-10-10,,,,,2026-10-10
BCC,BEAM COMMUNICATIONS HOLDINGS LIMITED,Technology Hardware & Equipment,1986-11-06,3456877,2026-10-01,MUFG Corporate Markets,MUFG CORPORATE MARKETS (AU) LIMITED,"Level 21, 10 Eagle Street, BRISBANE, QLD, AUSTRALIA, 4000",1300 554 474,2026-08-07
BCI,BCI MINERALS LIMITED,Materials,2006-12-15,1822861363,2026-10-01,Computershare,COMPUTERSHARE INVESTOR SERVICES PTY LIMITED,"Level 17, 221 St Georges Terrace, PERTH, WA, AUSTRALIA, 6000",1300 850 505,2026-08-07
BCK,BROCKMAN MINING LIMITED,Materials,2011-01-11,111362786,2026-10-01,Tricor,TRICOR INVESTOR SERVICES LIMITED,"TRICOR INVESTOR SERVICES LIMITED, 17/F, Far East Finance Centre, HONG KONG, ., HONG KONG, .",852 2980 1333,2026-08-26
BCM,BRAZILIAN CRITICAL MINERALS LIMITED,Materials,2005-08-12,145813521,2026-10-01,Automic,AUTOMIC REGISTRY SERVICES,"LEVEL 5, 191 St Georges Terrace,, PERTH, WA, AUSTRALIA, 6000",(08) 9324 2099,2026-08-07
BCN,BEACON MINERALS LIMITED,Materials,2006-10-20,337431104,2026-10-01,Automic,AUTOMIC REGISTRY SERVICES,"LEVEL 5, 191 St Georges Terrace,, PERTH, WA, AUSTRALIA, 6000",(08) 9324 2099,2026-08-07
BDM,BURGUNDY DIAMOND MINES LIMITED,Materials,2013-01-04,,2026-08-07,Automic,AUTOMIC REGISTRY SERVICES,"LEVEL 5, 191 St Georges Terrace,, PERTH, WA, AUSTRALIA, 6000",(08) 9324 2099,2026-08-07
BDX,BCAL DIAGNOSTICS LIMITED,"Pharmaceuticals, Biotechnology & Life Sciences",2021-07-21,33181496,2026-10-01,Automic,AUTOMIC REGISTRY SERVICES,"Level 5, 126 Phillip Street, SYDNEY, NSW, AUSTRALIA, 2000",02 9698 5414,2026-08-07
BEL,BENTLEY CAPITAL LIMITED,Not Applic,1986-11-07,837407,2026-10-01,Automic,AUTOMIC REGISTRY SERVICES,"Level 5, 126 Phillip Street, SYDNEY, NSW, AUSTRALIA, 2000",02 9698 5414,2026-08-07
BEN,BENDIGO AND ADELAIDE BANK LIMITED,Banks,1985-12-19,5849204052,2026-10-01,MUFG Corporate Markets,MUFG CORPORATE MARKETS (AU) LIMITED,"Tower 4, 727 Collins Street, DOCKLANDS, VIC, AUSTRALIA, 3008",1300 554 474,2026-08-07
BEO,BEONIC LTD,Software & Services,1999-12-17,11115777,2026-10-01,Boardroom,BOARDROOM PTY LIMITED,"LEVEL 8, 210 GEORGE STREET, SYDNEY, NSW, AUSTRALIA, 2000",(02) 9290 9600,2026-08-07
BET,BETMAKERS TECHNOLOGY GROUP LTD,Consumer Services,2015-12-11,235259278,2026-09-01,Automic,AUTOMIC REGISTRY SERVICES,"LEVEL 5, 191 St Georges Terrace,, PERTH, WA, AUSTRALIA, 6000",(08) 9324 2099,2026-08-07
BEZ,BESRA GOLD INC.,Materials,2021-10-08,27594660,2026-10-01,Computershare,COMPUTERSHARE INVESTOR SERVICES PTY LIMITED,"Level 17, 221 St Georges Terrace, PERTH, WA, AUSTRALIA, 6000",1300 850 505,2026-08-07
BFG,BELL FINANCIAL GROUP LIMITED,Financial Services,2007-12-12,449041527,2026-10-01,Automic,AUTOMIC REGISTRY SERVICES,"Level 5, 126 Phillip Street, SYDNEY, NSW, AUSTRALIA, 2000",02 9698 5414,2026-08-07
BFL,BSP FINANCIAL GROUP LIMITED,Banks,2021-05-25,3648988036,2026-10-01,MUFG Corporate Markets,MUFG CORPORATE MARKETS (AU) LIMITED,"LIBERTY PLACE, LEVEL 41, 161 CASTLEREAGH ST, SYDNEY, NSW, AUSTRALIA, 2000",1300 554 474,2026-08-07
BGA,BEGA CHEESE LIMITED,"Food, Beverage & Tobacco",2011-08-19,1870106221,2026-10-01,MUFG Corporate Markets,MUFG CORPORATE MARKETS (AU) LIMITED,"Tower 4, 727 Collins Street, DOCKLANDS, VIC, AUSTRALIA, 3008",1300 554 474,2026-08-07
BGD,BARTON GOLD HOLDINGS LIMITED,Materials,2021-06-28,268325906,2026-10-01,Computershare,COMPUTERSHARE INVESTOR SERVICES PTY LIMITED,"Level 17, 221 St Georges Terrace, PERTH, WA, AUSTRALIA, 6000",1300 850 505,2026-08-07
BGE,BRIDGE SAAS LIMITED,Software & Services,2022-10-06,1598874,2026-10-01,Boardroom,BOARDROOM PTY LIMITED,"LEVEL 8, 210 GEORGE STREET, SYDNEY, NSW, AUSTRALIA, 2000",(02) 9290 9600,2026-08-07
BGL,BELLEVUE GOLD LIMITED,Materials,2005-12-20,2341658743,2026-10-01,Computershare,COMPUTERSHARE INVESTOR SERVICES PTY LIMITED,"Level 17, 221 St Georges Terrace, PERTH, WA, AUSTRALIA, 6000",1300 850 505,2026-08-07
BGP,BRISCOE GROUP AUSTRALASIA LIMITED,Consumer Discretionary Distribution & Retail,2017-07-20,,2026-10-01,MUFG Corporate Markets,MUFG CORPORATE MARKETS (AU) LIMITED,"LIBERTY PLACE, LEVEL 41, 161 CASTLEREAGH ST, SYDNEY, NSW, AUSTRALIA, 2000",1300 554 474,2026-08-07
BGT,BIO-GENE TECHNOLOGY LTD,Materials,2017-11-29,7008978,2026-10-01,Automic,AUTOMIC REGISTRY SERVICES,"Level 5, 126 Phillip Street, SYDNEY, NSW, AUSTRALIA, 2000",02 9698 5414,2026-08-07
BH6,BROKEN HILL GOLD LTD,Materials,2021-07-08,77718837,2026-10-01,,,,,2026-08-19
BHD,BENJAMIN HORNIGOLD LIMITED,Not Applic,2017-05-12,6280363,2026-09-01,MUFG Corporate Markets,MUFG CORPORATE MARKETS (AU) LIMITED,"Level 21, 10 Eagle Street, BRISBANE, QLD, AUSTRALIA, 4000",1300 554 474,2026-08-07
BHL,BLACK HORSE MINING LIMITED,Materials,2025-12-02,12283314,2026-10-01,Automic,AUTOMIC REGISTRY SERVICES,"LEVEL 5, 191 St Georges Terrace,, PERTH, WA, AUSTRALIA, 6000",(08) 9324 2099,2026-08-07
BHM,BROKEN HILL MINES LIMITED,Materials,2022-07-28,165551262,2026-10-01,Xcend,XCEND PTY LTD,"Level 2,, 477 Pitt Street, HAYMARKET, NSW, AUSTRALIA, 2000",61 2 8591 8509,2026-08-07
BHP,BHP GROUP LIMITED,Materials,1885-08-13,306372832027,2026-10-01,Computershare,COMPUTERSHARE INVESTOR SERVICES PTY LIMITED,"Yarra Falls, 452 Johnston Street, ABBOTSFORD, VIC, AUSTRALIA, 3067",03 9415 4000,2026-08-07
BIM,BINDI METALS LIMITED,Materials,2022-06-28,6446596,2026-10-01,Computershare,COMPUTERSHARE INVESTOR SERVICES PTY LIMITED,"Level 17, 221 St Georges Terrace, PERTH, WA, AUSTRALIA, 6000",1300 850 505,2026-08-07
BIO,BIOME AUSTRALIA LIMITED,Household & Personal Products,2021-11-30,92562764,2026-10-01,Automic,AUTOMIC REGISTRY SERVICES,"Level 5, 126 Phillip Street, SYDNEY, NSW, AUSTRALIA, 2000",02 9698 5414,2026-08-26
BIS,BISALLOY STEEL GROUP LIMITED,Materials,2003-06-23,178266125,2026-10-01,Computershare,COMPUTERSHARE INVESTOR SERVICES PTY LIMITED,"Yarra Falls, 452 Johnston Street, ABBOTSFORD, VIC, AUSTRALIA, 3067",03 9415 4000,2026-08-07
BIT,BIOTRON LIMITED,"Pharmaceuticals, Biotechnology & Life Sciences",2001-01-24,5570410,2026-08-07,Computershare,COMPUTERSHARE INVESTOR SERVICES PTY LIMITED,"Level 4, 44 Martin Place, SYDNEY, NSW, AUSTRALIA, 2000",02 8234 5000,2026-08-07
BKB,BLACK BEAR MINERALS LIMITED,Materials,2023-09-12,81027750,2026-10-01,Automic,AUTOMIC REGISTRY SERVICES,"Level 5, 126 Phillip Street, SYDNEY, NSW, AUSTRALIA, 2000",02 9698 5414,2026-08-07
BKI,BKI INVESTMENT COMPANY LIMITED,Not Applic,2003-12-12,1428627585,2026-10-01,MUFG Corporate Markets,MUFG CORPORATE MARKETS (AU) LIMITED,"LIBERTY PLACE, LEVEL 41, 161 CASTLEREAGH ST, SYDNEY, NSW, AUSTRALIA, 2000",1300 554 474,2026-08-07
BKT,BLACK ROCK MINING LIMITED,Materials,2003-12-10,23630574,2026-10-01,Computershare,COMPUTERSHARE INVESTOR SERVICES PTY LIMITED,"Level 17, 221 St Georges Terrace, PERTH, WA, AUSTRALIA, 6000",1300 850 505,2026-08-07
BKY,BERKELEY ENERGIA LIMITED,Energy,2003-09-16,200831914,2026-10-01,Computershare,COMPUTERSHARE INVESTOR SERVICES PTY LIMITED,"Level 17, 221 St Georges Terrace, PERTH, WA, AUSTRALIA, 6000",1300 850 505,2026-08-07
BLG,BLUGLASS LIMITED,Semiconductors & Semiconductor Equipment,2006-09-22,41394291,2026-10-01,Automic,AUTOMIC REGISTRY SERVICES,"Level 5, 126 Phillip Street, SYDNEY, NSW, AUSTRALIA, 2000",02 9698 5414,2026-08-07
BLS,BLS PHARMACEUTICALS LIMITED,Household & Personal Products,2000-12-14,235275096,2026-10-01,Automic,AUTOMIC REGISTRY SERVICES,"Level 5, 126 Phillip Street, SYDNEY, NSW, AUSTRALIA, 2000",02 9698 5414,2026-08-07
BLU,BLUE ENERGY LIMITED.,Energy,1994-10-13,12047894,2026-08-07,Computershare,COMPUTERSHARE INVESTOR SERVICES PTY LIMITED,"Level 1, 200 Mary Street, BRISBANE, QLD, AUSTRALIA, 4000",1300 552 270,2026-08-07
BLX,BEACON LIGHTING GROUP LIMITED,Consumer Discretionary Distribution & Retail,2014-04-15,412815863,2026-10-01,Computershare,COMPUTERSHARE INVESTOR SERVICES PTY LIMITED,"Yarra Falls, 452 Johnston Street, ABBOTSFORD, VIC, AUSTRALIA, 3067",03 9415 4000,2026-08-07
BLZ,BLAZE MINERALS LIMITED,Energy,1996-09-12,3306250,2026-10-01,Automic,AUTOMIC REGISTRY SERVICES,"LEVEL 5, 191 St Georges Terrace,, PERTH, WA, AUSTRALIA, 6000",(08) 9324 2099,2026-08-07
BM1,BALLARD MINING LIMITED,Materials,2025-07-14,375132123,2026-10-01,Computershare,COMPUTERSHARE INVESTOR SERVICES PTY LIMITED,"Level 17, 221 St Georges Terrace, PERTH, WA, AUSTRALIA, 6000",1300 850 505,2026-08-07
BM8,BATTERY AGE MINERALS LTD,Materials,2020-11-04,8637625,2026-10-01,Computershare,COMPUTERSHARE INVESTOR SERVICES PTY LIMITED,"Level 17, 221 St Georges Terrace, PERTH, WA, AUSTRALIA, 6000",1300 850 505,2026-08-07
BMC,BMC MINERALS LTD.,Materials,2025-12-12,785469814,2026-10-01,Computershare,COMPUTERSHARE INVESTOR SERVICES PTY LIMITED,"Level 17, 221 St Georges Terrace, PERTH, WA, AUSTRALIA, 6000",1300 850 505,2026-08-31
BMH,BAUMART HOLDINGS LIMITED,Capital Goods,2015-06-19,2061635,2026-10-01,Automic,AUTOMIC REGISTRY SERVICES,"Level 5, 126 Phillip Street, SYDNEY, NSW, AUSTRALIA, 2000",02 9698 5414,2026-08-07
BML,BOAB METALS LIMITED,Materials,2004-07-15,222764270,2026-10-01,Automic,AUTOMIC REGISTRY SERVICES,"LEVEL 5, 191 St Georges Terrace,, PERTH, WA, AUSTRALIA, 6000",(08) 9324 2099,2026-08-07
BMM,BAYAN MINING AND MINERALS LIMITED,Materials,2021-07-14,7063683,2026-10-01,Automic,AUTOMIC REGISTRY SERVICES,"Level 5, 126 Phillip Street, SYDNEY, NSW, AUSTRALIA, 2000",02 9698 5414,2026-08-07
BMN,BANNERMAN ENERGY LTD,Energy,2005-04-28,797630684,2026-10-01,Computershare,COMPUTERSHARE INVESTOR SERVICES PTY LIMITED,"Level 17, 221 St Georges Terrace, PERTH, WA, AUSTRALIA, 6000",1300 850 505,2026-08-07
BMR,BALLYMORE RESOURCES LIMITED,Materials,2021-09-03,32461791,2026-10-01,MUFG Corporate Markets,MUFG CORPORATE MARKETS (AU) LIMITED,"Level 21, 10 Eagle Street, BRISBANE, QLD, AUSTRALIA, 4000",1300 554 474,2026-08-07
BMT,BEAMTREE HOLDINGS LIMITED,Health Care Equipment & Services,2019-06-06,29534259,2026-10-01,Automic,AUTOMIC REGISTRY SERVICES,"Level 5, 126 Phillip Street, SYDNEY, NSW, AUSTRALIA, 2000",02 9698 5414,2026-08-07
BNL,BLUE STAR HELIUM LIMITED,Energy,1994-11-24,18458745,2026-10-01,Automic,AUTOMIC REGISTRY SERVICES,"LEVEL 5, 191 St Georges Terrace,, PERTH, WA, AUSTRALIA, 6000",(08) 9324 2099,2026-08-07
BNR,BULLETIN RESOURCES LIMITED,Materials,2010-12-20,9102013,2026-10-01,Computershare,COMPUTERSHARE INVESTOR SERVICES PTY LIMITED,"Level 17, 221 St Georges Terrace, PERTH, WA, AUSTRALIA, 6000",1300 850 505,2026-08-26
BNZ,BENZ MINING CORP.,Materials,2020-12-23,1948801575,2026-10-01,Computershare,COMPUTERSHARE INVESTOR SERVICES PTY LIMITED,"Level 17, 221 St Georges Terrace, PERTH, WA, AUSTRALIA, 6000",1300 850 505,2026-08-07
BOA,BOA RESOURCES LTD,Materials,2012-10-11,50858893,2026-10-01,Automic,AUTOMIC REGISTRY SERVICES,"Level 5, 126 Phillip Street, SYDNEY, NSW, AUSTRALIA, 2000",02 9698 5414,2026-08-07
BOC,BOUGAINVILLE COPPER LIMITED,Materials,1970-12-31,,2026-10-01,Computershare,COMPUTERSHARE INVESTOR SERVICES PTY LIMITED,"Yarra Falls, 452 Johnston Street, ABBOTSFORD, VIC, AUSTRALIA, 3067",03 9415 4000,2026-08-07
BOE,BOSS ENERGY LTD,Energy,2007-07-25,614494517,2026-10-01,Automic,AUTOMIC REGISTRY SERVICES,"LEVEL 5, 191 St Georges Terrace,, PERTH, WA, AUSTRALIA, 6000",(08) 9324 2099,2026-08-07
BOL,BOOM LOGISTICS LIMITED,Capital Goods,2003-10-14,87985009,2026-10-01,Automic,AUTOMIC REGISTRY SERVICES,"Suite 5, Level 12, 530 Collins Street, MELBOURNE, VIC, AUSTRALIA, 3000",1300 288 664,2026-08-07
BOQ,BANK OF QUEENSLAND LIMITED.,Banks,1971-08-24,4235577621,2026-10-01,MUFG Corporate Markets,MUFG CORPORATE MARKETS (AU) LIMITED,"Level 21, 10 Eagle Street, BRISBANE, QLD, AUSTRALIA, 4000",1300 554 474,2026-08-07
BOT,BOTANIX PHARMACEUTICALS LTD,"Pharmaceuticals, Biotechnology & Life Sciences",1985-01-24,52469377,2026-10-01,Automic,AUTOMIC REGISTRY SERVICES,"LEVEL 5, 191 St Georges Terrace,, PERTH, WA, AUSTRALIA, 6000",(08) 9324 2099,2026-08-07
BPG,BLACK PEARL GROUP LIMITED,Software & Services,2025-11-25,19176492,2026-10-01,MUFG Corporate Markets,MUFG CORPORATE MARKETS (AU) LIMITED,"LIBERTY PLACE, LEVEL 41, 161 CASTLEREAGH ST, SYDNEY, NSW, AUSTRALIA, 2000",1300 554 474,2026-08-07
BPH,BPH ENERGY LTD,Financial Services,2004-08-06,4061547,2026-09-01,Automic,AUTOMIC REGISTRY SERVICES,"Level 5, 126 Phillip Street, SYDNEY, NSW, AUSTRALIA, 2000",02 9698 5414,2026-08-07
BPM,BPM MINERALS LIMITED,Materials,2020-12-30,28687759,2026-10-01,Automic,AUTOMIC REGISTRY SERVICES,"LEVEL 5, 191 St Georges Terrace,, PERTH, WA, AUSTRALIA, 6000",(08) 9324 2099,2026-08-07
BPP,BABYLON PUMP & POWER LIMITED,Capital Goods,1996-12-13,15829722,2026-10-01,Automic,AUTOMIC REGISTRY SERVICES,"LEVEL 5, 191 St Georges Terrace,, PERTH, WA, AUSTRALIA, 6000",(08) 9324 2099,2026-08-07
BPT,BEACH ENERGY LIMITED,Energy,1972-06-30,1882100266,2026-10-01,Boardroom,BOARDROOM PTY LIMITED,"LEVEL 8, 210 GEORGE STREET, SYDNEY, NSW, AUSTRALIA, 2000",(02) 9290 9600,2026-08-07
BRE,BRAZILIAN RARE EARTHS LIMITED,Materials,2023-12-21,988630303,2026-10-01,Xcend,XCEND PTY LTD,"Level 2,, 477 Pitt Street, HAYMARKET, NSW, AUSTRALIA, 2000",61 2 8591 8509,2026-08-07
BRG,BREVILLE GROUP LIMITED,Consumer Durables & Apparel,1999-05-25,4317823810,2026-10-01,Boardroom,BOARDROOM PTY LIMITED,"LEVEL 8, 210 GEORGE STREET, SYDNEY, NSW, AUSTRALIA, 2000",(02) 9290 9600,2026-08-07
BRI,BIG RIVER INDUSTRIES LIMITED,Materials,2017-05-01,116796389,2026-10-01,MUFG Corporate Markets,MUFG CORPORATE MARKETS (AU) LIMITED,"LIBERTY PLACE, LEVEL 41, 161 CASTLEREAGH ST, SYDNEY, NSW, AUSTRALIA, 2000",1300 554 474,2026-08-07
BRK,BROOKSIDE ENERGY LIMITED,Energy,2005-10-31,37840000,2026-09-01,Automic,AUTOMIC REGISTRY SERVICES,"LEVEL 5, 191 St Georges Terrace,, PERTH, WA, AUSTRALIA, 6000",(08) 9324 2099,2026-08-07
BRL,BATHURST RESOURCES LIMITED.,Materials,2013-06-21,99621987,2026-10-01,Computershare,COMPUTERSHARE INVESTOR SERVICES PTY LIMITED,"Level 4, 44 Martin Place, SYDNEY, NSW, AUSTRALIA, 2000",02 8234 5000,2026-08-07
BRN,BRAINCHIP HOLDINGS LTD,Software & Services,2011-11-09,295872435,2026-10-01,Boardroom,BOARDROOM PTY LIMITED,"LEVEL 8, 210 GEORGE STREET, SYDNEY, NSW, AUSTRALIA, 2000",(02) 9290 9600,2026-08-07
BRU,BURU ENERGY LIMITED,Energy,2008-09-01,17662586,2026-10-10,,,,,2026-10-10
BRY,BARYS RESOURCES LIMITED,Materials,2011-07-01,2112271,2026-10-01,Automic,AUTOMIC REGISTRY SERVICES,"LEVEL 5, 191 St Georges Terrace,, PERTH, WA, AUSTRALIA, 6000",(08) 9324 2099,2026-08-07
BRYN,BARYS RESOURCES LIMITED,Materials,2011-07-01,,2026-09-30,,,,,2026-09-30
BSA,BSA LIMITED,Commercial & Professional Services,1999-11-15,,2026-10-01,Computershare,COMPUTERSHARE INVESTOR SERVICES PTY LIMITED,"Level 4, 44 Martin Place, SYDNEY, NSW, AUSTRALIA, 2000",02 8234 5000,2026-08-07
BSL,BLUESCOPE STEEL LIMITED,Materials,2002-07-15,13159846027,2026-10-01,MUFG Corporate Markets,MUFG CORPORATE MARKETS (AU) LIMITED,"Tower 4, 727 Collins Street, DOCKLANDS, VIC, AUSTRALIA, 3008",1300 554 474,2026-08-07
BSN,BASIN ENERGY LIMITED,Energy,2022-10-04,6353343,2026-10-01,Automic,AUTOMIC REGISTRY SERVICES,"LEVEL 5, 191 St Georges Terrace,, PERTH, WA, AUSTRALIA, 6000",(08) 9324 2099,2026-08-07
BSR,BISON RESOURCES LIMITED,Materials,2026-04-16,23850000,2026-10-01,Automic,AUTOMIC REGISTRY SERVICES,"LEVEL 5, 191 St Georges Terrace,, PERTH, WA, AUSTRALIA, 6000",(08) 9324 2099,2026-08-07
BST,BORESIGHT LTD,Capital Goods,2026-06-10,54345923,2026-10-01,Xcend,XCEND PTY LTD,"Level 2,, 477 Pitt Street, HAYMARKET, NSW, AUSTRALIA, 2000",61 2 8591 8509,2026-08-07
BSX,BLACKSTONE MINERALS LIMITED,Materials,2017-01-23,65423074,2026-10-01,Automic,AUTOMIC REGISTRY SERVICES,"LEVEL 5, 191 St Georges Terrace,, PERTH, WA, AUSTRALIA, 6000",(08) 9324 2099,2026-08-07
BTC,BTC HEALTH LTD,Not Applic,2000-08-29,20374904,2026-10-01,MUFG Corporate Markets,MUFG CORPORATE MARKETS (AU) LIMITED,"Tower 4, 727 Collins Street, DOCKLANDS, VIC, AUSTRALIA, 3008",1300 554 474,2026-08-07
BTE,BOTALA ENERGY LTD,Energy,2022-07-14,23801362,2026-10-01,Computershare,COMPUTERSHARE INVESTOR SERVICES PTY LIMITED,"Level 17, 221 St Georges Terrace, PERTH, WA, AUSTRALIA, 6000",1300 850 505,2026-08-07
BTI,BAILADOR TECHNOLOGY INVESTMENTS LIMITED,Financial Services,2014-11-21,131843299,2026-10-01,MUFG Corporate Markets,MUFG CORPORATE MARKETS (AU) LIMITED,"LIBERTY PLACE, LEVEL 41, 161 CASTLEREAGH ST, SYDNEY, NSW, AUSTRALIA, 2000",1300 554 474,2026-08-07
BTL,BEETALOO ENERGY AUSTRALIA LIMITED,Energy,1984-08-30,407168258,2026-10-01,Computershare,COMPUTERSHARE INVESTOR SERVICES PTY LIMITED,"Level 4, 44 Martin Place, SYDNEY, NSW, AUSTRALIA, 2000",02 8234 5000,2026-08-07
BTM,BREAKTHROUGH MINERALS LIMITED,Energy,2007-07-04,21438796,2026-10-01,Automic,AUTOMIC REGISTRY SERVICES,"Level 5, 126 Phillip Street, SYDNEY, NSW, AUSTRALIA, 2000",02 9698 5414,2026-08-07
BTN,BUTN LIMITED,Financial Services,2021-07-06,3817169,2026-09-01,MUFG Corporate Markets,MUFG CORPORATE MARKETS (AU) LIMITED,"Tower 4, 727 Collins Street, DOCKLANDS, VIC, AUSTRALIA, 3008",1300 554 474,2026-08-07
BTR,BRIGHTSTAR RESOURCES LIMITED,Materials,2003-12-05,775653846,2026-10-01,,,,,2026-09-07
BUB,BUBS AUSTRALIA LIMITED,"Food, Beverage & Tobacco",1993-10-05,89413004,2026-10-01,Computershare,COMPUTERSHARE INVESTOR SERVICES PTY LIMITED,"Level 17, 221 St Georges Terrace, PERTH, WA, AUSTRALIA, 6000",1300 850 505,2026-08-07
BUR,BURLEY MINERALS LTD,Materials,2021-07-07,8445282,2026-10-01,Automic,AUTOMIC REGISTRY SERVICES,"Level 5, 126 Phillip Street, SYDNEY, NSW, AUSTRALIA, 2000",02 9698 5414,2026-08-07
BUS,BUBALUS RESOURCES LIMITED,Materials,2022-10-13,5591041,2026-10-01,Automic,AUTOMIC REGISTRY SERVICES,"LEVEL 5, 191 St Georges Terrace,, PERTH, WA, AUSTRALIA, 6000",(08) 9324 2099,2026-08-07
BUX,BUXTON RESOURCES LIMITED,Materials,2007-10-23,17261465,2026-10-01,Computershare,COMPUTERSHARE INVESTOR SERVICES PTY LIMITED,"Level 17, 221 St Georges Terrace, PERTH, WA, AUSTRALIA, 6000",1300 850 505,2026-08-07
BUY,BOUNTY OIL & GAS NL,Energy,2002-02-05,11847884,2026-10-01,Automic,AUTOMIC REGISTRY SERVICES,"Level 5, 126 Phillip Street, SYDNEY, NSW, AUSTRALIA, 2000",02 9698 5414,2026-08-07
BVR,BELLAVISTA RESOURCES LTD,Materials,2022-05-25,77750720,2026-10-01,Computershare,COMPUTERSHARE INVESTOR SERVICES PTY LIMITED,"Level 17, 221 St Georges Terrace, PERTH, WA, AUSTRALIA, 6000",1300 850 505,2026-08-07
BVS,BRAVURA SOLUTIONS LIMITED.,Software & Services,2016-11-16,1385246923,2026-10-01,MUFG Corporate Markets,MUFG CORPORATE MARKETS (AU) LIMITED,"LIBERTY PLACE, LEVEL 41, 161 CASTLEREAGH ST, SYDNEY, NSW, AUSTRALIA, 2000",1300 554 474,2026-08-07
BWF,BLACKWALL LIMITED,Financial Services,2011-10-21,16234131,2026-10-01,Computershare,COMPUTERSHARE INVESTOR SERVICES PTY LIMITED,"Level 4, 44 Martin Place, SYDNEY, NSW, AUSTRALIA, 2000",02 8234 5000,2026-08-07
BWN,BHAGWAN MARINE LIMITED,Transportation,2024-07-30,125349539,2026-10-01,Automic,AUTOMIC REGISTRY SERVICES,"Level 5, 126 Phillip Street, SYDNEY, NSW, AUSTRALIA, 2000",02 9698 5414,2026-08-07
BWP,BWP GROUP,Equity Real Estate Investment Trusts (REITs),1998-09-16,2772626886,2026-10-01,Computershare,COMPUTERSHARE INVESTOR SERVICES PTY LIMITED,"Level 17, 221 St Georges Terrace, PERTH, WA, AUSTRALIA, 6000",1300 850 505,2026-08-07
BXB,BRAMBLES LIMITED,Commercial & Professional Services,2006-11-27,25143105251,2026-10-01,Boardroom,BOARDROOM PTY LIMITED,"LEVEL 8, 210 GEORGE STREET, SYDNEY, NSW, AUSTRALIA, 2000",(02) 9290 9600,2026-08-07
C29,C29 METALS LIMITED,Materials,2021-11-03,6047603,2026-10-01,Automic,AUTOMIC REGISTRY SERVICES,"LEVEL 5, 191 St Georges Terrace,, PERTH, WA, AUSTRALIA, 6000",(08) 9324 2099,2026-08-07
C79,CHRYSOS CORPORATION LIMITED,Commercial & Professional Services,2022-05-06,766941046,2026-10-01,MUFG Corporate Markets,MUFG CORPORATE MARKETS (AU) LIMITED,"LIBERTY PLACE, LEVEL 41, 161 CASTLEREAGH ST, SYDNEY, NSW, AUSTRALIA, 2000",1300 554 474,2026-08-07
C7A,CLARA RESOURCES AUSTRALIA LTD,Materials,2010-10-21,7512534,2026-10-01,MUFG Corporate Markets,MUFG CORPORATE MARKETS (AU) LIMITED,"Level 21, 10 Eagle Street, BRISBANE, QLD, AUSTRALIA, 4000",1300 554 474,2026-08-07
CAA,CAPRAL LIMITED,Materials,1986-11-20,184578112,2026-10-01,Computershare,COMPUTERSHARE INVESTOR SERVICES PTY LIMITED,"Level 4, 44 Martin Place, SYDNEY, NSW, AUSTRALIA, 2000",02 8234 5000,2026-08-07
CAE,CANNINDAH RESOURCES LIMITED,Materials,2005-05-20,32928712,2026-10-01,Xcend,XCEND PTY LTD,"Level 2,, 477 Pitt Street, HAYMARKET, NSW, AUSTRALIA, 2000",61 2 8591 8509,2026-08-07
CAF,CENTREPOINT ALLIANCE LIMITED,Financial Services,2002-06-25,81979323,2026-10-01,Computershare,COMPUTERSHARE INVESTOR SERVICES PTY LIMITED,"Level 4, 44 Martin Place, SYDNEY, NSW, AUSTRALIA, 2000",02 8234 5000,2026-08-07
CAM,CLIME CAPITAL LIMITED,Not Applic,2004-02-03,,2026-10-01,Boardroom,BOARDROOM PTY LIMITED,"LEVEL 8, 210 GEORGE STREET, SYDNEY, NSW, AUSTRALIA, 2000",(02) 9290 9600,2026-08-07
CAN,CANN GROUP LIMITED,"Pharmaceuticals, Biotechnology & Life Sciences",2017-05-04,7472671,2026-10-01,MUFG Corporate Markets,MUFG CORPORATE MARKETS (AU) LIMITED,"Tower 4, 727 Collins Street, DOCKLANDS, VIC, AUSTRALIA, 3008",1300 554 474,2026-08-07
CAQ,CAQ HOLDINGS LIMITED,Real Estate Management & Development,2005-07-25,,2026-09-01,Automic,AUTOMIC REGISTRY SERVICES,"Level 5, 126 Phillip Street, SYDNEY, NSW, AUSTRALIA, 2000",02 9698 5414,2026-08-07
CAR,CAR GROUP LIMITED,Media & Entertainment,2009-09-10,8339546754,2026-10-01,Computershare,COMPUTERSHARE INVESTOR SERVICES PTY LIMITED,"Yarra Falls, 452 Johnston Street, ABBOTSFORD, VIC, AUSTRALIA, 3067",03 9415 4000,2026-08-07
CAT,CATAPULT SPORTS LTD,Software & Services,2014-12-19,1004802189,2026-10-01,MUFG Corporate Markets,MUFG CORPORATE MARKETS (AU) LIMITED,"Tower 4, 727 Collins Street, DOCKLANDS, VIC, AUSTRALIA, 3008",1300 554 474,2026-08-07
CAV,CARNAVALE RESOURCES LIMITED,Materials,2007-03-15,33869441,2026-10-01,Automic,AUTOMIC REGISTRY SERVICES,"LEVEL 5, 191 St Georges Terrace,, PERTH, WA, AUSTRALIA, 6000",(08) 9324 2099,2026-08-07
CAY,CANYON RESOURCES LIMITED,Materials,2010-06-15,98981523,2026-10-01,Computershare,COMPUTERSHARE INVESTOR SERVICES PTY LIMITED,"Level 17, 221 St Georges Terrace, PERTH, WA, AUSTRALIA, 6000",1300 850 505,2026-08-07
CAZ,CAZALY RESOURCES LIMITED,Materials,2003-10-31,11191585,2026-10-01,Automic,AUTOMIC REGISTRY SERVICES,"Level 5, 126 Phillip Street, SYDNEY, NSW, AUSTRALIA, 2000",02 9698 5414,2026-08-07
CBA,COMMONWEALTH BANK OF AUSTRALIA.,Banks,1991-09-12,250534049616,2026-10-01,MUFG Corporate Markets,MUFG CORPORATE MARKETS (AU) LTD,"LIBERTY PLACE, LEVEL 41, 161 CASTLEREAGH ST, SYDNEY, NSW, AUSTRALIA, 2000",1800 022 440,2026-08-07
CBE,COBRE LIMITED,Materials,2020-01-31,457158272,2026-10-01,Automic,AUTOMIC REGISTRY SERVICES,"Level 5, 126 Phillip Street, SYDNEY, NSW, AUSTRALIA, 2000",02 9698 5414,2026-08-07
CBL,CONTROL BIONICS LIMITED,Health Care Equipment & Services,2020-12-07,33671500,2026-10-01,Automic,AUTOMIC REGISTRY SERVICES,"Level 5, 126 Phillip Street, SYDNEY, NSW, AUSTRALIA, 2000",02 9698 5414,2026-08-07
CBO,COBRAM ESTATE OLIVES LIMITED,"Food, Beverage & Tobacco",2021-08-11,1326251599,2026-10-01,MUFG Corporate Markets,MUFG CORPORATE MARKETS (AU) LIMITED,"LIBERTY PLACE, LEVEL 41, 161 CASTLEREAGH ST, SYDNEY, NSW, AUSTRALIA, 2000",1300 554 474,2026-08-07
CBY,CANTERBURY RESOURCES LIMITED,Materials,2019-03-07,11747323,2026-10-01,Automic,AUTOMIC REGISTRY SERVICES,"Level 5, 126 Phillip Street, SYDNEY, NSW, AUSTRALIA, 2000",02 9698 5414,2026-08-07
CC5,CLEVER CULTURE SYSTEMS LIMITED,Health Care Equipment & Services,2006-07-31,39280593,2026-10-01,Computershare,COMPUTERSHARE INVESTOR SERVICES PTY LIMITED,"Level 5, 115 Grenfell Street, ADELAIDE, SA, AUSTRALIA, 5000",08 8236 2300,2026-08-07
CC9,CHARIOT RESOURCES LTD,Materials,2023-10-27,11458224,2026-10-01,Automic,AUTOMIC REGISTRY SERVICES,"LEVEL 5, 191 St Georges Terrace,, PERTH, WA, AUSTRALIA, 6000",(08) 9324 2099,2026-08-07
CCA,CHANGE FINANCIAL LIMITED,Financial Services,2016-06-30,28308574,2026-10-01,MUFG Corporate Markets,MUFG CORPORATE MARKETS (AU) LIMITED,"Level 21, 10 Eagle Street, BRISBANE, QLD, AUSTRALIA, 4000",1300 554 474,2026-08-07
CCE,CARNEGIE CLEAN ENERGY LIMITED,Utilities,1993-10-26,81187591,2026-10-01,Xcend,XCEND PTY LTD,"Level 2,, 477 Pitt Street, HAYMARKET, NSW, AUSTRALIA, 2000",61 2 8591 8509,2026-08-07
CCG,COMMS GROUP LTD,Telecommunication Services,2017-12-21,44685714,2026-10-01,Boardroom,BOARDROOM PTY LIMITED,"LEVEL 8, 210 GEORGE STREET, SYDNEY, NSW, AUSTRALIA, 2000",(02) 9290 9600,2026-08-31
CCL,CUSCAL LIMITED,Financial Services,2024-11-25,1222853228,2026-10-01,MUFG Corporate Markets,MUFG CORPORATE MARKETS (AU) LIMITED,"LIBERTY PLACE, LEVEL 41, 161 CASTLEREAGH ST, SYDNEY, NSW, AUSTRALIA, 2000",1300 554 474,2026-08-07
CCM,CADOUX LIMITED,Materials,1994-01-20,12803026,2026-10-01,Automic,AUTOMIC REGISTRY SERVICES,"LEVEL 5, 191 St Georges Terrace,, PERTH, WA, AUSTRALIA, 6000",(08) 9324 2099,2026-08-07
CCO,THE CALMER CO INTERNATIONAL LIMITED,Household & Personal Products,2018-12-20,5339063,2026-10-01,Automic,AUTOMIC REGISTRY SERVICES,"LEVEL 5, 191 St Georges Terrace,, PERTH, WA, AUSTRALIA, 6000",(08) 9324 2099,2026-08-07
CCP,CREDIT CORP GROUP LIMITED,Financial Services,2000-09-04,942725956,2026-10-01,Boardroom,BOARDROOM PTY LIMITED,"LEVEL 8, 210 GEORGE STREET, SYDNEY, NSW, AUSTRALIA, 2000",(02) 9290 9600,2026-08-07
CCR,CREDIT CLEAR LIMITED,Software & Services,2020-10-27,62907731,2026-10-01,Computershare,COMPUTERSHARE INVESTOR SERVICES PTY LIMITED,"Yarra Falls, 452 Johnston Street, ABBOTSFORD, VIC, AUSTRALIA, 3067",03 9415 4000,2026-08-07
CCV,CASH CONVERTERS INTERNATIONAL,Financial Services,1997-02-07,188553578,2026-10-01,Computershare,COMPUTERSHARE INVESTOR SERVICES PTY LIMITED,"Level 17, 221 St Georges Terrace, PERTH, WA, AUSTRALIA, 6000",1300 850 505,2026-08-07
CCX,CITY CHIC COLLECTIVE LIMITED,Consumer Discretionary Distribution & Retail,1998-05-28,17332101,2026-10-01,MUFG Corporate Markets,MUFG CORPORATE MARKETS (AU) LIMITED,"LIBERTY PLACE, LEVEL 41, 161 CASTLEREAGH ST, SYDNEY, NSW, AUSTRALIA, 2000",1300 554 474,2026-08-07
CD1,CD PRIVATE EQUITY FUND I,Not Applic,2012-08-14,10234330,2026-10-01,Boardroom,BOARDROOM PTY LIMITED,"LEVEL 8, 210 GEORGE STREET, SYDNEY, NSW, AUSTRALIA, 2000",(02) 9290 9600,2026-08-07
CD2,CD PRIVATE EQUITY FUND II,Not Applic,2013-04-09,14694144,2026-10-01,Boardroom,BOARDROOM PTY LIMITED,"LEVEL 8, 210 GEORGE STREET, SYDNEY, NSW, AUSTRALIA, 2000",(02) 9290 9600,2026-08-07
CD3,CD PRIVATE EQUITY FUND III,Not Applic,2016-07-27,53661173,2026-10-01,Boardroom,BOARDROOM PTY LIMITED,"LEVEL 8, 210 GEORGE STREET, SYDNEY, NSW, AUSTRALIA, 2000",(02) 9290 9600,2026-08-07
CDA,CODAN LIMITED,Technology Hardware & Equipment,2003-11-27,12304911645,2026-10-01,Computershare,COMPUTERSHARE INVESTOR SERVICES PTY LIMITED,"Level 5, 115 Grenfell Street, ADELAIDE, SA, AUSTRALIA, 5000",08 8236 2300,2026-08-07
CDE,CODEIFAI LIMITED,Commercial & Professional Services,2005-03-07,4798235,2026-10-01,Boardroom,BOARDROOM PTY LIMITED,"LEVEL 8, 210 GEORGE STREET, SYDNEY, NSW, AUSTRALIA, 2000",(02) 9290 9600,2026-08-07
CDM,CADENCE CAPITAL LIMITED,Not Applic,2006-12-05,224041982,2026-10-01,Boardroom,BOARDROOM PTY LIMITED,"LEVEL 8, 210 GEORGE STREET, SYDNEY, NSW, AUSTRALIA, 2000",(02) 9290 9600,2026-08-07
CDO,CADENCE OPPORTUNITIES FUND LIMITED.,Not Applic,2021-11-19,41395984,2026-10-01,Boardroom,BOARDROOM PTY LIMITED,"LEVEL 8, 210 GEORGE STREET, SYDNEY, NSW, AUSTRALIA, 2000",(02) 9290 9600,2026-08-07
CDP,CARINDALE PROPERTY TRUST,Equity Real Estate Investment Trusts (REITs),1996-11-28,448435694,2026-10-01,Computershare,COMPUTERSHARE INVESTOR SERVICES PTY LIMITED,"Level 4, 44 Martin Place, SYDNEY, NSW, AUSTRALIA, 2000",02 8234 5000,2026-08-07
CDR,CODRUS MINERALS LIMITED,Materials,2021-06-23,22542844,2026-10-01,Automic,AUTOMIC REGISTRY SERVICES,"LEVEL 5, 191 St Georges Terrace,, PERTH, WA, AUSTRALIA, 6000",(08) 9324 2099,2026-08-07
CDT,CASTLE MINERALS LIMITED,Materials,2006-05-02,17227643,2026-10-01,Automic,AUTOMIC REGISTRY SERVICES,"LEVEL 5, 191 St Georges Terrace,, PERTH, WA, AUSTRALIA, 6000",(08) 9324 2099,2026-08-07
CEH,COAST ENTERTAINMENT HOLDINGS LIMITED,Consumer Services,2018-11-30,180681271,2026-10-01,MUFG Corporate Markets,MUFG CORPORATE MARKETS (AU) LIMITED,"LIBERTY PLACE, LEVEL 41, 161 CASTLEREAGH ST, SYDNEY, NSW, AUSTRALIA, 2000",1300 554 474,2026-08-07
CEL,CHALLENGER GOLD LIMITED,Materials,2007-11-07,301171733,2026-10-01,Automic,AUTOMIC REGISTRY SERVICES,"LEVEL 5, 191 St Georges Terrace,, PERTH, WA, AUSTRALIA, 6000",(08) 9324 2099,2026-08-07
CEN,CONTACT ENERGY LIMITED,Utilities,2015-09-24,7448330482,2026-10-01,MUFG Corporate Markets,MUFG CORPORATE MARKETS (AU) LIMITED,"LIBERTY PLACE, LEVEL 41, 161 CASTLEREAGH ST, SYDNEY, NSW, AUSTRALIA, 2000",1300 554 474,2026-08-07
CF1,COMPLII FINTECH SOLUTIONS LTD,Software & Services,2001-12-18,14690665,2026-10-01,Registry Direct,REGISTRY DIRECT,"120 Collins St, MELBOURNE, VIC, AUSTRALIA, 3000",1300 556 635,2026-08-07
CG1,CARBONXT GROUP LIMITED,Materials,2018-01-23,32933109,2026-10-01,Boardroom,BOARDROOM PTY LIMITED,"LEVEL 8, 210 GEORGE STREET, SYDNEY, NSW, AUSTRALIA, 2000",(02) 9290 9600,2026-08-07
CGF,CHALLENGER LIMITED,Financial Services,2003-12-23,6714217422,2026-10-01,Computershare,COMPUTERSHARE INVESTOR SERVICES PTY LIMITED,"Level 4, 44 Martin Place, SYDNEY, NSW, AUSTRALIA, 2000",02 8234 5000,2026-08-07
CGO,CPT GLOBAL LIMITED,Software & Services,2000-09-08,,2026-08-07,Boardroom,BOARDROOM PTY LIMITED,"LEVEL 8, 210 GEORGE STREET, SYDNEY, NSW, AUSTRALIA, 2000",(02) 9290 9600,2026-08-07
CGR,CGN RESOURCES LIMITED,Materials,2023-10-18,6680045,2026-10-01,Xcend,XCEND PTY LTD,"Level 2,, 477 Pitt Street, HAYMARKET, NSW, AUSTRALIA, 2000",61 2 8591 8509,2026-08-07
CGS,COGSTATE LTD,Health Care Equipment & Services,2004-02-13,584762658,2026-10-01,Automic,AUTOMIC REGISTRY SERVICES,"Level 5, 126 Phillip Street, SYDNEY, NSW, AUSTRALIA, 2000",02 9698 5414,2026-08-07
CHC,CHARTER HALL GROUP,Equity Real Estate Investment Trusts (REITs),2005-06-10,8632198882,2026-10-01,MUFG Corporate Markets,MUFG CORPORATE MARKETS (AU) LIMITED,"LIBERTY PLACE, LEVEL 41, 161 CASTLEREAGH ST, SYDNEY, NSW, AUSTRALIA, 2000",1300 554 474,2026-08-07
CHI,CHANNEL INFRASTRUCTURE NZ LIMITED,Energy,2025-12-19,,2026-10-01,Computershare,COMPUTERSHARE INVESTOR SERVICES LIMITED,"LEVEL 2, 159 HURSTMERE ROAD, TAKAPUNA   AUCKLAND, NEW ZEALAND, 1039",(64) 9 488 8700,2026-08-31
CHL,CAMPLIFY HOLDINGS LIMITED,Transportation,2021-06-28,30834525,2026-10-01,Automic,AUTOMIC REGISTRY SERVICES,"Level 5, 126 Phillip Street, SYDNEY, NSW, AUSTRALIA, 2000",02 9698 5414,2026-08-07
CHM,CHIMERIC THERAPEUTICS LIMITED,"Pharmaceuticals, Biotechnology & Life Sciences",2021-01-18,,2026-10-01,Boardroom,BOARDROOM PTY LIMITED,"LEVEL 8, 210 GEORGE STREET, SYDNEY, NSW, AUSTRALIA, 2000",(02) 9290 9600,2026-08-07
CHN,CHALICE MINING LIMITED,Materials,2006-03-24,438932856,2026-10-01,Computershare,COMPUTERSHARE INVESTOR SERVICES PTY LIMITED,"Level 17, 221 St Georges Terrace, PERTH, WA, AUSTRALIA, 6000",1300 850 505,2026-08-07
CHR,CHARGER METALS NL,Materials,2021-07-09,6292705,2026-10-01,Automic,AUTOMIC REGISTRY SERVICES,"Level 5, 126 Phillip Street, SYDNEY, NSW, AUSTRALIA, 2000",02 9698 5414,2026-08-07
CHRCB,CHARGER METALS NL,Materials,2021-07-09,6292705,2026-10-01,Automic,AUTOMIC REGISTRY SERVICES,"Level 5, 126 Phillip Street, SYDNEY, NSW, AUSTRALIA, 2000",02 9698 5414,2026-08-07
CHW,CHILWA MINERALS LTD,Materials,2023-07-05,93105787,2026-10-01,Automic,AUTOMIC REGISTRY SERVICES,"LEVEL 5, 191 St Georges Terrace,, PERTH, WA, AUSTRALIA, 6000",(08) 9324 2099,2026-08-07
CIA,CHAMPION IRON LIMITED,Materials,2007-06-08,1685741235,2026-10-01,Computershare,COMPUTERSHARE INVESTOR SERVICES PTY LIMITED,"Level 17, 221 St Georges Terrace, PERTH, WA, AUSTRALIA, 6000",1300 850 505,2026-08-07
CIN,CARLTON INVESTMENTS LIMITED,Not Applic,1970-06-30,914059523,2026-10-01,Computershare,COMPUTERSHARE INVESTOR SERVICES PTY LIMITED,"Level 4, 44 Martin Place, SYDNEY, NSW, AUSTRALIA, 2000",02 8234 5000,2026-08-07
CIP,CENTURIA INDUSTRIAL REIT,Equity Real Estate Investment Trusts (REITs),2012-12-13,1729554957,2026-10-01,Boardroom,BOARDROOM PTY LIMITED,"LEVEL 8, 210 GEORGE STREET, SYDNEY, NSW, AUSTRALIA, 2000",(02) 9290 9600,2026-08-07
CIW,CLIME INVESTMENT MANAGEMENT LTD,Financial Services,2000-12-15,,2026-10-01,Boardroom,BOARDROOM PTY LIMITED,"LEVEL 8, 210 GEORGE STREET, SYDNEY, NSW, AUSTRALIA, 2000",(02) 9290 9600,2026-08-07
CKA,COKAL LIMITED,Materials,2000-04-17,46394806,2026-10-01,Automic,AUTOMIC REGISTRY SERVICES,"Level 5, 126 Phillip Street, SYDNEY, NSW, AUSTRALIA, 2000",02 9698 5414,2026-08-07
CKF,COLLINS FOODS LIMITED,Consumer Services,2011-08-04,938050257,2026-10-01,Computershare,COMPUTERSHARE INVESTOR SERVICES PTY LIMITED,"Level 1, 200 Mary Street, BRISBANE, QLD, AUSTRALIA, 4000",1300 552 270,2026-08-07
CLA,CELSIUS RESOURCES LIMITED.,Materials,1988-03-24,14898656,2026-10-01,Automic,AUTOMIC REGISTRY SERVICES,"LEVEL 5, 191 St Georges Terrace,, PERTH, WA, AUSTRALIA, 6000",(08) 9324 2099,2026-08-07
CLG,CLOSE THE LOOP LTD.,Commercial & Professional Services,2021-12-02,24358135,2026-10-01,Computershare,COMPUTERSHARE INVESTOR SERVICES PTY LIMITED,"Yarra Falls, 452 Johnston Street, ABBOTSFORD, VIC, AUSTRALIA, 3067",03 9415 4000,2026-08-07
CLV,CLOVER CORPORATION LIMITED,Materials,1999-11-30,174514311,2026-10-01,Computershare,COMPUTERSHARE INVESTOR SERVICES PTY LIMITED,"Level 4, 44 Martin Place, SYDNEY, NSW, AUSTRALIA, 2000",02 8234 5000,2026-08-07
CLW,CHARTER HALL LONG WALE REIT,Equity Real Estate Investment Trusts (REITs),2016-11-08,2333210791,2026-10-01,MUFG Corporate Markets,MUFG CORPORATE MARKETS (AU) LIMITED,"LIBERTY PLACE, LEVEL 41, 161 CASTLEREAGH ST, SYDNEY, NSW, AUSTRALIA, 2000",1300 554 474,2026-08-07
CLX,CTI LOGISTICS LIMITED,Transportation,1987-12-02,236224353,2026-10-01,Computershare,COMPUTERSHARE INVESTOR SERVICES PTY LIMITED,"Level 17, 221 St Georges Terrace, PERTH, WA, AUSTRALIA, 6000",1300 850 505,2026-08-07
CMA,CARMA LIMITED,Consumer Discretionary Distribution & Retail,2025-11-05,105124200,2026-10-01,Automic,AUTOMIC REGISTRY SERVICES,"Level 5, 126 Phillip Street, SYDNEY, NSW, AUSTRALIA, 2000",02 9698 5414,2026-08-07
CMB,CAMBIUM BIO LIMITED,"Pharmaceuticals, Biotechnology & Life Sciences",2013-09-19,15304597,2026-10-01,MUFG Corporate Markets,MUFG CORPORATE MARKETS (AU) LIMITED,"LIBERTY PLACE, LEVEL 41, 161 CASTLEREAGH ST, SYDNEY, NSW, AUSTRALIA, 2000",1300 554 474,2026-08-07
CMD,CASSIUS MINING LIMITED,Materials,2006-08-10,18234357,2026-10-01,Automic,AUTOMIC REGISTRY SERVICES,"LEVEL 5, 191 St Georges Terrace,, PERTH, WA, AUSTRALIA, 6000",(08) 9324 2099,2026-08-07
CMG,CRITICAL MINERALS GROUP LIMITED,Materials,2022-09-27,7567376,2026-10-01,Automic,AUTOMIC REGISTRY SERVICES,"Level 5, 126 Phillip Street, SYDNEY, NSW, AUSTRALIA, 2000",02 9698 5414,2026-08-07
CML,CONNECTED MINERALS LIMITED,Technology Hardware & Equipment,1984-08-16,49137404,2026-10-01,Xcend,XCEND PTY LTD,"Level 2,, 477 Pitt Street, HAYMARKET, NSW, AUSTRALIA, 2000",61 2 8591 8509,2026-08-07
CMM,CAPRICORN METALS LTD,Materials,2008-07-07,6628577792,2026-10-01,Automic,AUTOMIC REGISTRY SERVICES,"LEVEL 5, 191 St Georges Terrace,, PERTH, WA, AUSTRALIA, 6000",(08) 9324 2099,2026-08-07
CMO,COSMO METALS LIMITED,Materials,2022-01-31,4734312,2026-10-01,Automic,AUTOMIC REGISTRY SERVICES,"LEVEL 5, 191 St Georges Terrace,, PERTH, WA, AUSTRALIA, 6000",(08) 9324 2099,2026-08-07
CMP,COMPUMEDICS LIMITED,Health Care Equipment & Services,2000-12-21,47942821,2026-10-01,Automic,AUTOMIC REGISTRY SERVICES,"Level 5, 126 Phillip Street, SYDNEY, NSW, AUSTRALIA, 2000",02 9698 5414,2026-08-07
CMW,CROMWELL PROPERTY GROUP,Equity Real Estate Investment Trusts (REITs),1973-02-22,877320344,2026-10-01,MUFG Corporate Markets,MUFG CORPORATE MARKETS (AU) LIMITED,"LIBERTY PLACE, LEVEL 41, 161 CASTLEREAGH ST, SYDNEY, NSW, AUSTRALIA, 2000",1300 554 474,2026-08-07
CMX,CHEMX MATERIALS LIMITED,Materials,2022-01-18,,2026-08-07,Computershare,COMPUTERSHARE INVESTOR SERVICES PTY LIMITED,"Level 17, 221 St Georges Terrace, PERTH, WA, AUSTRALIA, 6000",1300 850 505,2026-08-26
CNB,CARNABY RESOURCES LIMITED,Materials,2016-08-30,242985480,2026-10-01,Computershare,COMPUTERSHARE INVESTOR SERVICES PTY LIMITED,"Level 17, 221 St Georges Terrace, PERTH, WA, AUSTRALIA, 6000",1300 850 505,2026-08-07
CND,CONDOR ENERGY LIMITED,Energy,2005-05-25,15548871,2026-10-01,Automic,AUTOMIC REGISTRY SERVICES,"Level 5, 126 Phillip Street, SYDNEY, NSW, AUSTRALIA, 2000",02 9698 5414,2026-08-07
CNI,CENTURIA CAPITAL GROUP,Equity Real Estate Investment Trusts (REITs),2002-03-26,1194108370,2026-10-01,Boardroom,BOARDROOM PTY LIMITED,"LEVEL 8, 210 GEORGE STREET, SYDNEY, NSW, AUSTRALIA, 2000",(02) 9290 9600,2026-08-07
CNJ,CONICO LTD,Materials,2007-06-18,5867883,2026-10-01,Automic,AUTOMIC REGISTRY SERVICES,"Level 5, 126 Phillip Street, SYDNEY, NSW, AUSTRALIA, 2000",02 9698 5414,2026-08-07
CNQ,CLEAN TEQ WATER LIMITED,Commercial & Professional Services,2021-07-02,63965005,2026-10-01,Computershare,COMPUTERSHARE INVESTOR SERVICES PTY LIMITED,"Yarra Falls, 452 Johnston Street, ABBOTSFORD, VIC, AUSTRALIA, 3067",03 9415 4000,2026-08-07
CNU,CHORUS LIMITED,Telecommunication Services,2011-11-21,2915722616,2026-10-01,Computershare,COMPUTERSHARE INVESTOR SERVICES PTY LIMITED,"Yarra Falls, 452 Johnston Street, ABBOTSFORD, VIC, AUSTRALIA, 3067",03 9415 4000,2026-08-07
COB,COBALT BLUE HOLDINGS LIMITED,Materials,2017-02-02,38185213,2026-10-01,Computershare,COMPUTERSHARE INVESTOR SERVICES PTY LIMITED,"Level 4, 44 Martin Place, SYDNEY, NSW, AUSTRALIA, 2000",02 8234 5000,2026-08-07
COD,CODA MINERALS LTD,Materials,2020-10-28,46919308,2026-10-01,Automic,AUTOMIC REGISTRY SERVICES,"Level 5, 126 Phillip Street, SYDNEY, NSW, AUSTRALIA, 2000",02 9698 5414,2026-08-07
COF,CENTURIA OFFICE REIT,Equity Real Estate Investment Trusts (REITs),2014-12-10,489816283,2026-10-01,Boardroom,BOARDROOM PTY LIMITED,"LEVEL 8, 210 GEORGE STREET, SYDNEY, NSW, AUSTRALIA, 2000",(02) 9290 9600,2026-08-07
COG,COG FINANCIAL SERVICES LIMITED,Financial Services,2003-01-28,386024224,2026-10-01,Automic,AUTOMIC REGISTRY SERVICES,"Level 5, 126 Phillip Street, SYDNEY, NSW, AUSTRALIA, 2000",02 9698 5414,2026-08-07
COH,COCHLEAR LIMITED,Health Care Equipment & Services,1995-12-04,8524094842,2026-10-01,Computershare,COMPUTERSHARE INVESTOR SERVICES PTY LIMITED,"Level 4, 44 Martin Place, SYDNEY, NSW, AUSTRALIA, 2000",02 8234 5000,2026-08-07
COI,COMET RIDGE LIMITED,Energy,2004-04-16,137678740,2026-10-01,Computershare,COMPUTERSHARE INVESTOR SERVICES PTY LIMITED,"Level 1, 200 Mary Street, BRISBANE, QLD, AUSTRALIA, 4000",1300 552 270,2026-08-07
COL,COLES GROUP LIMITED.,Consumer Staples Distribution & Retail,2018-11-21,30577189370,2026-10-01,Computershare,COMPUTERSHARE INVESTOR SERVICES PTY LIMITED,"Computershare Investor Services Pty Ltd, 452 Johnston Street, ABBOTSFORD, VIC, AUSTRALIA, 3067",1300 171 785,2026-08-07
COS,COSOL LIMITED,Software & Services,2020-01-24,35487815,2026-09-01,MUFG Corporate Markets,MUFG CORPORATE MARKETS (AU) LIMITED,"Level 12 QV1 Building, 250 St Georges Terrace, PERTH, WA, AUSTRALIA, 6000",1300 554 474,2026-08-07
COV,CLEO DIAGNOSTICS LTD,"Pharmaceuticals, Biotechnology & Life Sciences",2023-08-22,45562799,2026-10-01,Xcend,XCEND PTY LTD,"Level 2,, 477 Pitt Street, HAYMARKET, NSW, AUSTRALIA, 2000",61 2 8591 8509,2026-08-07
COY,COPPERMOLY LIMITED,Materials,2008-01-31,3530630,2026-10-01,Xcend,XCEND PTY LTD,"Level 2,, 477 Pitt Street, HAYMARKET, NSW, AUSTRALIA, 2000",61 2 8591 8509,2026-08-07
CP8,CANADIAN PHOSPHATE LIMITED,Materials,2013-09-02,55233964,2026-09-01,Computershare,COMPUTERSHARE INVESTOR SERVICES PTY LIMITED,"Level 17, 221 St Georges Terrace, PERTH, WA, AUSTRALIA, 6000",1300 850 505,2026-08-07
CPM,COOPER METALS LIMITED,Materials,2021-11-19,10234516,2026-10-01,Computershare,COMPUTERSHARE INVESTOR SERVICES PTY LIMITED,"Level 17, 221 St Georges Terrace, PERTH, WA, AUSTRALIA, 6000",1300 850 505,2026-08-07
CPN,CASPIN RESOURCES LIMITED,Materials,2020-11-25,38668476,2026-10-01,Automic,AUTOMIC REGISTRY SERVICES,"LEVEL 5, 191 St Georges Terrace,, PERTH, WA, AUSTRALIA, 6000",(08) 9324 2099,2026-08-07
CPO,CULPEO MINERALS LIMITED,Materials,2021-09-10,13558208,2026-10-01,Automic,AUTOMIC REGISTRY SERVICES,"Level 5, 126 Phillip Street, SYDNEY, NSW, AUSTRALIA, 2000",02 9698 5414,2026-08-07
CPU,COMPUTERSHARE LIMITED.,Commercial & Professional Services,1994-05-27,23071860222,2026-10-01,Computershare,COMPUTERSHARE INVESTOR SERVICES PTY LIMITED,"Yarra Falls, 452 Johnston Street, ABBOTSFORD, VIC, AUSTRALIA, 3067",03 9415 4000,2026-08-07
CPV,CLEARVUE TECHNOLOGIES LIMITED,Capital Goods,2018-05-25,21476331,2026-10-01,Automic,AUTOMIC REGISTRY SERVICES,"LEVEL 5, 191 St Georges Terrace,, PERTH, WA, AUSTRALIA, 6000",(08) 9324 2099,2026-08-07
CQE,CHARTER HALL SOCIAL INFRASTRUCTURE REIT,Equity Real Estate Investment Trusts (REITs),2003-05-22,820150353,2026-10-01,MUFG Corporate Markets,MUFG CORPORATE MARKETS (AU) LIMITED,"LIBERTY PLACE, LEVEL 41, 161 CASTLEREAGH ST, SYDNEY, NSW, AUSTRALIA, 2000",1300 554 474,2026-08-07
CQR,CHARTER HALL RETAIL REIT,Equity Real Estate Investment Trusts (REITs),1995-11-15,2022679039,2026-10-01,MUFG Corporate Markets,MUFG CORPORATE MARKETS (AU) LIMITED,"LIBERTY PLACE, LEVEL 41, 161 CASTLEREAGH ST, SYDNEY, NSW, AUSTRALIA, 2000",1300 554 474,2026-08-07
CQT,CONNEQT HEALTH LIMITED,Health Care Equipment & Services,2005-11-09,15246115,2026-10-01,Automic,AUTOMIC REGISTRY SERVICES,"Level 5, 126 Phillip Street, SYDNEY, NSW, AUSTRALIA, 2000",02 9698 5414,2026-08-07
CR1,CONSTELLATION RESOURCES LIMITED,Materials,2018-07-30,15006964,2026-10-01,Automic,AUTOMIC REGISTRY SERVICES,"LEVEL 5, 191 St Georges Terrace,, PERTH, WA, AUSTRALIA, 6000",(08) 9324 2099,2026-08-07
CR3,CORE ENERGY MINERALS LTD,Materials,1998-12-17,5402326,2026-10-01,Automic,AUTOMIC REGISTRY SERVICES,"LEVEL 5, 191 St Georges Terrace,, PERTH, WA, AUSTRALIA, 6000",(08) 9324 2099,2026-08-07
CRB,CARBINE RESOURCES LIMITED,Materials,2007-03-16,9534926,2026-10-01,Automic,AUTOMIC REGISTRY SERVICES,"LEVEL 5, 191 St Georges Terrace,, PERTH, WA, AUSTRALIA, 6000",(08) 9324 2099,2026-08-07
CRD,CONRAD ASIA ENERGY LTD.,Energy,2022-10-27,125513608,2026-10-01,Boardroom,BOARDROOM PTY LIMITED,"LEVEL 8, 210 GEORGE STREET, SYDNEY, NSW, AUSTRALIA, 2000",(02) 9290 9600,2026-08-07
CRI,CRITICA LIMITED,Materials,2006-09-22,,2026-08-07,Automic,AUTOMIC REGISTRY SERVICES,"LEVEL 5, 191 St Georges Terrace,, PERTH, WA, AUSTRALIA, 6000",(08) 9324 2099,2026-08-07
CRN,CORONADO GLOBAL RESOURCES INC.,Materials,2018-10-23,293379403,2026-10-01,Computershare,COMPUTERSHARE INVESTOR SERVICES PTY LIMITED,"Level 4, 44 Martin Place, SYDNEY, NSW, AUSTRALIA, 2000",02 8234 5000,2026-08-07
CRR,CRITICAL RESOURCES LIMITED,Materials,2010-12-03,27506284,2026-10-01,Computershare,COMPUTERSHARE INVESTOR SERVICES PTY LIMITED,"Level 4, 44 Martin Place, SYDNEY, NSW, AUSTRALIA, 2000",02 8234 5000,2026-08-07
CRS,CAPRICE RESOURCES LTD,Materials,2018-12-05,65358286,2026-10-01,Automic,AUTOMIC REGISTRY SERVICES,"LEVEL 5, 191 St Georges Terrace,, PERTH, WA, AUSTRALIA, 6000",(08) 9324 2099,2026-08-07
CSC,CAPSTONE COPPER CORP.,Materials,2024-02-02,13746271276,2026-10-01,Computershare,COMPUTERSHARE INVESTOR SERVICES PTY LIMITED,"Yarra Falls, 452 Johnston Street, ABBOTSFORD, VIC, AUSTRALIA, 3067",03 9415 4000,2026-08-07
CSL,CSL LIMITED,"Pharmaceuticals, Biotechnology & Life Sciences",1994-06-08,85534572998,2026-10-01,Computershare,COMPUTERSHARE INVESTOR SERVICES PTY LIMITED,"Yarra Falls, 452 Johnston Street, ABBOTSFORD, VIC, AUSTRALIA, 3067",03 9415 4000,2026-08-07
CST,CASTILE RESOURCES LTD,Materials,2020-02-14,28362413,2026-09-01,Computershare,COMPUTERSHARE INVESTOR SERVICES PTY LIMITED,"Level 17, 221 St Georges Terrace, PERTH, WA, AUSTRALIA, 6000",1300 850 505,2026-08-07
CSX,CLEANSPACE HOLDINGS LIMITED,Health Care Equipment & Services,2020-10-23,38897079,2026-10-01,Boardroom,BOARDROOM PTY LIMITED,"LEVEL 8, 210 GEORGE STREET, SYDNEY, NSW, AUSTRALIA, 2000",(02) 9290 9600,2026-08-07
CT1,CONSTELLATION TECHNOLOGIES LIMITED,Technology Hardware & Equipment,1987-10-08,4461701,2026-10-01,Computershare,COMPUTERSHARE INVESTOR SERVICES PTY LIMITED,"Computershare Investor Services Pty Ltd, 452 Johnston Street, ABBOTSFORD, VIC, AUSTRALIA, 3067",1300 171 785,2026-08-07
CTD,CORPORATE TRAVEL MANAGEMENT LIMITED,Consumer Services,2010-12-15,336549216,2026-10-01,Computershare,COMPUTERSHARE INVESTOR SERVICES PTY LIMITED,"Yarra Falls, 452 Johnston Street, ABBOTSFORD, VIC, AUSTRALIA, 3067",03 9415 4000,2026-08-07
CTE,CRYOSITE LIMITED,"Pharmaceuticals, Biotechnology & Life Sciences",2002-05-09,56130997,2026-10-01,Automic,AUTOMIC REGISTRY SERVICES,"Level 5, 126 Phillip Street, SYDNEY, NSW, AUSTRALIA, 2000",02 9698 5414,2026-08-07
CTM,CENTAURUS METALS LIMITED,Materials,1989-01-12,258492737,2026-10-01,Automic,AUTOMIC REGISTRY SERVICES,"Level 5, 126 Phillip Street, SYDNEY, NSW, AUSTRALIA, 2000",02 9698 5414,2026-08-07
CTN,CATALINA RESOURCES LTD,Materials,2010-02-18,13786392,2026-10-01,Automic,AUTOMIC REGISTRY SERVICES,"Level 5, 126 Phillip Street, SYDNEY, NSW, AUSTRALIA, 2000",02 9698 5414,2026-08-07
CTO,CITIGOLD CORPORATION LIMITED,Materials,1993-12-23,55200000,2026-10-01,MUFG Corporate Markets,MUFG CORPORATE MARKETS (AU) LIMITED,"Level 21, 10 Eagle Street, BRISBANE, QLD, AUSTRALIA, 4000",1300 554 474,2026-08-07
CTP,CENTRAL PETROLEUM LIMITED,Energy,2006-03-07,45165837,2026-10-01,Computershare,COMPUTERSHARE INVESTOR SERVICES PTY LIMITED,"Level 1, 200 Mary Street, BRISBANE, QLD, AUSTRALIA, 4000",1300 552 270,2026-08-07
CTQ,CARETEQ LIMITED,Health Care Equipment & Services,2022-01-10,10263662,2026-10-01,Automic,AUTOMIC REGISTRY SERVICES,"Level 5, 126 Phillip Street, SYDNEY, NSW, AUSTRALIA, 2000",02 9698 5414,2026-08-07
CTS,CERETAS LIMITED,Health Care Equipment & Services,2026-07-23,61739375,2026-10-01,Automic,AUTOMIC REGISTRY SERVICES,"Level 5, 126 Phillip Street, SYDNEY, NSW, AUSTRALIA, 2000",02 9698 5414,2026-08-07
CTT,CETTIRE LIMITED,Consumer Discretionary Distribution & Retail,2020-12-18,106746702,2026-10-01,Automic,AUTOMIC REGISTRY SERVICES,"Level 5, 126 Phillip Street, SYDNEY, NSW, AUSTRALIA, 2000",02 9698 5414,2026-08-07
CU6,CLARITY PHARMACEUTICALS LTD,"Pharmaceuticals, Biotechnology & Life Sciences",2021-08-25,783470583,2026-10-01,MUFG Corporate Markets,MUFG CORPORATE MARKETS (AU) LIMITED,"LIBERTY PLACE, LEVEL 41, 161 CASTLEREAGH ST, SYDNEY, NSW, AUSTRALIA, 2000",1300 554 474,2026-08-07
CUE,CUE ENERGY RESOURCES LIMITED,Energy,1995-12-11,77348782,2026-10-01,Computershare,COMPUTERSHARE INVESTOR SERVICES PTY LIMITED,"Yarra Falls, 452 Johnston Street, ABBOTSFORD, VIC, AUSTRALIA, 3067",03 9415 4000,2026-08-07
CUF,CUFE LTD,Materials,2005-10-13,107827671,2026-09-01,MUFG Corporate Markets,MUFG CORPORATE MARKETS (AU) LIMITED,"Level 12 QV1 Building, 250 St Georges Terrace, PERTH, WA, AUSTRALIA, 6000",1300 554 474,2026-08-07
CUL,CULLEN RESOURCES LIMITED,Materials,1988-11-23,4160411,2026-08-07,Computershare,COMPUTERSHARE INVESTOR SERVICES PTY LIMITED,"Level 4, 44 Martin Place, SYDNEY, NSW, AUSTRALIA, 2000",02 8234 5000,2026-08-07
CUP,COUNT LIMITED,Commercial & Professional Services,2010-12-22,317313409,2026-10-01,Computershare,COMPUTERSHARE INVESTOR SERVICES PTY LIMITED,"Yarra Falls, 452 Johnston Street, ABBOTSFORD, VIC, AUSTRALIA, 3067",03 9415 4000,2026-08-26
CUV,CLINUVEL PHARMACEUTICALS LIMITED,"Pharmaceuticals, Biotechnology & Life Sciences",2001-02-13,416030159,2026-10-01,Computershare,COMPUTERSHARE INVESTOR SERVICES PTY LIMITED,"Yarra Falls, 452 Johnston Street, ABBOTSFORD, VIC, AUSTRALIA, 3067",03 9415 4000,2026-08-07
CVB,CURVEBEAM AI LIMITED,Health Care Equipment & Services,2023-08-23,18807881,2026-10-01,Computershare,COMPUTERSHARE INVESTOR SERVICES PTY LIMITED,"Yarra Falls, 452 Johnston Street, ABBOTSFORD, VIC, AUSTRALIA, 3067",03 9415 4000,2026-08-07
CVC,CVC LIMITED,Financial Services,1985-06-27,197698539,2026-10-01,Computershare,COMPUTERSHARE INVESTOR SERVICES PTY LIMITED,"Level 4, 44 Martin Place, SYDNEY, NSW, AUSTRALIA, 2000",02 8234 5000,2026-08-07
CVL,CIVMEC LIMITED,Capital Goods,2018-06-22,872857188,2026-10-01,Computershare,COMPUTERSHARE INVESTOR SERVICES PTY LIMITED,"Level 17, 221 St Georges Terrace, PERTH, WA, AUSTRALIA, 6000",1300 850 505,2026-08-07
CVN,CARNARVON ENERGY LIMITED,Energy,1984-08-16,175330514,2026-10-01,MUFG Corporate Markets,MUFG CORPORATE MARKETS (AU) LIMITED,"LEVEL 4 CENTRAL PARK, 152 ST GEORGES TERRACE, PERTH, WA, AUSTRALIA, 6000",1300 554 474,2026-08-07
CVR,CAVALIER RESOURCES LIMITED,Materials,2022-06-17,20441305,2026-10-01,Automic,AUTOMIC REGISTRY SERVICES,"LEVEL 5, 191 St Georges Terrace,, PERTH, WA, AUSTRALIA, 6000",(08) 9324 2099,2026-08-07
CVV,CARAVEL MINERALS LIMITED,Materials,2006-11-03,134103014,2026-10-01,Automic,AUTOMIC REGISTRY SERVICES,"LEVEL 5, 191 St Georges Terrace,, PERTH, WA, AUSTRALIA, 6000",(08) 9324 2099,2026-08-07
CWP,CEDAR WOODS PROPERTIES LIMITED,Real Estate Management & Development,1994-08-31,517157527,2026-10-01,Computershare,COMPUTERSHARE INVESTOR SERVICES PTY LIMITED,"Level 17, 221 St Georges Terrace, PERTH, WA, AUSTRALIA, 6000",1300 850 505,2026-08-07
CWY,CLEANAWAY WASTE MANAGEMENT LIMITED,Commercial & Professional Services,2005-05-03,5784081520,2026-10-01,Computershare,COMPUTERSHARE INVESTOR SERVICES PTY LIMITED,"Level 1, 200 Mary Street, BRISBANE, QLD, AUSTRALIA, 4000",1300 552 270,2026-08-07
CXL,CALIX LIMITED,Materials,2018-07-20,50765768,2026-10-01,Boardroom,BOARDROOM PTY LIMITED,"LEVEL 8, 210 GEORGE STREET, SYDNEY, NSW, AUSTRALIA, 2000",(02) 9290 9600,2026-08-07
CXO,CORE LITHIUM LTD,Materials,2011-02-11,1019592524,2026-10-01,Automic,AUTOMIC REGISTRY SERVICES,"LEVEL 5, 191 St Georges Terrace,, PERTH, WA, AUSTRALIA, 6000",(08) 9324 2099,2026-08-07
CXU,CAULDRON ENERGY LIMITED,Energy,2005-01-28,138514438,2026-10-01,Automic,AUTOMIC REGISTRY SERVICES,"Level 5, 126 Phillip Street, SYDNEY, NSW, AUSTRALIA, 2000",02 9698 5414,2026-08-07
CXZ,CONNEXION MOBILITY LTD,Software & Services,1974-01-01,14842269,2026-10-01,Automic,AUTOMIC REGISTRY SERVICES,"Suite 5, Level 12, 530 Collins Street, MELBOURNE, VIC, AUSTRALIA, 3000",1300 288 664,2026-08-07
CY5,CYGNUS METALS LIMITED,Materials,2018-01-15,216216555,2026-10-01,Computershare,COMPUTERSHARE INVESTOR SERVICES PTY LIMITED,"Level 17, 221 St Georges Terrace, PERTH, WA, AUSTRALIA, 6000",1300 850 505,2026-08-31
CYB,AUCYBER LIMITED,Software & Services,2020-12-14,10728849,2026-10-01,MUFG Corporate Markets,MUFG CORPORATE MARKETS (AU) LIMITED,"LIBERTY PLACE, LEVEL 41, 161 CASTLEREAGH ST, SYDNEY, NSW, AUSTRALIA, 2000",1300 554 474,2026-08-07
CYC,CYCLOPHARM LIMITED,Health Care Equipment & Services,2007-01-18,56580365,2026-10-01,Automic,AUTOMIC REGISTRY SERVICES,"Level 5, 126 Phillip Street, SYDNEY, NSW, AUSTRALIA, 2000",02 9698 5414,2026-08-07
CYG,COVENTRY GROUP LIMITED,Capital Goods,1966-01-27,61188978,2026-10-01,Computershare,COMPUTERSHARE INVESTOR SERVICES PTY LIMITED,"Yarra Falls, 452 Johnston Street, ABBOTSFORD, VIC, AUSTRALIA, 3067",03 9415 4000,2026-08-07
CYL,CATALYST METALS LIMITED,Materials,2006-07-26,1529280299,2026-10-01,Automic,AUTOMIC REGISTRY SERVICES,"LEVEL 5, 191 St Georges Terrace,, PERTH, WA, AUSTRALIA, 6000",(08) 9324 2099,2026-08-07
CYM,CYPRIUM METALS LIMITED,Materials,1985-04-26,245683886,2026-10-01,Automic,AUTOMIC REGISTRY SERVICES,"LEVEL 5, 191 St Georges Terrace,, PERTH, WA, AUSTRALIA, 6000",(08) 9324 2099,2026-08-07
CYP,CYNATA THERAPEUTICS LIMITED,"Pharmaceuticals, Biotechnology & Life Sciences",2007-12-20,2677998,2026-09-01,Automic,AUTOMIC REGISTRY SERVICES,"LEVEL 5, 191 St Georges Terrace,, PERTH, WA, AUSTRALIA, 6000",(08) 9324 2099,2026-08-07
CYQ,CYCLIQ GROUP LTD,Consumer Durables & Apparel,2007-11-21,2383174,2026-10-01,Automic,AUTOMIC REGISTRY SERVICES,"Level 5, 126 Phillip Street, SYDNEY, NSW, AUSTRALIA, 2000",02 9698 5414,2026-08-07
CYV,CERYVYN THERAPEUTICS LIMITED,"Pharmaceuticals, Biotechnology & Life Sciences",1991-04-18,15047760,2026-10-01,Computershare,COMPUTERSHARE INVESTOR SERVICES PTY LIMITED,"Yarra Falls, 452 Johnston Street, ABBOTSFORD, VIC, AUSTRALIA, 3067",03 9415 4000,2026-08-07
CZN,CORAZON MINING LIMITED,Materials,2005-06-30,26292218,2026-10-01,Automic,AUTOMIC REGISTRY SERVICES,"Level 5, 126 Phillip Street, SYDNEY, NSW, AUSTRALIA, 2000",02 9698 5414,2026-08-07
CZR,CZR RESOURCES LTD,Materials,2006-08-29,48489577,2026-10-01,Automic,AUTOMIC REGISTRY SERVICES,"LEVEL 5, 191 St Georges Terrace,, PERTH, WA, AUSTRALIA, 6000",(08) 9324 2099,2026-08-07
D3E,D3 ENERGY LIMITED,Energy,2024-05-13,37204771,2026-10-01,Automic,AUTOMIC REGISTRY SERVICES,"Level 5, 126 Phillip Street, SYDNEY, NSW, AUSTRALIA, 2000",02 9698 5414,2026-08-07
DAF,DISCOVERY ALASKA LIMITED,Materials,2011-09-22,3709226,2026-10-01,Automic,AUTOMIC REGISTRY SERVICES,"LEVEL 5, 191 St Georges Terrace,, PERTH, WA, AUSTRALIA, 6000",(08) 9324 2099,2026-08-07
DAI,DECIDR AI INDUSTRIES LTD,"Food, Beverage & Tobacco",2020-12-14,95170812,2026-10-01,Automic,AUTOMIC REGISTRY SERVICES,"Level 5, 126 Phillip Street, SYDNEY, NSW, AUSTRALIA, 2000",02 9698 5414,2026-08-07
DAL,DALAROO METALS LTD,Materials,2021-09-28,25682792,2026-10-01,Automic,AUTOMIC REGISTRY SERVICES,"Level 5, 126 Phillip Street, SYDNEY, NSW, AUSTRALIA, 2000",02 9698 5414,2026-08-07
DBF,DUXTON FARMS LTD,"Food, Beverage & Tobacco",2018-02-08,38031004,2026-10-01,Computershare,COMPUTERSHARE INVESTOR SERVICES PTY LIMITED,"Level 5, 115 Grenfell Street, ADELAIDE, SA, AUSTRALIA, 5000",08 8236 2300,2026-08-31
DBI,DALRYMPLE BAY INFRASTRUCTURE LIMITED,Transportation,2020-12-08,2612663985,2026-10-01,MUFG Corporate Markets,MUFG CORPORATE MARKETS (AU) LIMITED,"LIBERTY PLACE, LEVEL 41, 161 CASTLEREAGH ST, SYDNEY, NSW, AUSTRALIA, 2000",1300 554 474,2026-08-07
DBO,DIABLO RESOURCES LIMITED,Materials,2021-10-12,8116095,2026-10-01,Automic,AUTOMIC REGISTRY SERVICES,"LEVEL 5, 191 St Georges Terrace,, PERTH, WA, AUSTRALIA, 6000",(08) 9324 2099,2026-08-07
DCC,DIGITALX LIMITED,Software & Services,1989-02-06,41055326,2026-10-01,Automic,AUTOMIC REGISTRY SERVICES,"Level 5, 126 Phillip Street, SYDNEY, NSW, AUSTRALIA, 2000",02 9698 5414,2026-08-07
DDR,DICKER DATA LIMITED,Technology Hardware & Equipment,2011-01-24,2805479243,2026-10-01,MUFG Corporate Markets,MUFG CORPORATE MARKETS (AU) LIMITED,"LIBERTY PLACE, LEVEL 41, 161 CASTLEREAGH ST, SYDNEY, NSW, AUSTRALIA, 2000",1300 554 474,2026-08-07
DDT,DATADOT TECHNOLOGY LIMITED,Automobiles & Components,2005-01-12,5487543,2026-10-01,Boardroom,BOARDROOM PTY LIMITED,"LEVEL 8, 210 GEORGE STREET, SYDNEY, NSW, AUSTRALIA, 2000",(02) 9290 9600,2026-08-07
DEL,DELOREAN CORPORATION LIMITED,Utilities,2021-04-12,19987913,2026-10-10,,,,,2026-10-10
DEM,DE.MEM LIMITED,Utilities,2017-04-07,39272995,2026-10-01,MUFG Corporate Markets,MUFG CORPORATE MARKETS,"LIBERTY PLACE, LEVEL 41, 161 CASTLEREAGH ST, SYDNEY, NSW, AUSTRALIA, 2000",1300 554 474,2026-08-07
DES,DESOTO RESOURCES LIMITED,Materials,2022-12-16,33214269,2026-10-01,Automic,AUTOMIC REGISTRY SERVICES,"LEVEL 5, 191 St Georges Terrace,, PERTH, WA, AUSTRALIA, 6000",(08) 9324 2099,2026-08-07
DEV,DEVEX RESOURCES LIMITED,Energy,2000-10-03,117204520,2026-10-01,Computershare,COMPUTERSHARE INVESTOR SERVICES PTY LIMITED,"Level 17, 221 St Georges Terrace, PERTH, WA, AUSTRALIA, 6000",1300 850 505,2026-08-07
DGH,DESANE GROUP HOLDINGS LIMITED,Real Estate Management & Development,1987-09-04,30273393,2026-10-01,Computershare,COMPUTERSHARE INVESTOR SERVICES PTY LIMITED,"Level 5, 115 Grenfell Street, ADELAIDE, SA, AUSTRALIA, 5000",08 8236 2300,2026-08-07
DGL,DGL GROUP LIMITED,Materials,2021-05-24,82715326,2026-10-01,MUFG Corporate Markets,MUFG CORPORATE MARKETS (AU) LIMITED,"LIBERTY PLACE, LEVEL 41, 161 CASTLEREAGH ST, SYDNEY, NSW, AUSTRALIA, 2000",1300 554 474,2026-08-07
DGR,DGR GLOBAL LIMITED,Materials,2003-08-21,31310879,2026-10-01,MUFG Corporate Markets,MUFG CORPORATE MARKETS (AU) LIMITED,"Level 21, 10 Eagle Street, BRISBANE, QLD, AUSTRALIA, 4000",1300 554 474,2026-08-07
DGT,DIGICO INFRASTRUCTURE REIT,Class Pend,2024-12-13,1408841242,2026-10-01,MUFG Corporate Markets,MUFG CORPORATE MARKETS (AU) LIMITED,"LIBERTY PLACE, LEVEL 41, 161 CASTLEREAGH ST, SYDNEY, NSW, AUSTRALIA, 2000",1300 554 474,2026-08-07
DJW,DJERRIWARRH INVESTMENTS LIMITED,Not Applic,1995-06-28,746189693,2026-10-01,MUFG Corporate Markets,MUFG CORPORATE MARKETS (AU) LIMITED,"LIBERTY PLACE, LEVEL 41, 161 CASTLEREAGH ST, SYDNEY, NSW, AUSTRALIA, 2000",1300 554 474,2026-08-07
DKM,DUKETON MINING LIMITED,Materials,2014-08-04,13722517,2026-10-01,Automic,AUTOMIC REGISTRY SERVICES,"LEVEL 5, 191 St Georges Terrace,, PERTH, WA, AUSTRALIA, 6000",(08) 9324 2099,2026-08-07
DLI,DELTA LITHIUM LIMITED,Materials,2017-11-03,118760871,2026-10-01,Computershare,COMPUTERSHARE INVESTOR SERVICES PTY LIMITED,"Level 17, 221 St Georges Terrace, PERTH, WA, AUSTRALIA, 6000",1300 850 505,2026-08-07
DLY,DALY RESOURCES LIMITED,Materials,2026-06-23,12285000,2026-10-01,Automic,AUTOMIC REGISTRY SERVICES,"LEVEL 5, 191 St Georges Terrace,, PERTH, WA, AUSTRALIA, 6000",(08) 9324 2099,2026-08-07
DM1,DESERT METALS LIMITED,Materials,2020-12-18,4347712,2026-10-01,Automic,AUTOMIC REGISTRY SERVICES,"LEVEL 5, 191 St Georges Terrace,, PERTH, WA, AUSTRALIA, 6000",(08) 9324 2099,2026-08-07
DME,DOME GOLD MINES LIMITED,Materials,2013-10-22,,2026-10-01,Computershare,COMPUTERSHARE INVESTOR SERVICES PTY LIMITED,"Level 4, 44 Martin Place, SYDNEY, NSW, AUSTRALIA, 2000",02 8234 5000,2026-08-07
DMP,DOMINO'S PIZZA ENTERPRISES LIMITED,Consumer Services,2005-05-16,1892094914,2026-10-01,MUFG Corporate Markets,MUFG CORPORATE MARKETS (AU) LIMITED,"Level 21, 10 Eagle Street, BRISBANE, QLD, AUSTRALIA, 4000",1300 554 474,2026-08-07
DN1,DOMINION INCOME TRUST 1,Not Applic,2025-03-04,338100000,2026-10-01,Boardroom,BOARDROOM PTY LIMITED,"LEVEL 8, 210 GEORGE STREET, SYDNEY, NSW, AUSTRALIA, 2000",(02) 9290 9600,2026-08-07
DNL,DYNO NOBEL LIMITED.,Materials,2003-07-28,6987882195,2026-10-01,MUFG Corporate Markets,MUFG CORPORATE MARKETS (AU) LIMITED,"Tower 4, 727 Collins Street, DOCKLANDS, VIC, AUSTRALIA, 3008",1300 554 474,2026-08-07
DOC,DOCTOR CARE ANYWHERE GROUP PLC,Health Care Equipment & Services,2020-12-04,42223966,2026-10-01,Computershare,COMPUTERSHARE INVESTOR SERVICES PTY LIMITED,"Yarra Falls, 452 Johnston Street, ABBOTSFORD, VIC, AUSTRALIA, 3067",03 9415 4000,2026-08-07
DOW,DOWNER EDI LIMITED,Commercial & Professional Services,1990-12-20,4386960809,2026-10-01,Computershare,COMPUTERSHARE INVESTOR SERVICES PTY LIMITED,"Level 4, 44 Martin Place, SYDNEY, NSW, AUSTRALIA, 2000",02 8234 5000,2026-08-07
DPM,DPM METALS INC.,Materials,2025-09-18,14606131169,2026-10-01,Computershare,COMPUTERSHARE INVESTOR SERVICES PTY LIMITED,"Yarra Falls, 452 Johnston Street, ABBOTSFORD, VIC, AUSTRALIA, 3067",03 9415 4000,2026-08-07
DRE,DREADNOUGHT RESOURCES LTD,Materials,2006-10-31,68702400,2026-10-01,Automic,AUTOMIC REGISTRY SERVICES,"LEVEL 5, 191 St Georges Terrace,, PERTH, WA, AUSTRALIA, 6000",(08) 9324 2099,2026-08-07
DRO,DRONESHIELD LIMITED,Capital Goods,2016-06-22,1586957627,2026-10-01,Automic,AUTOMIC REGISTRY SERVICES,"Level 5, 126 Phillip Street, SYDNEY, NSW, AUSTRALIA, 2000",02 9698 5414,2026-08-07
DRR,DETERRA ROYALTIES LIMITED,Materials,2020-10-23,2148344574,2026-10-01,Computershare,COMPUTERSHARE INVESTOR SERVICES PTY LIMITED,"Level 17, 221 St Georges Terrace, PERTH, WA, AUSTRALIA, 6000",1300 850 505,2026-08-07
DRX,DIATREME RESOURCES LIMITED,Materials,2005-06-22,70115946,2026-08-07,Automic,AUTOMIC REGISTRY SERVICES,"Level 5, 126 Phillip Street, SYDNEY, NSW, AUSTRALIA, 2000",02 9698 5414,2026-08-07
DSK,DUSK GROUP LIMITED,Consumer Discretionary Distribution & Retail,2020-11-02,45144202,2026-10-01,Computershare,COMPUTERSHARE INVESTOR SERVICES PTY LIMITED,"Yarra Falls, 452 Johnston Street, ABBOTSFORD, VIC, AUSTRALIA, 3067",03 9415 4000,2026-08-07
DSM,DESERT MINERALS LTD,Materials,2025-10-21,19996676,2026-09-01,Automic,AUTOMIC REGISTRY SERVICES,"LEVEL 5, 191 St Georges Terrace,, PERTH, WA, AUSTRALIA, 6000",(08) 9324 2099,2026-08-07
DTL,DATA#3 LIMITED,Software & Services,1997-12-23,1959964687,2026-10-01,MUFG Corporate Markets,MUFG CORPORATE MARKETS (AU) LIMITED,"Level 21, 10 Eagle Street, BRISBANE, QLD, AUSTRALIA, 4000",1300 554 474,2026-08-07
DTM,DART MINING NL,Materials,2007-05-10,3676454,2026-09-01,Automic,AUTOMIC REGISTRY SERVICES,"Level 5, 126 Phillip Street, SYDNEY, NSW, AUSTRALIA, 2000",02 9698 5414,2026-08-07
DTR,DATELINE RESOURCES LIMITED,Materials,2011-06-23,421505215,2026-10-01,Automic,AUTOMIC REGISTRY SERVICES,"Level 5, 126 Phillip Street, SYDNEY, NSW, AUSTRALIA, 2000",02 9698 5414,2026-08-07
DTZ,DOTZ NANO LIMITED,Technology Hardware & Equipment,2007-12-13,18843509,2026-10-01,Automic,AUTOMIC REGISTRY SERVICES,"Level 5, 126 Phillip Street, SYDNEY, NSW, AUSTRALIA, 2000",02 9698 5414,2026-08-07
DUB,DUBBER CORPORATION LIMITED,Software & Services,2000-06-30,24405998,2026-09-01,Automic,AUTOMIC REGISTRY SERVICES,"LEVEL 5, 191 St Georges Terrace,, PERTH, WA, AUSTRALIA, 6000",(08) 9324 2099,2026-08-07
DUG,DUG TECHNOLOGY LTD,Software & Services,2020-08-12,215752931,2026-10-01,Computershare,COMPUTERSHARE INVESTOR SERVICES PTY LIMITED,"Level 17, 221 St Georges Terrace, PERTH, WA, AUSTRALIA, 6000",1300 850 505,2026-08-07
DUN,DUNDAS MINERALS LIMITED,Materials,2021-11-10,11751259,2026-10-01,Automic,AUTOMIC REGISTRY SERVICES,"LEVEL 5, 191 St Georges Terrace,, PERTH, WA, AUSTRALIA, 6000",(08) 9324 2099,2026-08-07
DUR,DURATEC LIMITED,Capital Goods,2020-11-04,596747745,2026-10-01,Computershare,COMPUTERSHARE INVESTOR SERVICES PTY LIMITED,"Level 17, 221 St Georges Terrace, PERTH, WA, AUSTRALIA, 6000",1300 850 505,2026-08-07
DVL,DORSAVI LTD,"Pharmaceuticals, Biotechnology & Life Sciences",2013-12-11,30875712,2026-10-01,Computershare,COMPUTERSHARE INVESTOR SERVICES PTY LIMITED,"Yarra Falls, 452 Johnston Street, ABBOTSFORD, VIC, AUSTRALIA, 3067",03 9415 4000,2026-08-07
DVP,DEVELOP GLOBAL LIMITED,Materials,2007-04-27,1425537252,2026-10-01,Automic,AUTOMIC REGISTRY SERVICES,"LEVEL 5, 191 St Georges Terrace,, PERTH, WA, AUSTRALIA, 6000",(08) 9324 2099,2026-08-07
DWG,DATAWORKS GROUP LIMITED,Software & Services,2017-11-15,15366519,2026-10-01,Automic,AUTOMIC REGISTRY SERVICES,"Level 5, 126 Phillip Street, SYDNEY, NSW, AUSTRALIA, 2000",02 9698 5414,2026-08-07
DXB,DIMERIX LIMITED,"Pharmaceuticals, Biotechnology & Life Sciences",1993-02-04,141093242,2026-10-01,Automic,AUTOMIC REGISTRY SERVICES,"Level 5, 126 Phillip Street, SYDNEY, NSW, AUSTRALIA, 2000",02 9698 5414,2026-08-07
DXC,DEXUS CONVENIENCE RETAIL REIT,Equity Real Estate Investment Trusts (REITs),2017-07-27,355613236,2026-10-01,MUFG Corporate Markets,MUFG CORPORATE MARKETS (AU) LIMITED,"Tower 4, 727 Collins Street, DOCKLANDS, VIC, AUSTRALIA, 3008",1300 554 474,2026-08-07
DXI,DEXUS INDUSTRIA REIT.,Equity Real Estate Investment Trusts (REITs),2013-12-03,709258342,2026-10-01,MUFG Corporate Markets,MUFG CORPORATE MARKETS (AU) LIMITED,"Tower 4, 727 Collins Street, DOCKLANDS, VIC, AUSTRALIA, 3008",1300 554 474,2026-08-07
DXN,DXN LIMITED,Software & Services,2018-04-11,196971706,2026-10-01,Automic,AUTOMIC REGISTRY SERVICES,"LEVEL 5, 191 St Georges Terrace,, PERTH, WA, AUSTRALIA, 6000",(08) 9324 2099,2026-08-07
DXS,DEXUS,Equity Real Estate Investment Trusts (REITs),2004-10-06,5957627705,2026-10-01,MUFG Corporate Markets,MUFG CORPORATE MARKETS (AU) LIMITED,"LIBERTY PLACE, LEVEL 41, 161 CASTLEREAGH ST, SYDNEY, NSW, AUSTRALIA, 2000",1300 554 474,2026-08-07
DYL,DEEP YELLOW LIMITED,Energy,1985-12-19,1100897066,2026-10-01,Computershare,COMPUTERSHARE INVESTOR SERVICES PTY LIMITED,"Level 17, 221 St Georges Terrace, PERTH, WA, AUSTRALIA, 6000",1300 850 505,2026-08-07
DYM,DYNAMIC METALS LIMITED,Materials,2023-01-16,31486162,2026-10-01,Automic,AUTOMIC REGISTRY SERVICES,"LEVEL 5, 191 St Georges Terrace,, PERTH, WA, AUSTRALIA, 6000",(08) 9324 2099,2026-08-07
E25,ELEMENT 25 LIMITED,Materials,2006-11-09,79858526,2026-10-01,Automic,AUTOMIC REGISTRY SERVICES,"LEVEL 5, 191 St Georges Terrace,, PERTH, WA, AUSTRALIA, 6000",(08) 9324 2099,2026-08-07
E79,E79 GOLD MINES LIMITED,Materials,2021-10-07,9899559,2026-09-01,Automic,AUTOMIC REGISTRY SERVICES,"LEVEL 5, 191 St Georges Terrace,, PERTH, WA, AUSTRALIA, 6000",(08) 9324 2099,2026-08-07
EAU,EAU LITHIUM LTD,Materials,2021-12-01,37499644,2026-10-01,,,,,2026-09-02
EAX,ENERGY ACTION LIMITED,Commercial & Professional Services,2011-10-13,14302676,2026-10-01,MUFG Corporate Markets,MUFG CORPORATE MARKETS (AU) LIMITED,"LIBERTY PLACE, LEVEL 41, 161 CASTLEREAGH ST, SYDNEY, NSW, AUSTRALIA, 2000",1300 554 474,2026-08-07
EBO,EBOS GROUP LIMITED,Health Care Equipment & Services,2013-12-06,3225705041,2026-10-01,Computershare,COMPUTERSHARE INVESTOR SERVICES PTY. LIMITED,"YARRA FALLS, 452 JOHNSTON STREET, ABBOTSFORD, VIC, AUSTRALIA, 3067",1800 501 366,2026-08-07
EBR,EBR SYSTEMS INC.,Health Care Equipment & Services,2021-11-24,224033878,2026-10-01,Computershare,COMPUTERSHARE INVESTOR SERVICES PTY LIMITED,"Yarra Falls, 452 Johnston Street, ABBOTSFORD, VIC, AUSTRALIA, 3067",03 9415 4000,2026-08-26
ECH,ECHELON RESOURCES LIMITED,Energy,2020-09-25,78942670,2026-10-01,Computershare,COMPUTERSHARE INVESTOR SERVICES PTY LIMITED,"Yarra Falls, 452 Johnston Street, ABBOTSFORD, VIC, AUSTRALIA, 3067",03 9415 4000,2026-08-07
ECL,EXCELSIOR CAPITAL LTD,Capital Goods,1993-04-22,,2026-09-01,MUFG Corporate Markets,MUFG CORPORATE MARKETS (AU) LIMITED,"Level 21, 10 Eagle Street, BRISBANE, QLD, AUSTRALIA, 4000",1300 554 474,2026-08-07
ECP,ECP EMERGING GROWTH LIMITED,Not Applic,2014-08-14,11429538,2026-10-01,Automic,AUTOMIC REGISTRY SERVICES,"Level 5, 126 Phillip Street, SYDNEY, NSW, AUSTRALIA, 2000",02 9698 5414,2026-08-07
ECS,ECS BOTANICS HOLDINGS LTD,"Pharmaceuticals, Biotechnology & Life Sciences",1986-03-13,8805773,2026-10-01,Automic,AUTOMIC REGISTRY SERVICES,"Level 5, 126 Phillip Street, SYDNEY, NSW, AUSTRALIA, 2000",02 9698 5414,2026-08-07
ECT,ENVIRONMENTAL CLEAN TECHNOLOGIES LIMITED.,Commercial & Professional Services,1986-02-05,43957806,2026-10-01,Automic,AUTOMIC REGISTRY SERVICES,"Level 5, 126 Phillip Street, SYDNEY, NSW, AUSTRALIA, 2000",02 9698 5414,2026-08-07
EDE,EDEN INNOVATIONS LTD,Energy,2006-06-06,34753383,2026-10-01,Automic,AUTOMIC REGISTRY SERVICES,"Level 5, 126 Phillip Street, SYDNEY, NSW, AUSTRALIA, 2000",02 9698 5414,2026-08-07
EDU,EDU HOLDINGS LIMITED,Consumer Services,2004-06-25,133911352,2026-10-01,Automic,AUTOMIC REGISTRY SERVICES,"Level 5, 126 Phillip Street, SYDNEY, NSW, AUSTRALIA, 2000",02 9698 5414,2026-08-07
EDV,ENDEAVOUR GROUP LIMITED,Consumer Staples Distribution & Retail,2021-06-24,5333305249,2026-10-01,MUFG Corporate Markets,MUFG CORPORATE MARKETS (AU) LIMITED,"LIBERTY PLACE, LEVEL 41, 161 CASTLEREAGH ST, SYDNEY, NSW, AUSTRALIA, 2000",1300 554 474,2026-08-07
EE1,EARTHS ENERGY LIMITED,Materials,2011-09-16,,2026-08-07,Automic,AUTOMIC REGISTRY SERVICES,"Level 5, 126 Phillip Street, SYDNEY, NSW, AUSTRALIA, 2000",02 9698 5414,2026-08-07
EF2,ENERGY FUELS INC.,Class Pend,2026-08-20,4133332188,2026-10-01,Computershare,COMPUTERSHARE INVESTOR SERVICES PTY LIMITED,"Yarra Falls, 452 Johnston Street, ABBOTSFORD, VIC, AUSTRALIA, 3067",03 9415 4000,2026-08-20
EFE,EASTERN RESOURCES LIMITED,Materials,2008-05-16,3630484,2026-10-01,Computershare,COMPUTERSHARE INVESTOR SERVICES PTY LIMITED,"Level 17, 221 St Georges Terrace, PERTH, WA, AUSTRALIA, 6000",1300 850 505,2026-08-07
EFR,EVERFLOW RESOURCES LTD,Materials,2007-07-31,,2026-10-01,,,,,2026-08-07
EG1,EVERGOLD MINERALS LIMITED,Materials,2023-04-11,10047443,2026-10-01,Automic,AUTOMIC REGISTRY SERVICES,"LEVEL 5, 191 St Georges Terrace,, PERTH, WA, AUSTRALIA, 6000",(08) 9324 2099,2026-08-07
EGA,EASTERN GAS CORPORATION LIMITED,Energy,2026-02-26,16200000,2026-09-01,Automic,AUTOMIC REGISTRY SERVICES,"Level 5, 126 Phillip Street, SYDNEY, NSW, AUSTRALIA, 2000",02 9698 5414,2026-08-07
EGG,ENERO GROUP LIMITED,Media & Entertainment,2004-04-30,20415402,2026-10-01,Automic,AUTOMIC REGISTRY SERVICES,"Level 5, 126 Phillip Street, SYDNEY, NSW, AUSTRALIA, 2000",02 9698 5414,2026-08-07
EGH,EUREKA GROUP HOLDINGS LIMITED,Real Estate Management & Development,2004-07-01,348123077,2026-10-01,MUFG Corporate Markets,MUFG CORPORATE MARKETS (AU) LIMITED,"Level 21, 10 Eagle Street, BRISBANE, QLD, AUSTRALIA, 4000",1300 554 474,2026-08-07
EGL,ENVIRONMENTAL GROUP LIMITED (THE),Capital Goods,1981-02-12,27395841,2026-10-01,Boardroom,BOARDROOM PTY LIMITED,"LEVEL 8, 210 GEORGE STREET, SYDNEY, NSW, AUSTRALIA, 2000",(02) 9290 9600,2026-08-07
EGR,ECOGRAF LIMITED,Materials,2010-10-29,133849852,2026-10-01,MUFG Corporate Markets,MUFG CORPORATE MARKETS (AU) LIMITED,"Level 12 QV1 Building, 250 St Georges Terrace, PERTH, WA, AUSTRALIA, 6000",1300 554 474,2026-08-07
EGY,ENERGY TECHNOLOGIES LIMITED,Capital Goods,1992-10-22,12493981,2026-10-01,Computershare,COMPUTERSHARE INVESTOR SERVICES PTY LIMITED,"Level 4, 44 Martin Place, SYDNEY, NSW, AUSTRALIA, 2000",02 8234 5000,2026-08-07
EHL,EMECO HOLDINGS LIMITED,Capital Goods,2006-07-28,622049708,2026-10-01,MUFG Corporate Markets,MUFG CORPORATE MARKETS (AU) LIMITED,"LIBERTY PLACE, LEVEL 41, 161 CASTLEREAGH ST, SYDNEY, NSW, AUSTRALIA, 2000",1300 554 474,2026-08-07
EIQ,ECHOIQ LIMITED,Software & Services,2010-12-17,422298624,2026-10-01,Computershare,COMPUTERSHARE INVESTOR SERVICES PTY LIMITED,"Level 17, 221 St Georges Terrace, PERTH, WA, AUSTRALIA, 6000",1300 850 505,2026-08-07
EL8,ELEVATE URANIUM LTD,Energy,1985-10-23,101389844,2026-10-01,Automic,AUTOMIC REGISTRY SERVICES,"Level 5, 126 Phillip Street, SYDNEY, NSW, AUSTRALIA, 2000",02 9698 5414,2026-08-07
ELD,ELDERS LIMITED,"Food, Beverage & Tobacco",1981-06-30,1363474531,2026-10-01,Boardroom,BOARDROOM PTY LIMITED,"LEVEL 8, 210 GEORGE STREET, SYDNEY, NSW, AUSTRALIA, 2000",(02) 9290 9600,2026-08-07
ELK,ELK RANGE MINING LIMITED,Materials,2026-08-10,20807240,2026-10-01,Automic,AUTOMIC REGISTRY SERVICES,"LEVEL 5, 191 St Georges Terrace,, PERTH, WA, AUSTRALIA, 6000",(08) 9324 2099,2026-08-19
ELS,ELSIGHT LIMITED,Technology Hardware & Equipment,2017-06-08,1048449062,2026-10-01,Automic,AUTOMIC REGISTRY SERVICES,"LEVEL 5, 191 St Georges Terrace,, PERTH, WA, AUSTRALIA, 6000",(08) 9324 2099,2026-08-07
ELT,ELEMENTOS LIMITED,Materials,2009-12-23,232302379,2026-10-01,Boardroom,BOARDROOM PTY LIMITED,"LEVEL 8, 210 GEORGE STREET, SYDNEY, NSW, AUSTRALIA, 2000",(02) 9290 9600,2026-08-26
ELV,ELEVRA LITHIUM LIMITED,Materials,2004-03-30,1018584152,2026-10-01,Computershare,COMPUTERSHARE INVESTOR SERVICES PTY LIMITED,"Level 1, 200 Mary Street, BRISBANE, QLD, AUSTRALIA, 4000",1300 552 270,2026-08-07
EM2,EAGLE MOUNTAIN MINING LIMITED,Materials,2018-03-16,9232558,2026-10-01,Computershare,COMPUTERSHARE INVESTOR SERVICES PTY LIMITED,"Level 17, 221 St Georges Terrace, PERTH, WA, AUSTRALIA, 6000",1300 850 505,2026-08-07
EM3,EMC GOLD CORPORATION,Materials,2018-08-29,43240004,2026-10-01,Computershare,COMPUTERSHARE INVESTOR SERVICES PTY LIMITED,"Level 17, 221 St Georges Terrace, PERTH, WA, AUSTRALIA, 6000",1300 850 505,2026-08-07
EMA,EMINENCE MINERALS LIMITED,Materials,2021-10-13,8059894,2026-10-01,Automic,AUTOMIC REGISTRY SERVICES,"Level 5, 126 Phillip Street, SYDNEY, NSW, AUSTRALIA, 2000",02 9698 5414,2026-08-07
EMB,EMBELTON LIMITED,Capital Goods,1974-01-01,17802320,2026-10-01,Boardroom,BOARDROOM PTY LIMITED,"LEVEL 8, 210 GEORGE STREET, SYDNEY, NSW, AUSTRALIA, 2000",(02) 9290 9600,2026-08-07
EMC,EVEREST METALS CORPORATION LTD,Materials,2006-10-18,29777772,2026-10-01,Computershare,COMPUTERSHARE INVESTOR SERVICES PTY LIMITED,"Level 5, 115 Grenfell Street, ADELAIDE, SA, AUSTRALIA, 5000",08 8236 2300,2026-08-07
EMD,EMYRIA LIMITED,Health Care Equipment & Services,2020-02-12,36300871,2026-10-01,Automic,AUTOMIC REGISTRY SERVICES,"LEVEL 5, 191 St Georges Terrace,, PERTH, WA, AUSTRALIA, 6000",(08) 9324 2099,2026-08-07
EME,ENERGY METALS LTD,Energy,2005-09-09,18242448,2026-10-01,Automic,AUTOMIC REGISTRY SERVICES,"LEVEL 5, 191 St Georges Terrace,, PERTH, WA, AUSTRALIA, 6000",(08) 9324 2099,2026-08-07
EMH,EUROPEAN METALS HOLDINGS LIMITED,Materials,2012-07-19,45185554,2026-10-01,Computershare,COMPUTERSHARE INVESTOR SERVICES PTY LIMITED,"Level 17, 221 St Georges Terrace, PERTH, WA, AUSTRALIA, 6000",1300 850 505,2026-08-07
EML,EML PAYMENTS LIMITED,Financial Services,2006-01-18,85940249,2026-10-01,MUFG Corporate Markets,MUFG CORPORATE MARKETS (AU) LIMITED,"LIBERTY PLACE, LEVEL 41, 161 CASTLEREAGH ST, SYDNEY, NSW, AUSTRALIA, 2000",1300 554 474,2026-08-07
EMN,EURO MANGANESE INC,Materials,2018-10-02,12151133,2026-10-01,Computershare,COMPUTERSHARE INVESTOR SERVICES PTY LIMITED,"Level 4, 44 Martin Place, SYDNEY, NSW, AUSTRALIA, 2000",02 8234 5000,2026-08-07
EMP,EMPEROR ENERGY LIMITED,Energy,1987-06-05,111239544,2026-10-01,Automic,AUTOMIC REGISTRY SERVICES,"Level 5, 126 Phillip Street, SYDNEY, NSW, AUSTRALIA, 2000",02 9698 5414,2026-08-07
EMR,EMERALD RESOURCES NL,Materials,1994-07-22,4509487259,2026-10-01,Automic,AUTOMIC REGISTRY SERVICES,"LEVEL 5, 191 St Georges Terrace,, PERTH, WA, AUSTRALIA, 6000",(08) 9324 2099,2026-08-07
EMT,EMETALS LIMITED,Materials,2010-10-26,4095005,2026-10-01,Automic,AUTOMIC REGISTRY SERVICES,"LEVEL 5, 191 St Georges Terrace,, PERTH, WA, AUSTRALIA, 6000",(08) 9324 2099,2026-08-07
EMU,EMU NL,Materials,2008-02-27,8109953,2026-10-10,,,,,2026-10-10
EMUCA,EMU NL,Materials,2008-02-27,,2026-09-01,,,,,2026-10-10
EMV,EMVISION MEDICAL DEVICES LTD,Health Care Equipment & Services,2018-12-13,145940231,2026-10-01,Automic,AUTOMIC REGISTRY SERVICES,"Level 5, 126 Phillip Street, SYDNEY, NSW, AUSTRALIA, 2000",02 9698 5414,2026-08-07
ENL,ENLITIC INC.,Health Care Equipment & Services,2023-12-19,26891540,2026-10-01,,,,,2026-09-21
ENP,ENTROPY NEURODYNAMICS LIMITED,"Pharmaceuticals, Biotechnology & Life Sciences",2018-12-18,62893359,2026-10-01,Automic,AUTOMIC REGISTRY SERVICES,"Level 5, 126 Phillip Street, SYDNEY, NSW, AUSTRALIA, 2000",02 9698 5414,2026-08-07
ENR,ENCOUNTER RESOURCES LIMITED,Materials,2006-03-24,162534765,2026-10-01,Automic,AUTOMIC REGISTRY SERVICES,"LEVEL 5, 191 St Georges Terrace,, PERTH, WA, AUSTRALIA, 6000",(08) 9324 2099,2026-08-07
ENT,ENTERPRISE METALS LIMITED,Materials,2007-06-20,5752285,2026-10-01,Automic,AUTOMIC REGISTRY SERVICES,"LEVEL 5, 191 St Georges Terrace,, PERTH, WA, AUSTRALIA, 6000",(08) 9324 2099,2026-08-07
ENV,ENOVA MINING LIMITED,Materials,2007-04-13,4555218,2026-10-01,Boardroom,BOARDROOM PTY LIMITED,"LEVEL 8, 210 GEORGE STREET, SYDNEY, NSW, AUSTRALIA, 2000",(02) 9290 9600,2026-08-07
EOL,ENERGY ONE LIMITED,Software & Services,2007-01-15,498430020,2026-10-01,MUFG Corporate Markets,MUFG CORPORATE MARKETS (AU) LIMITED,"Level 21, 10 Eagle Street, BRISBANE, QLD, AUSTRALIA, 4000",1300 554 474,2026-08-07
EOS,ELECTRO OPTIC SYSTEMS HOLDINGS LIMITED,Capital Goods,2000-10-23,2487498258,2026-10-01,MUFG Corporate Markets,MUFG CORPORATE MARKETS (AU) LIMITED,"LIBERTY PLACE, LEVEL 41, 161 CASTLEREAGH ST, SYDNEY, NSW, AUSTRALIA, 2000",1300 554 474,2026-08-07
EPI,EPIMINDER LIMITED,Health Care Equipment & Services,2025-12-01,57417988,2026-10-01,Boardroom,BOARDROOM PTY LIMITED,"LEVEL 8, 210 GEORGE STREET, SYDNEY, NSW, AUSTRALIA, 2000",(02) 9290 9600,2026-08-07
EPM,ECLIPSE METALS LIMITED.,Energy,2011-02-17,46085233,2026-08-07,Automic,AUTOMIC REGISTRY SERVICES,"LEVEL 5, 191 St Georges Terrace,, PERTH, WA, AUSTRALIA, 6000",(08) 9324 2099,2026-08-07
EPN,EPSILON HEALTHCARE LIMITED,"Pharmaceuticals, Biotechnology & Life Sciences",2017-05-04,10116704,2026-10-01,Computershare,COMPUTERSHARE INVESTOR SERVICES PTY LIMITED,"Yarra Falls, 452 Johnston Street, ABBOTSFORD, VIC, AUSTRALIA, 3067",03 9415 4000,2026-08-07
EPX,EPX LIMITED,Software & Services,2021-05-12,15133357,2026-10-01,Boardroom,BOARDROOM PTY LIMITED,"LEVEL 8, 210 GEORGE STREET, SYDNEY, NSW, AUSTRALIA, 2000",(02) 9290 9600,2026-08-07
EPY,EARLYPAY LTD,Financial Services,2010-02-23,33148851,2026-10-01,Computershare,COMPUTERSHARE INVESTOR SERVICES PTY LIMITED,"Level 4, 44 Martin Place, SYDNEY, NSW, AUSTRALIA, 2000",02 8234 5000,2026-08-07
EQR,EQ RESOURCES LIMITED,Materials,2006-06-06,2308490612,2026-10-01,Automic,AUTOMIC REGISTRY SERVICES,"Level 5, 126 Phillip Street, SYDNEY, NSW, AUSTRALIA, 2000",02 9698 5414,2026-08-07
EQT,EQT HOLDINGS LIMITED,Financial Services,1985-08-06,563504844,2026-10-01,MUFG Corporate Markets,MUFG CORPORATE MARKETS (AU) LIMITED,"Tower 4, 727 Collins Street, DOCKLANDS, VIC, AUSTRALIA, 3008",1300 554 474,2026-08-07
EQU,EQUUS ENERGY LIMITED,Energy,2025-12-18,75718180,2026-10-01,Automic,AUTOMIC REGISTRY SERVICES,"LEVEL 5, 191 St Georges Terrace,, PERTH, WA, AUSTRALIA, 6000",(08) 9324 2099,2026-08-07
EQX,EQUATORIAL RESOURCES LIMITED,Materials,1987-05-14,19716803,2026-10-01,Computershare,COMPUTERSHARE INVESTOR SERVICES PTY LIMITED,"Level 17, 221 St Georges Terrace, PERTH, WA, AUSTRALIA, 6000",1300 850 505,2026-08-07
ERA,ENERGY RESOURCES OF AUSTRALIA LIMITED,Energy,1980-11-19,,2026-08-07,Computershare,COMPUTERSHARE INVESTOR SERVICES PTY LIMITED,"Level 1, 200 Mary Street, BRISBANE, QLD, AUSTRALIA, 4000",1300 552 270,2026-08-07
ERD,EROAD LIMITED,Technology Hardware & Equipment,2020-09-18,148429906,2026-10-01,Computershare,COMPUTERSHARE INVESTOR SERVICES PTY LIMITED,"Yarra Falls, 452 Johnston Street, ABBOTSFORD, VIC, AUSTRALIA, 3067",03 9415 4000,2026-08-07
ERE,EUROPEAN RESOURCES LIMITED,Materials,2020-12-04,9798808,2026-10-01,Computershare,COMPUTERSHARE INVESTOR SERVICES PTY LIMITED,"Level 4, 44 Martin Place, SYDNEY, NSW, AUSTRALIA, 2000",02 8234 5000,2026-08-07
ERG,ENECO REFRESH LTD,"Food, Beverage & Tobacco",2006-03-29,4630092,2026-10-01,Automic,AUTOMIC REGISTRY SERVICES,"Level 5, 126 Phillip Street, SYDNEY, NSW, AUSTRALIA, 2000",02 9698 5414,2026-08-07
ERL,EMPIRE RESOURCES LIMITED,Materials,2007-02-01,16697132,2026-10-01,Automic,AUTOMIC REGISTRY SERVICES,"LEVEL 5, 191 St Georges Terrace,, PERTH, WA, AUSTRALIA, 6000",(08) 9324 2099,2026-08-07
ESK,ETHERSTACK PLC,Software & Services,2012-09-07,87940611,2026-10-01,Computershare,COMPUTERSHARE INVESTOR SERVICES PTY LIMITED,"Level 4, 44 Martin Place, SYDNEY, NSW, AUSTRALIA, 2000",02 8234 5000,2026-08-07
ESR,ESTRELLA RESOURCES LIMITED,Materials,2012-05-09,60792747,2026-10-01,Automic,AUTOMIC REGISTRY SERVICES,"LEVEL 5, 191 St Georges Terrace,, PERTH, WA, AUSTRALIA, 6000",(08) 9324 2099,2026-08-07
ETM,ENERGY TRANSITION MINERALS LTD,Materials,2006-06-20,115050029,2026-10-01,Computershare,COMPUTERSHARE INVESTOR SERVICES PTY LIMITED,"Level 17, 221 St Georges Terrace, PERTH, WA, AUSTRALIA, 6000",1300 850 505,2026-08-07
EUR,EUROPEAN LITHIUM LIMITED,Materials,2010-12-02,686861182,2026-10-01,Computershare,COMPUTERSHARE INVESTOR SERVICES PTY LIMITED,"Level 17, 221 St Georges Terrace, PERTH, WA, AUSTRALIA, 6000",1300 850 505,2026-08-07
EV1,EVOLUTION ENERGY MINERALS LIMITED,Materials,2021-11-16,8984009,2026-09-01,Automic,AUTOMIC REGISTRY SERVICES,"LEVEL 5, 191 St Georges Terrace,, PERTH, WA, AUSTRALIA, 6000",(08) 9324 2099,2026-08-07
EV8,EVERLAST MINERALS LTD.,Materials,2025-09-23,51869427,2026-10-01,Automic,AUTOMIC REGISTRY SERVICES,"Level 5, 126 Phillip Street, SYDNEY, NSW, AUSTRALIA, 2000",02 9698 5414,2026-08-07
EVE,EVE HEALTH GROUP LIMITED.,Financial Services,2004-04-08,5284899,2026-10-01,Automic,AUTOMIC REGISTRY SERVICES,"LEVEL 5, 191 St Georges Terrace,, PERTH, WA, AUSTRALIA, 6000",(08) 9324 2099,2026-08-07
EVG,EVION GROUP NL,Materials,2018-01-19,13142089,2026-10-01,Automic,AUTOMIC REGISTRY SERVICES,"LEVEL 5, 191 St Georges Terrace,, PERTH, WA, AUSTRALIA, 6000",(08) 9324 2099,2026-08-31
EVN,EVOLUTION MINING LIMITED,Materials,2002-08-20,26742693033,2026-10-01,MUFG Corporate Markets,MUFG CORPORATE MARKETS (AU) LIMITED,"LIBERTY PLACE, LEVEL 41, 161 CASTLEREAGH ST, SYDNEY, NSW, AUSTRALIA, 2000",1300 554 474,2026-08-07
EVO,EMBARK EARLY EDUCATION LIMITED,Consumer Services,2014-12-05,83501126,2026-10-01,MUFG Corporate Markets,MUFG CORPORATE MARKETS (AU) LIMITED,"LIBERTY PLACE, LEVEL 41, 161 CASTLEREAGH ST, SYDNEY, NSW, AUSTRALIA, 2000",1300 554 474,2026-08-07
EVT,EVT LIMITED,Media & Entertainment,1962-06-30,2272720887,2026-10-01,Computershare,COMPUTERSHARE INVESTOR SERVICES PTY LIMITED,"Level 4, 44 Martin Place, SYDNEY, NSW, AUSTRALIA, 2000",02 8234 5000,2026-08-07
EVZ,EVZ LIMITED,Capital Goods,1985-04-26,63261184,2026-10-01,Computershare,COMPUTERSHARE INVESTOR SERVICES PTY LIMITED,"Yarra Falls, 452 Johnston Street, ABBOTSFORD, VIC, AUSTRALIA, 3067",03 9415 4000,2026-08-07
EWC,ENERGY WORLD CORPORATION LTD,Utilities,1988-12-08,285150838,2026-10-01,Computershare,COMPUTERSHARE INVESTOR SERVICES PTY LIMITED,"Yarra Falls, 452 Johnston Street, ABBOTSFORD, VIC, AUSTRALIA, 3067",03 9415 4000,2026-08-07
EXL,ELIXINOL WELLNESS LIMITED,Household & Personal Products,2018-01-08,2724673,2026-10-01,Boardroom,BOARDROOM PTY LIMITED,"LEVEL 8, 210 GEORGE STREET, SYDNEY, NSW, AUSTRALIA, 2000",(02) 9290 9600,2026-08-31
EXP,EXPERIENCE CO LIMITED,Consumer Services,2015-03-27,67920065,2026-10-01,Boardroom,BOARDROOM PTY LIMITED,"LEVEL 8, 210 GEORGE STREET, SYDNEY, NSW, AUSTRALIA, 2000",(02) 9290 9600,2026-08-07
EXR,ELIXIR ENERGY LIMITED,Energy,2004-07-19,159784027,2026-10-01,Automic,AUTOMIC REGISTRY SERVICES,"Level 5, 126 Phillip Street, SYDNEY, NSW, AUSTRALIA, 2000",02 9698 5414,2026-08-07
EXT,EXCITE TECHNOLOGY SERVICES LTD,Software & Services,2007-01-03,14207001,2026-10-01,Automic,AUTOMIC REGISTRY SERVICES,"Suite 5, Level 12, 530 Collins Street, MELBOURNE, VIC, AUSTRALIA, 3000",1300 288 664,2026-08-07
EYE,NOVA EYE MEDICAL LIMITED,Health Care Equipment & Services,1987-10-12,37752045,2026-10-01,Computershare,COMPUTERSHARE INVESTOR SERVICES PTY LIMITED,"Level 5, 115 Grenfell Street, ADELAIDE, SA, AUSTRALIA, 5000",08 8236 2300,2026-08-07
EZL,EUROZ HARTLEYS GROUP LIMITED,Financial Services,1971-08-02,218389945,2026-10-01,Computershare,COMPUTERSHARE INVESTOR SERVICES PTY LIMITED,"Level 17, 221 St Georges Terrace, PERTH, WA, AUSTRALIA, 6000",1300 850 505,2026-08-07
EZZ,EZZ LIFE SCIENCE HOLDINGS LIMITED,Consumer Discretionary Distribution & Retail,2021-03-03,17405984,2026-10-01,Boardroom,BOARDROOM PTY LIMITED,"LEVEL 8, 210 GEORGE STREET, SYDNEY, NSW, AUSTRALIA, 2000",(02) 9290 9600,2026-08-07
FAL,FALCON METALS LTD,Materials,2021-12-22,134618890,2026-10-01,Computershare,COMPUTERSHARE INVESTOR SERVICES PTY LIMITED,"Level 17, 221 St Georges Terrace, PERTH, WA, AUSTRALIA, 6000",1300 850 505,2026-08-07
FAR,FAR LIMITED,Energy,1986-01-23,28646991,2026-10-01,Computershare,COMPUTERSHARE INVESTOR SERVICES PTY LIMITED,"Yarra Falls, 452 Johnston Street, ABBOTSFORD, VIC, AUSTRALIA, 3067",03 9415 4000,2026-08-07
FAU,FIRST AU LIMITED,Materials,1970-01-01,,2026-10-06,,,,,2026-10-06
FBR,FBR LTD,Capital Goods,2001-02-08,11737944,2026-10-01,Computershare,COMPUTERSHARE INVESTOR SERVICES PTY LIMITED,"Level 17, 221 St Georges Terrace, PERTH, WA, AUSTRALIA, 6000",1300 850 505,2026-08-07
FBU,FLETCHER BUILDING LIMITED,Capital Goods,2001-03-26,3054595418,2026-10-01,Computershare,COMPUTERSHARE INVESTOR SERVICES PTY. LIMITED,"YARRA FALLS, 452 JOHNSTON STREET, ABBOTSFORD, VIC, AUSTRALIA, 3067",1800 501 366,2026-08-07
FCG,FREEDOM CARE GROUP HOLDINGS LIMITED,Health Care Equipment & Services,2023-11-30,,2026-08-07,Boardroom,BOARDROOM PTY LIMITED,"LEVEL 8, 210 GEORGE STREET, SYDNEY, NSW, AUSTRALIA, 2000",(02) 9290 9600,2026-08-07
FCL,FINEOS CORPORATION HOLDINGS PLC,Software & Services,2019-08-16,684907507,2026-10-01,Automic,AUTOMIC REGISTRY SERVICES,"Level 5, 126 Phillip Street, SYDNEY, NSW, AUSTRALIA, 2000",02 9698 5414,2026-08-07
FCT,FIRSTWAVE CLOUD TECHNOLOGY LIMITED,Software & Services,2011-05-11,14888166,2026-08-07,Automic,AUTOMIC REGISTRY SERVICES,"Level 5, 126 Phillip Street, SYDNEY, NSW, AUSTRALIA, 2000",02 9698 5414,2026-08-07
FDC,FDC CONSOLIDATED HOLDINGS LIMITED,Capital Goods,2026-07-09,1278953415,2026-10-01,Boardroom,BOARDROOM PTY LIMITED,"LEVEL 8, 210 GEORGE STREET, SYDNEY, NSW, AUSTRALIA, 2000",(02) 9290 9600,2026-08-07
FDR,FINDER ENERGY HOLDINGS LIMITED,Energy,2022-04-08,149647634,2026-10-01,Automic,AUTOMIC REGISTRY SERVICES,"LEVEL 5, 191 St Georges Terrace,, PERTH, WA, AUSTRALIA, 6000",(08) 9324 2099,2026-08-07
FDV,FRONTIER DIGITAL VENTURES LIMITED,Media & Entertainment,2016-08-26,139706546,2026-10-01,MUFG Corporate Markets,MUFG CORPORATE MARKETS (AU) LIMITED,"Tower 4, 727 Collins Street, DOCKLANDS, VIC, AUSTRALIA, 3008",1300 554 474,2026-08-07
FEG,FAR EAST GOLD LTD,Materials,2022-03-28,,2026-10-01,Automic,AUTOMIC REGISTRY SERVICES,"Level 5, 126 Phillip Street, SYDNEY, NSW, AUSTRALIA, 2000",02 9698 5414,2026-08-07
FEL,FORTE ENERGY LIMITED,Energy,2013-04-30,4330019,2026-10-01,Computershare,COMPUTERSHARE INVESTOR SERVICES PTY LIMITED,"Level 17, 221 St Georges Terrace, PERTH, WA, AUSTRALIA, 6000",1300 850 505,2026-08-07
FEX,FENIX RESOURCES LTD,Materials,2008-08-04,184964359,2026-10-01,Automic,AUTOMIC REGISTRY SERVICES,"LEVEL 5, 191 St Georges Terrace,, PERTH, WA, AUSTRALIA, 6000",(08) 9324 2099,2026-08-07
FFG,FATFISH GROUP LIMITED,Financial Services,1995-11-23,,2026-08-07,Automic,AUTOMIC REGISTRY SERVICES,"LEVEL 5, 191 St Georges Terrace,, PERTH, WA, AUSTRALIA, 6000",(08) 9324 2099,2026-08-07
FFI,FFI HOLDINGS LIMITED,"Food, Beverage & Tobacco",1987-01-15,65214730,2026-10-01,Automic,AUTOMIC REGISTRY SERVICES,"LEVEL 5, 191 St Georges Terrace,, PERTH, WA, AUSTRALIA, 6000",(08) 9324 2099,2026-08-07
FFM,FIREFLY METALS LTD,Materials,2005-09-21,1418089946,2026-10-01,Computershare,COMPUTERSHARE INVESTOR SERVICES PTY LIMITED,"Level 17, 221 St Georges Terrace, PERTH, WA, AUSTRALIA, 6000",1300 850 505,2026-08-07
FG1,FLYNN GOLD LIMITED,Materials,2021-06-17,9738485,2026-10-01,Boardroom,BOARDROOM PTY LIMITED,"LEVEL 8, 210 GEORGE STREET, SYDNEY, NSW, AUSTRALIA, 2000",(02) 9290 9600,2026-08-07
FGG,FUTURE GENERATION GLOBAL LIMITED,Not Applic,2015-09-10,655448006,2026-10-01,Boardroom,BOARDROOM PTY LIMITED,"LEVEL 8, 210 GEORGE STREET, SYDNEY, NSW, AUSTRALIA, 2000",(02) 9290 9600,2026-08-07
FGH,FORESTA GROUP HOLDINGS LIMITED,Materials,1999-01-05,22864629,2026-10-01,Boardroom,BOARDROOM PTY LIMITED,"LEVEL 8, 210 GEORGE STREET, SYDNEY, NSW, AUSTRALIA, 2000",(02) 9290 9600,2026-08-07
FGR,FIRST GRAPHENE LIMITED,Materials,1994-08-08,48780159,2026-10-01,Automic,AUTOMIC REGISTRY SERVICES,"LEVEL 5, 191 St Georges Terrace,, PERTH, WA, AUSTRALIA, 6000",(08) 9324 2099,2026-08-07
FGX,FUTURE GENERATION AUSTRALIA LIMITED,Not Applic,1997-03-06,543665256,2026-10-01,Boardroom,BOARDROOM PTY LIMITED,"LEVEL 8, 210 GEORGE STREET, SYDNEY, NSW, AUSTRALIA, 2000",(02) 9290 9600,2026-08-07
FHE,FRONTIER ENERGY LIMITED,Materials,2009-12-18,261454471,2026-10-01,Automic,AUTOMIC REGISTRY SERVICES,"LEVEL 5, 191 St Georges Terrace,, PERTH, WA, AUSTRALIA, 6000",(08) 9324 2099,2026-08-07
FHS,FREEHILL MINING LIMITED.,Materials,2017-01-16,4066520,2026-09-01,Automic,AUTOMIC REGISTRY SERVICES,"Level 5, 126 Phillip Street, SYDNEY, NSW, AUSTRALIA, 2000",02 9698 5414,2026-08-07
FID,FIDUCIAN GROUP LIMITED,Financial Services,2015-02-09,269996874,2026-10-01,Computershare,COMPUTERSHARE INVESTOR SERVICES PTY LIMITED,"Level 4, 44 Martin Place, SYDNEY, NSW, AUSTRALIA, 2000",02 8234 5000,2026-08-07
FIN,FIN RESOURCES LIMITED,Materials,1989-11-02,7610624,2026-10-01,Computershare,COMPUTERSHARE INVESTOR SERVICES PTY LIMITED,"Level 17, 221 St Georges Terrace, PERTH, WA, AUSTRALIA, 6000",1300 850 505,2026-08-07
FL1,FIRST LITHIUM LIMITED,Materials,2000-02-21,,2026-08-07,,,,,2026-09-07
FLC,FLUENCE CORPORATION LIMITED,Utilities,2007-12-18,79051313,2026-10-01,Boardroom,BOARDROOM PTY LIMITED,"LEVEL 8, 210 GEORGE STREET, SYDNEY, NSW, AUSTRALIA, 2000",(02) 9290 9600,2026-08-07
FLG,FLAGSHIP MINERALS LIMITED,Materials,2020-10-08,55455641,2026-10-01,MUFG Corporate Markets,MUFG CORPORATE MARKETS (AU) LIMITED,"LIBERTY PLACE, LEVEL 41, 161 CASTLEREAGH ST, SYDNEY, NSW, AUSTRALIA, 2000",1300 554 474,2026-08-07
FLN,FREELANCER LIMITED,Commercial & Professional Services,2013-11-15,60873509,2026-10-01,Boardroom,BOARDROOM PTY LIMITED,"LEVEL 8, 210 GEORGE STREET, SYDNEY, NSW, AUSTRALIA, 2000",(02) 9290 9600,2026-08-07
FLT,FLIGHT CENTRE TRAVEL GROUP LIMITED,Consumer Services,1995-12-01,2083303326,2026-10-01,Computershare,COMPUTERSHARE INVESTOR SERVICES PTY LIMITED,"Level 1, 200 Mary Street, BRISBANE, QLD, AUSTRALIA, 4000",1300 552 270,2026-08-07
FLX,FELIX GROUP HOLDINGS LTD,Software & Services,2021-01-12,10746027,2026-10-01,Computershare,COMPUTERSHARE INVESTOR SERVICES PTY LIMITED,"Yarra Falls, 452 Johnston Street, ABBOTSFORD, VIC, AUSTRALIA, 3067",03 9415 4000,2026-08-07
FME,FUTURE METALS NL,Energy,2007-08-16,14072238,2026-10-01,Computershare,COMPUTERSHARE INVESTOR SERVICES PTY LIMITED,"Level 17, 221 St Georges Terrace, PERTH, WA, AUSTRALIA, 6000",1300 850 505,2026-08-07
FMG,FORTESCUE LTD,Materials,1987-03-19,50033179918,2026-10-01,MUFG Corporate Markets,MUFG CORPORATE MARKETS (AU) LIMITED,"Level 12 QV1 Building, 250 St Georges Terrace, PERTH, WA, AUSTRALIA, 6000",1300 554 474,2026-08-07
FML,FOCUS MINERALS LTD,Materials,2000-09-13,521536734,2026-10-01,Computershare,COMPUTERSHARE INVESTOR SERVICES PTY LIMITED,"Level 17, 221 St Georges Terrace, PERTH, WA, AUSTRALIA, 6000",1300 850 505,2026-08-07
FMN,FAMIEN RESOURCES LIMITED,Materials,2013-10-08,36061679,2026-10-01,Automic,AUTOMIC REGISTRY SERVICES,"Level 5, 126 Phillip Street, SYDNEY, NSW, AUSTRALIA, 2000",02 9698 5414,2026-08-07
FMR,FMR RESOURCES LIMITED,Materials,2010-11-30,40730031,2026-10-01,Automic,AUTOMIC REGISTRY SERVICES,"Level 5, 126 Phillip Street, SYDNEY, NSW, AUSTRALIA, 2000",02 9698 5414,2026-08-07
FND,FINDI LIMITED,Software & Services,2001-08-08,,2026-08-07,Automic,AUTOMIC REGISTRY SERVICES,"Level 5, 126 Phillip Street, SYDNEY, NSW, AUSTRALIA, 2000",02 9698 5414,2026-08-07
FNR,FAR NORTHERN RESOURCES LIMITED,Materials,2024-04-12,10361865,2026-10-01,Automic,AUTOMIC REGISTRY SERVICES,"Level 5, 126 Phillip Street, SYDNEY, NSW, AUSTRALIA, 2000",02 9698 5414,2026-08-07
FNX,FINEXIA FINANCIAL GROUP LIMITED,Financial Services,2006-12-21,,2026-09-01,Automic,AUTOMIC REGISTRY SERVICES,"LEVEL 5, 191 St Georges Terrace,, PERTH, WA, AUSTRALIA, 6000",(08) 9324 2099,2026-08-07
FOS,FOS CAPITAL LTD,Capital Goods,2021-06-07,9798138,2026-10-01,Boardroom,BOARDROOM PTY LIMITED,"LEVEL 8, 210 GEORGE STREET, SYDNEY, NSW, AUSTRALIA, 2000",(02) 9290 9600,2026-08-07
FPC,FAT PROPHETS GLOBAL CONTRARIAN FUND LTD,Not Applic,2017-03-22,40108476,2026-10-01,Computershare,COMPUTERSHARE INVESTOR SERVICES PTY LIMITED,"Level 4, 44 Martin Place, SYDNEY, NSW, AUSTRALIA, 2000",02 8234 5000,2026-08-07
FPH,FISHER & PAYKEL HEALTHCARE CORPORATION LIMITED,Health Care Equipment & Services,2001-11-21,21971204469,2026-10-01,MUFG Corporate Markets,MUFG CORPORATE MARKETS (AU) LIMITED,"LIBERTY PLACE, LEVEL 41, 161 CASTLEREAGH ST, SYDNEY, NSW, AUSTRALIA, 2000",1300 554 474,2026-08-07
FPR,FLEETPARTNERS GROUP LIMITED,Financial Services,2015-04-22,995524882,2026-10-01,MUFG Corporate Markets,MUFG CORPORATE MARKETS (AU) LIMITED,"LIBERTY PLACE, LEVEL 41, 161 CASTLEREAGH ST, SYDNEY, NSW, AUSTRALIA, 2000",1300 554 474,2026-08-07
FRB,FIREBIRD METALS LIMITED,Materials,2021-03-18,25530596,2026-10-01,Automic,AUTOMIC REGISTRY SERVICES,"LEVEL 5, 191 St Georges Terrace,, PERTH, WA, AUSTRALIA, 6000",(08) 9324 2099,2026-08-07
FRE,FIREBRICK PHARMA LIMITED,"Pharmaceuticals, Biotechnology & Life Sciences",2022-01-28,8041572,2026-10-01,Automic,AUTOMIC REGISTRY SERVICES,"LEVEL 5, 191 St Georges Terrace,, PERTH, WA, AUSTRALIA, 6000",(08) 9324 2099,2026-08-07
FRI,FINBAR GROUP LIMITED,Real Estate Management & Development,1994-08-05,186404352,2026-10-01,Computershare,COMPUTERSHARE INVESTOR SERVICES PTY LIMITED,"Level 17, 221 St Georges Terrace, PERTH, WA, AUSTRALIA, 6000",1300 850 505,2026-08-07
FRM,FARM PRIDE FOODS LIMITED,"Food, Beverage & Tobacco",1997-12-19,55332047,2026-10-01,Computershare,COMPUTERSHARE INVESTOR SERVICES PTY LIMITED,"Yarra Falls, 452 Johnston Street, ABBOTSFORD, VIC, AUSTRALIA, 3067",03 9415 4000,2026-08-07
FRS,FORRESTANIA RESOURCES LIMITED,Materials,2021-09-30,754234841,2026-10-01,Automic,AUTOMIC REGISTRY SERVICES,"LEVEL 5, 191 St Georges Terrace,, PERTH, WA, AUSTRALIA, 6000",(08) 9324 2099,2026-08-07
FRW,FREIGHTWAYS GROUP LIMITED,Transportation,2023-09-14,1869164493,2026-10-01,Computershare,COMPUTERSHARE INVESTOR SERVICES LIMITED,"LEVEL 2, 159 HURSTMERE ROAD, TAKAPUNA   AUCKLAND, NEW ZEALAND, 1039",(64) 9 488 8700,2026-08-07
FRX,FLEXIROAM LIMITED,Telecommunication Services,2015-06-16,33367796,2026-10-01,,,,,2026-08-07
FSA,FSA GROUP LIMITED,Financial Services,2001-01-11,150993048,2026-10-01,Automic,AUTOMIC REGISTRY SERVICES,"Level 5, 126 Phillip Street, SYDNEY, NSW, AUSTRALIA, 2000",02 9698 5414,2026-08-07
FSI,FLAGSHIP INVESTMENTS LIMITED,Not Applic,2000-12-20,28979367,2026-10-01,Boardroom,BOARDROOM PTY LIMITED,"LEVEL 8, 210 GEORGE STREET, SYDNEY, NSW, AUSTRALIA, 2000",(02) 9290 9600,2026-08-07
FTI,FORTIFAI LTD,Media & Entertainment,2021-04-21,220003077,2026-10-01,Computershare,COMPUTERSHARE INVESTOR SERVICES PTY LIMITED,"Level 5, 115 Grenfell Street, ADELAIDE, SA, AUSTRALIA, 5000",08 8236 2300,2026-08-07
FUL,FULCRUM LITHIUM LTD,Materials,2024-11-22,10057500,2026-10-01,Computershare,COMPUTERSHARE INVESTOR SERVICES PTY LIMITED,"Computershare Investor Services Pty Ltd, 452 Johnston Street, ABBOTSFORD, VIC, AUSTRALIA, 3067",1300 171 785,2026-08-07
FUN,FORTUNA METALS LTD,Materials,2003-04-09,33736982,2026-10-01,Automic,AUTOMIC REGISTRY SERVICES,"Level 5, 126 Phillip Street, SYDNEY, NSW, AUSTRALIA, 2000",02 9698 5414,2026-08-07
FWD,FLEETWOOD LIMITED,Consumer Durables & Apparel,1987-04-15,210876415,2026-10-01,Computershare,COMPUTERSHARE INVESTOR SERVICES PTY LIMITED,"Level 17, 221 St Georges Terrace, PERTH, WA, AUSTRALIA, 6000",1300 850 505,2026-08-07
FXG,FELIX GOLD LIMITED,Materials,2022-01-31,95524233,2026-10-01,Automic,AUTOMIC REGISTRY SERVICES,"Level 5, 126 Phillip Street, SYDNEY, NSW, AUSTRALIA, 2000",02 9698 5414,2026-08-07
FZR,FITZROY RIVER CORPORATION LTD,Energy,1998-03-04,32926047,2026-10-01,Boardroom,BOARDROOM PTY LIMITED,"LEVEL 8, 210 GEORGE STREET, SYDNEY, NSW, AUSTRALIA, 2000",(02) 9290 9600,2026-08-07
G11,G11 RESOURCES LIMITED,Materials,2010-08-05,40595059,2026-10-01,Computershare,COMPUTERSHARE INVESTOR SERVICES PTY LIMITED,"Yarra Falls, 452 Johnston Street, ABBOTSFORD, VIC, AUSTRALIA, 3067",03 9415 4000,2026-08-07
G1C,GROUP ONE CAPITAL LIMITED,Real Estate Management & Development,1986-07-17,19750352,2026-10-01,Registry Direct,REGISTRY DIRECT,"120 Collins St, MELBOURNE, VIC, AUSTRALIA, 3000",1300 556 635,2026-08-07
G50,G50 CORP LIMITED,Materials,2021-08-06,90963756,2026-10-01,Boardroom,BOARDROOM PTY LIMITED,"LEVEL 8, 210 GEORGE STREET, SYDNEY, NSW, AUSTRALIA, 2000",(02) 9290 9600,2026-08-07
G6M,GROUP 6 METALS LIMITED,Materials,1967-09-21,780104688,2026-10-01,Computershare,COMPUTERSHARE INVESTOR SERVICES PTY LIMITED,"Yarra Falls, 452 Johnston Street, ABBOTSFORD, VIC, AUSTRALIA, 3067",03 9415 4000,2026-08-07
G88,GOLDEN MILE RESOURCES LTD,Materials,2017-06-19,5257362,2026-10-01,Automic,AUTOMIC REGISTRY SERVICES,"Level 5, 126 Phillip Street, SYDNEY, NSW, AUSTRALIA, 2000",02 9698 5414,2026-08-07
GA8,GOLDARC RESOURCES LIMITED,Materials,1986-06-30,35202946,2026-10-01,Automic,AUTOMIC REGISTRY SERVICES,"LEVEL 5, 191 St Georges Terrace,, PERTH, WA, AUSTRALIA, 6000",(08) 9324 2099,2026-08-07
GAL,GALILEO MINING LTD,Materials,2018-05-29,21738742,2026-10-01,Automic,AUTOMIC REGISTRY SERVICES,"LEVEL 5, 191 St Georges Terrace,, PERTH, WA, AUSTRALIA, 6000",(08) 9324 2099,2026-08-31
GAP,GALE PACIFIC LIMITED,Consumer Durables & Apparel,2000-12-14,28463764,2026-10-01,Computershare,COMPUTERSHARE INVESTOR SERVICES PTY LIMITED,"Yarra Falls, 452 Johnston Street, ABBOTSFORD, VIC, AUSTRALIA, 3067",03 9415 4000,2026-08-07
GAS,STATE GAS LIMITED,Energy,2017-10-10,5584035,2026-10-01,MUFG Corporate Markets,MUFG CORPORATE MARKETS (AU) LIMITED,"Level 21, 10 Eagle Street, BRISBANE, QLD, AUSTRALIA, 4000",1300 554 474,2026-08-07
GBE,GLOBE METALS & MINING LIMITED,Materials,2005-12-09,55738766,2026-10-01,Automic,AUTOMIC REGISTRY SERVICES,"LEVEL 5, 191 St Georges Terrace,, PERTH, WA, AUSTRALIA, 6000",(08) 9324 2099,2026-08-07
GBL,GREAT BEAR EXPLORATION LTD,Energy,2006-04-21,8437469,2026-09-01,Automic,AUTOMIC REGISTRY SERVICES,"Level 5, 126 Phillip Street, SYDNEY, NSW, AUSTRALIA, 2000",02 9698 5414,2026-08-07
GBM,GBM RESOURCES LIMITED.,Materials,2007-10-24,98167994,2026-10-01,Automic,AUTOMIC REGISTRY SERVICES,"Level 5, 126 Phillip Street, SYDNEY, NSW, AUSTRALIA, 2000",02 9698 5414,2026-08-07
GBR,GREAT BOULDER RESOURCES LIMITED,Materials,2016-11-18,189404122,2026-10-01,,,,,2026-08-07
GC1,GLENNON SMALL COMPANIES LIMITED,Not Applic,2015-08-21,20695489,2026-10-01,Boardroom,BOARDROOM PTY LIMITED,"LEVEL 8, 210 GEORGE STREET, SYDNEY, NSW, AUSTRALIA, 2000",(02) 9290 9600,2026-08-07
GCI,GRYPHON CAPITAL INCOME TRUST,Not Applic,2018-05-25,1344569644,2026-10-01,Boardroom,BOARDROOM PTY LIMITED,"LEVEL 8, 210 GEORGE STREET, SYDNEY, NSW, AUSTRALIA, 2000",(02) 9290 9600,2026-08-31
GCM,GCM CORPORATION LIMITED,Materials,2007-11-15,17385760,2026-10-01,Automic,AUTOMIC REGISTRY SERVICES,"Level 5, 126 Phillip Street, SYDNEY, NSW, AUSTRALIA, 2000",02 9698 5414,2026-08-07
GCR,GOLDEN CROSS RESOURCES LTD,Materials,1996-03-27,,2026-08-07,Automic,AUTOMIC REGISTRY SERVICES,"Level 5, 126 Phillip Street, SYDNEY, NSW, AUSTRALIA, 2000",02 9698 5414,2026-08-07
GDF,GARDA PROPERTY GROUP,Equity Real Estate Investment Trusts (REITs),2015-07-02,231715268,2026-10-01,MUFG Corporate Markets,MUFG CORPORATE MARKETS (AU) LIMITED,"Level 21, 10 Eagle Street, BRISBANE, QLD, AUSTRALIA, 4000",1300 554 474,2026-08-07
GDG,GENERATION DEVELOPMENT GROUP LIMITED,Insurance,2007-12-11,1043407906,2026-10-10,,,,,2026-10-10
GDI,GDI PROPERTY GROUP,Equity Real Estate Investment Trusts (REITs),2013-12-17,331990828,2026-10-01,MUFG Corporate Markets,MUFG CORPORATE MARKETS (AU) LIMITED,"LIBERTY PLACE, LEVEL 41, 161 CASTLEREAGH ST, SYDNEY, NSW, AUSTRALIA, 2000",1300 554 474,2026-08-07
GDM,GREAT DIVIDE MINING LTD,Materials,2023-08-25,20837696,2026-10-01,Computershare,COMPUTERSHARE INVESTOR SERVICES PTY LIMITED,"Yarra Falls, 452 Johnston Street, ABBOTSFORD, VIC, AUSTRALIA, 3067",03 9415 4000,2026-08-07
GDR,GOLDEN DRAGON MINING LTD,Materials,2025-10-29,9399807,2026-10-01,Automic,AUTOMIC REGISTRY SERVICES,"Suite 5, Level 12, 530 Collins Street, MELBOURNE, VIC, AUSTRALIA, 3000",1300 288 664,2026-08-07
GED,GOLDEN DEEPS LIMITED.,Materials,1986-12-04,10260321,2026-10-01,Automic,AUTOMIC REGISTRY SERVICES,"Level 5, 126 Phillip Street, SYDNEY, NSW, AUSTRALIA, 2000",02 9698 5414,2026-08-07
GEM,G8 EDUCATION LIMITED,Consumer Services,2007-12-05,72526523,2026-10-01,MUFG Corporate Markets,MUFG CORPORATE MARKETS (AU) LIMITED,"Level 21, 10 Eagle Street, BRISBANE, QLD, AUSTRALIA, 4000",1300 554 474,2026-08-07
GEN,GENMIN LIMITED,Materials,2021-03-10,22486985,2026-10-10,,,,,2026-10-10
GES,GENESIS RESOURCES LIMITED,Materials,2009-10-27,8611254,2026-10-01,Computershare,COMPUTERSHARE INVESTOR SERVICES PTY LIMITED,"Yarra Falls, 452 Johnston Street, ABBOTSFORD, VIC, AUSTRALIA, 3067",03 9415 4000,2026-08-07
GFL,GLOBAL MASTERS FUND LIMITED,Not Applic,2006-05-16,30129476,2026-10-01,Boardroom,BOARDROOM PTY LIMITED,"LEVEL 8, 210 GEORGE STREET, SYDNEY, NSW, AUSTRALIA, 2000",(02) 9290 9600,2026-08-07
GG1,GREEN & GOLD MINERALS LIMITED,Materials,2025-10-08,6384238,2026-10-01,MUFG Corporate Markets,MUFG CORPORATE MARKETS,"LIBERTY PLACE, LEVEL 41, 161 CASTLEREAGH ST, SYDNEY, NSW, AUSTRALIA, 2000",1300 554 474,2026-08-07
GG8,GORILLA GOLD MINES LTD,Materials,1971-07-28,208806124,2026-10-01,Automic,AUTOMIC REGISTRY SERVICES,"LEVEL 5, 191 St Georges Terrace,, PERTH, WA, AUSTRALIA, 6000",(08) 9324 2099,2026-08-07
GGE,GRAND GULF ENERGY LIMITED,Energy,1998-03-20,3120425,2026-08-07,Automic,AUTOMIC REGISTRY SERVICES,"Level 5, 126 Phillip Street, SYDNEY, NSW, AUSTRALIA, 2000",02 9698 5414,2026-08-07
GGM,GLOBAL GOLD MINING LIMITED,Materials,2017-02-24,55512212,2026-10-01,,,,,2026-08-26
GGP,GREATLAND RESOURCES LIMITED,Materials,2025-06-24,6935580471,2026-10-01,Computershare,COMPUTERSHARE INVESTOR SERVICES PTY LIMITED,"Level 17, 221 St Georges Terrace, PERTH, WA, AUSTRALIA, 6000",1300 850 505,2026-08-07
GGR,GOLDEN GLOBE RESOURCES LTD.,Materials,2025-10-31,19603389,2026-10-01,Automic,AUTOMIC REGISTRY SERVICES,"Level 5, 126 Phillip Street, SYDNEY, NSW, AUSTRALIA, 2000",02 9698 5414,2026-08-07
GHM,GOLDEN HORSE MINERALS LIMITED,Materials,2024-12-16,147699177,2026-10-01,Computershare,COMPUTERSHARE INVESTOR SERVICES PTY LIMITED,"Level 17, 221 St Georges Terrace, PERTH, WA, AUSTRALIA, 6000",1300 850 505,2026-08-07
GHY,GOLD HYDROGEN LIMITED,Energy,2023-01-13,92933957,2026-10-01,MUFG Corporate Markets,MUFG CORPORATE MARKETS (AU) LIMITED,"LIBERTY PLACE, LEVEL 41, 161 CASTLEREAGH ST, SYDNEY, NSW, AUSTRALIA, 2000",1300 554 474,2026-08-07
GIB,GIBB RIVER DIAMONDS LIMITED,Materials,2008-07-01,6649793,2026-10-01,MUFG Corporate Markets,MUFG CORPORATE MARKETS (AU) LIMITED,"LIBERTY PLACE, LEVEL 41, 161 CASTLEREAGH ST, SYDNEY, NSW, AUSTRALIA, 2000",1300 554 474,2026-08-07
GL1,GLOBAL LITHIUM RESOURCES LIMITED,Materials,2021-05-06,269169994,2026-10-01,Automic,AUTOMIC REGISTRY SERVICES,"LEVEL 5, 191 St Georges Terrace,, PERTH, WA, AUSTRALIA, 6000",(08) 9324 2099,2026-08-07
GLB,GLOBE INTERNATIONAL LIMITED,Consumer Durables & Apparel,2001-05-24,111123032,2026-10-01,MUFG Corporate Markets,MUFG CORPORATE MARKETS (AU) LIMITED,"Tower 4, 727 Collins Street, DOCKLANDS, VIC, AUSTRALIA, 3008",1300 554 474,2026-08-07
GLE,GLG CORP LTD,Consumer Durables & Apparel,2005-12-14,,2026-09-01,Boardroom,BOARDROOM PTY LIMITED,"LEVEL 8, 210 GEORGE STREET, SYDNEY, NSW, AUSTRALIA, 2000",(02) 9290 9600,2026-08-07
GLF,GEMLIFE COMMUNITIES GROUP,Real Estate Management & Development,2025-07-03,1737918271,2026-10-01,Automic,AUTOMIC REGISTRY SERVICES,"Level 5, 126 Phillip Street, SYDNEY, NSW, AUSTRALIA, 2000",02 9698 5414,2026-08-07
GLH,GLOBAL HEALTH LIMITED,Health Care Equipment & Services,2000-04-04,3586467,2026-10-01,Boardroom,BOARDROOM PTY LIMITED,"LEVEL 8, 210 GEORGE STREET, SYDNEY, NSW, AUSTRALIA, 2000",(02) 9290 9600,2026-08-07
GLL,GALILEE ENERGY LIMITED,Energy,1996-02-15,10095286,2026-10-01,Computershare,COMPUTERSHARE INVESTOR SERVICES PTY LIMITED,"Level 1, 200 Mary Street, BRISBANE, QLD, AUSTRALIA, 4000",1300 552 270,2026-08-07
GLN,GALAN LITHIUM LIMITED,Materials,2011-06-08,380260989,2026-10-01,Automic,AUTOMIC REGISTRY SERVICES,"Level 5, 126 Phillip Street, SYDNEY, NSW, AUSTRALIA, 2000",02 9698 5414,2026-08-07
GLS,L1 GLOBAL LONG SHORT FUND LIMITED,Not Applic,1994-06-29,1102529777,2026-10-01,MUFG Corporate Markets,MUFG CORPORATE MARKETS (AU) LIMITED,"LIBERTY PLACE, LEVEL 41, 161 CASTLEREAGH ST, SYDNEY, NSW, AUSTRALIA, 2000",1300 554 474,2026-08-07
GMD,GENESIS MINERALS LIMITED,Materials,2007-08-02,8295447417,2026-10-01,Automic,AUTOMIC REGISTRY SERVICES,"Level 5, 126 Phillip Street, SYDNEY, NSW, AUSTRALIA, 2000",02 9698 5414,2026-08-07
GMG,GOODMAN GROUP,Equity Real Estate Investment Trusts (REITs),2005-02-02,54635924335,2026-10-01,Computershare,COMPUTERSHARE INVESTOR SERVICES PTY LIMITED,"Level 5, 115 Grenfell Street, ADELAIDE, SA, AUSTRALIA, 5000",08 8236 2300,2026-08-07
GML,GATEWAY MINING LIMITED,Materials,1971-08-02,202033780,2026-10-01,Xcend,XCEND PTY LTD,"Level 2,, 477 Pitt Street, HAYMARKET, NSW, AUSTRALIA, 2000",61 2 8591 8509,2026-08-07
GMN,GOLD MOUNTAIN LIMITED,Materials,2011-09-02,19492437,2026-10-01,Boardroom,BOARDROOM PTY LIMITED,"LEVEL 8, 210 GEORGE STREET, SYDNEY, NSW, AUSTRALIA, 2000",(02) 9290 9600,2026-08-07
GNC,GRAINCORP LIMITED,Consumer Staples Distribution & Retail,1998-03-30,1478452246,2026-10-01,MUFG Corporate Markets,MUFG CORPORATE MARKETS (AU) LIMITED,"LIBERTY PLACE, LEVEL 41, 161 CASTLEREAGH ST, SYDNEY, NSW, AUSTRALIA, 2000",1300 554 474,2026-08-07
GNE,GENESIS ENERGY LIMITED,Utilities,2014-04-17,2617736048,2026-10-01,Computershare,COMPUTERSHARE INVESTOR SERVICES PTY LIMITED,"Yarra Falls, 452 Johnston Street, ABBOTSFORD, VIC, AUSTRALIA, 3067",03 9415 4000,2026-08-07
GNG,GR ENGINEERING SERVICES LIMITED,Materials,2011-04-19,1451596398,2026-10-01,Computershare,COMPUTERSHARE INVESTOR SERVICES PTY LIMITED,"Level 17, 221 St Georges Terrace, PERTH, WA, AUSTRALIA, 6000",1300 850 505,2026-08-07
GNM,GREAT NORTHERN MINERALS LIMITED,Materials,2008-03-05,13827476,2026-10-01,Computershare,COMPUTERSHARE INVESTOR SERVICES PTY LIMITED,"Yarra Falls, 452 Johnston Street, ABBOTSFORD, VIC, AUSTRALIA, 3067",03 9415 4000,2026-08-07
GNP,GENUSPLUS GROUP LTD,Capital Goods,2020-12-14,1928065105,2026-10-01,MUFG Corporate Markets,MUFG CORPORATE MARKETS (AU) LIMITED,"LIBERTY PLACE, LEVEL 41, 161 CASTLEREAGH ST, SYDNEY, NSW, AUSTRALIA, 2000",1300 554 474,2026-08-07
GOW,GOWING BROS LIMITED,Financial Services,1962-07-31,115356566,2026-10-01,Computershare,COMPUTERSHARE INVESTOR SERVICES PTY LIMITED,"Level 4, 44 Martin Place, SYDNEY, NSW, AUSTRALIA, 2000",02 8234 5000,2026-08-07
GOZ,GROWTHPOINT PROPERTIES AUSTRALIA,Equity Real Estate Investment Trusts (REITs),2007-07-04,1460167924,2026-10-01,Computershare,COMPUTERSHARE INVESTOR SERVICES PTY LIMITED,"Yarra Falls, 452 Johnston Street, ABBOTSFORD, VIC, AUSTRALIA, 3067",03 9415 4000,2026-08-07
GPR,GEOPACIFIC RESOURCES LTD,Materials,2006-05-09,100045122,2026-10-01,Boardroom,BOARDROOM PTY LIMITED,"LEVEL 8, 210 GEORGE STREET, SYDNEY, NSW, AUSTRALIA, 2000",(02) 9290 9600,2026-08-07
GPT,GPT GROUP,Equity Real Estate Investment Trusts (REITs),1971-04-01,8543475338,2026-10-01,MUFG Corporate Markets,MUFG CORPORATE MARKETS (AU) LIMITED,"LIBERTY PLACE, LEVEL 41, 161 CASTLEREAGH ST, SYDNEY, NSW, AUSTRALIA, 2000",1300 554 474,2026-08-07
GQG,GQG PARTNERS INC.,Financial Services,2021-10-26,3327765685,2026-10-01,MUFG Corporate Markets,MUFG CORPORATE MARKETS (AU) LIMITED,"LIBERTY PLACE, LEVEL 41, 161 CASTLEREAGH ST, SYDNEY, NSW, AUSTRALIA, 2000",1300 554 474,2026-08-07
GR8,GREAT DIRT RESOURCES LTD,Materials,2023-11-10,35545236,2026-10-01,Automic,AUTOMIC REGISTRY SERVICES,"LEVEL 5, 191 St Georges Terrace,, PERTH, WA, AUSTRALIA, 6000",(08) 9324 2099,2026-08-07
GRE,GREENTECH METALS LIMITED,Materials,2022-01-04,17289059,2026-10-01,Computershare,COMPUTERSHARE INVESTOR SERVICES PTY LIMITED,"Level 17, 221 St Georges Terrace, PERTH, WA, AUSTRALIA, 6000",1300 850 505,2026-08-26
GRR,GRANGE RESOURCES LIMITED.,Materials,1986-03-27,133093950,2026-10-01,Automic,AUTOMIC REGISTRY SERVICES,"Level 5, 126 Phillip Street, SYDNEY, NSW, AUSTRALIA, 2000",02 9698 5414,2026-08-07
GRS,GWARDAR RESOURCES LIMITED,Materials,2026-07-31,15510047,2026-10-01,Automic,AUTOMIC REGISTRY SERVICES,"LEVEL 5, 191 St Georges Terrace,, PERTH, WA, AUSTRALIA, 6000",(08) 9324 2099,2026-08-07
GRV,GREENVALE ENERGY LTD,Energy,1971-07-28,15828373,2026-10-01,MUFG Corporate Markets,MUFG CORPORATE MARKETS (AU) LIMITED,"LIBERTY PLACE, LEVEL 41, 161 CASTLEREAGH ST, SYDNEY, NSW, AUSTRALIA, 2000",1300 554 474,2026-08-07
GRX,GREENX METALS LIMITED,Materials,1993-09-06,309133940,2026-10-01,Computershare,COMPUTERSHARE INVESTOR SERVICES PTY LIMITED,"Level 17, 221 St Georges Terrace, PERTH, WA, AUSTRALIA, 6000",1300 850 505,2026-08-07
GSM,GOLDEN STATE MINING LIMITED,Materials,2018-11-08,4824653,2026-10-01,Automic,AUTOMIC REGISTRY SERVICES,"LEVEL 5, 191 St Georges Terrace,, PERTH, WA, AUSTRALIA, 6000",(08) 9324 2099,2026-08-07
GSN,GREAT SOUTHERN MINING LIMITED,Materials,2011-04-14,25727114,2026-10-01,Computershare,COMPUTERSHARE INVESTOR SERVICES PTY LIMITED,"Level 17, 221 St Georges Terrace, PERTH, WA, AUSTRALIA, 6000",1300 850 505,2026-08-07
GSS,GENETIC SIGNATURES LIMITED,"Pharmaceuticals, Biotechnology & Life Sciences",2015-03-31,17716829,2026-10-01,Boardroom,BOARDROOM PTY LIMITED,"LEVEL 8, 210 GEORGE STREET, SYDNEY, NSW, AUSTRALIA, 2000",(02) 9290 9600,2026-08-07
GT1,GREEN TECHNOLOGY METALS LIMITED,Materials,2021-11-10,14460328,2026-10-01,Automic,AUTOMIC REGISTRY SERVICES,"LEVEL 5, 191 St Georges Terrace,, PERTH, WA, AUSTRALIA, 6000",(08) 9324 2099,2026-08-07
GT3,GREEN360 TECHNOLOGIES LIMITED,Materials,2011-05-17,38779774,2026-10-01,Automic,AUTOMIC REGISTRY SERVICES,"LEVEL 5, 191 St Georges Terrace,, PERTH, WA, AUSTRALIA, 6000",(08) 9324 2099,2026-08-07
GTE,GREAT WESTERN EXPLORATION LIMITED.,Materials,2007-06-05,6220730,2026-10-01,Computershare,COMPUTERSHARE INVESTOR SERVICES PTY LIMITED,"Level 17, 221 St Georges Terrace, PERTH, WA, AUSTRALIA, 6000",1300 850 505,2026-08-07
GTG,GENETIC TECHNOLOGIES LIMITED,"Pharmaceuticals, Biotechnology & Life Sciences",1987-07-30,,2026-08-07,Computershare,COMPUTERSHARE INVESTOR SERVICES PTY LIMITED,"Yarra Falls, 452 Johnston Street, ABBOTSFORD, VIC, AUSTRALIA, 3067",03 9415 4000,2026-08-07
GTI,GRATIFII LIMITED,Software & Services,2008-07-17,20699747,2026-10-01,Automic,AUTOMIC REGISTRY SERVICES,"Level 5, 126 Phillip Street, SYDNEY, NSW, AUSTRALIA, 2000",02 9698 5414,2026-08-07
GTK,GENTRACK GROUP LIMITED,Software & Services,2014-06-25,328380207,2026-10-01,MUFG Corporate Markets,MUFG CORPORATE MARKETS (AU) LIMITED,"LIBERTY PLACE, LEVEL 41, 161 CASTLEREAGH ST, SYDNEY, NSW, AUSTRALIA, 2000",1300 554 474,2026-08-07
GTN,GTN LIMITED,Media & Entertainment,2016-06-01,34319843,2026-10-01,MUFG Corporate Markets,MUFG CORPORATE MARKETS (AU) LIMITED,"LIBERTY PLACE, LEVEL 41, 161 CASTLEREAGH ST, SYDNEY, NSW, AUSTRALIA, 2000",1300 554 474,2026-08-07
GUL,GULLEWA LIMITED,Materials,1980-06-19,15052155,2026-10-01,Computershare,COMPUTERSHARE INVESTOR SERVICES PTY LIMITED,"Level 17, 221 St Georges Terrace, PERTH, WA, AUSTRALIA, 6000",1300 850 505,2026-08-07
GUM,GUMTREE AUSTRALIA MARKETS LIMITED,Media & Entertainment,2016-09-15,27627373,2026-10-01,Automic,AUTOMIC REGISTRY SERVICES,"LEVEL 5, 191 St Georges Terrace,, PERTH, WA, AUSTRALIA, 6000",(08) 9324 2099,2026-08-07
GVF,STAUDE CAPITAL GLOBAL VALUE FUND LIMITED,Not Applic,2014-07-21,258457304,2026-10-01,Boardroom,BOARDROOM PTY LIMITED,"LEVEL 8, 210 GEORGE STREET, SYDNEY, NSW, AUSTRALIA, 2000",(02) 9290 9600,2026-08-07
GW1,GREENWING RESOURCES LTD,Materials,2005-10-20,46259082,2026-10-01,Computershare,COMPUTERSHARE INVESTOR SERVICES PTY LIMITED,"Level 17, 221 St Georges Terrace, PERTH, WA, AUSTRALIA, 6000",1300 850 505,2026-08-07
GWA,GWA GROUP LIMITED.,Capital Goods,1993-05-20,502407470,2026-10-01,Computershare,COMPUTERSHARE INVESTOR SERVICES PTY LIMITED,"Level 1, 200 Mary Street, BRISBANE, QLD, AUSTRALIA, 4000",1300 552 270,2026-08-07
GWR,GWR GROUP LIMITED,Materials,2004-12-24,35803257,2026-10-01,Automic,AUTOMIC REGISTRY SERVICES,"LEVEL 5, 191 St Georges Terrace,, PERTH, WA, AUSTRALIA, 6000",(08) 9324 2099,2026-08-07
GYG,GUZMAN Y GOMEZ LIMITED,Consumer Services,2024-06-20,2491578716,2026-10-01,Automic,AUTOMIC REGISTRY SERVICES,"Level 5, 126 Phillip Street, SYDNEY, NSW, AUSTRALIA, 2000",02 9698 5414,2026-08-07
H2G,H2G LIMITED,Commercial & Professional Services,1980-12-04,9592081,2026-10-01,MUFG Corporate Markets,MUFG CORPORATE MARKETS (AU) LIMITED,"LEVEL 4 CENTRAL PARK, 152 ST GEORGES TERRACE, PERTH, WA, AUSTRALIA, 6000",1300 554 474,2026-08-07
H3E,H3 ENERGY LIMITED,Energy,2004-03-10,6703813,2026-09-01,Computershare,COMPUTERSHARE INVESTOR SERVICES PTY LIMITED,"Level 17, 221 St Georges Terrace, PERTH, WA, AUSTRALIA, 6000",1300 850 505,2026-08-07
HAL,HALO TECHNOLOGIES HOLDINGS LTD,Financial Services,2022-04-26,4087154,2026-10-01,Boardroom,BOARDROOM PTY LIMITED,"LEVEL 8, 210 GEORGE STREET, SYDNEY, NSW, AUSTRALIA, 2000",(02) 9290 9600,2026-08-07
HAR,HARANGA RESOURCES LIMITED.,Materials,2022-01-27,24010960,2026-10-01,Automic,AUTOMIC REGISTRY SERVICES,"LEVEL 5, 191 St Georges Terrace,, PERTH, WA, AUSTRALIA, 6000",(08) 9324 2099,2026-08-07
HAS,HASTINGS TECHNOLOGY METALS LTD,Materials,2008-02-20,59750865,2026-10-01,Automic,AUTOMIC REGISTRY SERVICES,"LEVEL 5, 191 St Georges Terrace,, PERTH, WA, AUSTRALIA, 6000",(08) 9324 2099,2026-08-07
HAV,HAVILAH RESOURCES LIMITED,Materials,2002-03-21,265479305,2026-10-01,Computershare,COMPUTERSHARE INVESTOR SERVICES PTY LIMITED,"Level 5, 115 Grenfell Street, ADELAIDE, SA, AUSTRALIA, 5000",08 8236 2300,2026-08-07
HAW,HAWTHORN RESOURCES LIMITED,Materials,1986-07-03,23451093,2026-10-01,MUFG Corporate Markets,MUFG CORPORATE MARKETS (AU) LIMITED,"Tower 4, 727 Collins Street, DOCKLANDS, VIC, AUSTRALIA, 3008",1300 554 474,2026-08-07
HCF,H&G HIGH CONVICTION LIMITED,Not Applic,2022-10-25,,2026-08-07,Registry Direct,REGISTRY DIRECT,"120 Collins St, MELBOURNE, VIC, AUSTRALIA, 3000",1300 556 635,2026-08-07
HCH,HOT CHILI LIMITED,Materials,2010-05-03,311454042,2026-10-01,Computershare,COMPUTERSHARE INVESTOR SERVICES PTY LIMITED,"Level 17, 221 St Georges Terrace, PERTH, WA, AUSTRALIA, 6000",1300 850 505,2026-08-07
HCL,HIGHCOM LIMITED,Capital Goods,2005-09-15,15582069,2026-10-01,Computershare,COMPUTERSHARE INVESTOR SERVICES PTY LIMITED,"Yarra Falls, 452 Johnston Street, ABBOTSFORD, VIC, AUSTRALIA, 3067",03 9415 4000,2026-08-07
HCT,HOLISTA COLLTECH LIMITED,Household & Personal Products,2004-02-26,15816878,2026-10-01,Computershare,COMPUTERSHARE INVESTOR SERVICES PTY LIMITED,"Level 17, 221 St Georges Terrace, PERTH, WA, AUSTRALIA, 6000",1300 850 505,2026-08-07
HCW,HEALTHCO HEALTHCARE AND WELLNESS REIT,Equity Real Estate Investment Trusts (REITs),2021-09-06,393375782,2026-10-01,MUFG Corporate Markets,MUFG CORPORATE MARKETS (AU) LIMITED,"LIBERTY PLACE, LEVEL 41, 161 CASTLEREAGH ST, SYDNEY, NSW, AUSTRALIA, 2000",1300 554 474,2026-08-07
HDN,HOMECO DAILY NEEDS REIT,Equity Real Estate Investment Trusts (REITs),2020-11-23,2196835942,2026-10-01,MUFG Corporate Markets,MUFG CORPORATE MARKETS (AU) LIMITED,"LIBERTY PLACE, LEVEL 41, 161 CASTLEREAGH ST, SYDNEY, NSW, AUSTRALIA, 2000",1300 554 474,2026-08-07
HE8,HELIOS ENERGY LTD,Energy,2010-10-20,7768610,2026-09-01,Automic,AUTOMIC REGISTRY SERVICES,"Level 5, 126 Phillip Street, SYDNEY, NSW, AUSTRALIA, 2000",02 9698 5414,2026-08-07
HFR,HIGHFIELD RESOURCES LIMITED,Materials,2012-02-07,,2026-10-01,Automic,AUTOMIC REGISTRY SERVICES,"Level 5, 126 Phillip Street, SYDNEY, NSW, AUSTRALIA, 2000",02 9698 5414,2026-08-07
HFY,HUBIFY LIMITED,Telecommunication Services,2017-01-12,5687975,2026-08-07,Automic,AUTOMIC REGISTRY SERVICES,"Level 5, 126 Phillip Street, SYDNEY, NSW, AUSTRALIA, 2000",02 9698 5414,2026-08-07
HGH,HEARTLAND GROUP HOLDINGS LIMITED,Banks,2018-11-01,968837149,2026-10-01,MUFG Corporate Markets,MUFG CORPORATE MARKETS (AU) LIMITED,"LIBERTY PLACE, LEVEL 41, 161 CASTLEREAGH ST, SYDNEY, NSW, AUSTRALIA, 2000",1300 554 474,2026-08-07
HIO,HAWSONS IRON LTD,Materials,2007-11-14,13781352,2026-09-01,MUFG Corporate Markets,MUFG CORPORATE MARKETS (AU) LIMITED,"Level 21, 10 Eagle Street, BRISBANE, QLD, AUSTRALIA, 4000",1300 554 474,2026-08-07
HIQ,HITIQ LIMITED,Health Care Equipment & Services,2021-06-16,5215201,2026-10-01,Automic,AUTOMIC REGISTRY SERVICES,"LEVEL 5, 191 St Georges Terrace,, PERTH, WA, AUSTRALIA, 6000",(08) 9324 2099,2026-08-07
HIT,HITECH GROUP AUSTRALIA LIMITED,Commercial & Professional Services,2000-04-17,49078000,2026-10-01,Computershare,COMPUTERSHARE INVESTOR SERVICES PTY LIMITED,"Level 4, 44 Martin Place, SYDNEY, NSW, AUSTRALIA, 2000",02 8234 5000,2026-08-07
HLI,HELIA GROUP LIMITED,Financial Services,2014-05-20,1345886169,2026-10-01,MUFG Corporate Markets,MUFG CORPORATE MARKETS (AU) LIMITED,"LIBERTY PLACE, LEVEL 41, 161 CASTLEREAGH ST, SYDNEY, NSW, AUSTRALIA, 2000",1300 554 474,2026-08-07
HLO,HELLOWORLD TRAVEL LIMITED,Consumer Services,2000-09-13,221786625,2026-10-01,Computershare,COMPUTERSHARE INVESTOR SERVICES PTY LIMITED,"Yarra Falls, 452 Johnston Street, ABBOTSFORD, VIC, AUSTRALIA, 3067",03 9415 4000,2026-08-07
HLS,HEALIUS LIMITED,Health Care Equipment & Services,1998-07-03,304995095,2026-10-01,Computershare,COMPUTERSHARE INVESTOR SERVICES PTY LIMITED,"Level 4, 44 Martin Place, SYDNEY, NSW, AUSTRALIA, 2000",02 8234 5000,2026-08-07
HLX,HELIX RESOURCES LIMITED,Materials,1986-05-22,,2026-10-01,Automic,AUTOMIC REGISTRY SERVICES,"Level 5, 126 Phillip Street, SYDNEY, NSW, AUSTRALIA, 2000",02 9698 5414,2026-08-07
HM1,HEARTS AND MINDS INVESTMENTS LIMITED,Not Applic,2018-11-14,666338106,2026-10-01,Boardroom,BOARDROOM PTY LIMITED,"LEVEL 8, 210 GEORGE STREET, SYDNEY, NSW, AUSTRALIA, 2000",(02) 9290 9600,2026-08-07
HMC,HMC CAPITAL LIMITED,Financial Services,2019-10-14,1241973350,2026-10-01,MUFG Corporate Markets,MUFG CORPORATE MARKETS (AU) LIMITED,"LIBERTY PLACE, LEVEL 41, 161 CASTLEREAGH ST, SYDNEY, NSW, AUSTRALIA, 2000",1300 554 474,2026-08-07
HMD,HERAMED LIMITED,Health Care Equipment & Services,2018-12-12,49821374,2026-10-01,Xcend,XCEND PTY LTD,"Level 2,, 477 Pitt Street, HAYMARKET, NSW, AUSTRALIA, 2000",61 2 8591 8509,2026-08-07
HMG,HAMELIN GOLD LIMITED,Materials,2021-11-05,50815290,2026-10-01,Automic,AUTOMIC REGISTRY SERVICES,"LEVEL 5, 191 St Georges Terrace,, PERTH, WA, AUSTRALIA, 6000",(08) 9324 2099,2026-08-07
HMI,HIREMII LIMITED,Commercial & Professional Services,2021-05-11,5482391,2026-10-01,Computershare,COMPUTERSHARE INVESTOR SERVICES PTY LIMITED,"Level 17, 221 St Georges Terrace, PERTH, WA, AUSTRALIA, 6000",1300 850 505,2026-08-07
HMX,HAMMER METALS LIMITED,Materials,2003-02-25,74098972,2026-10-01,Automic,AUTOMIC REGISTRY SERVICES,"Level 5, 126 Phillip Street, SYDNEY, NSW, AUSTRALIA, 2000",02 9698 5414,2026-08-07
HMY,HARMONEY CORP LIMITED,Financial Services,2020-11-19,75194466,2026-10-01,Automic,AUTOMIC REGISTRY SERVICES,"Level 5, 126 Phillip Street, SYDNEY, NSW, AUSTRALIA, 2000",02 9698 5414,2026-08-07
HOR,HORSESHOE METALS LIMITED,Materials,2010-07-29,18750227,2026-10-01,Automic,AUTOMIC REGISTRY SERVICES,"Level 5, 126 Phillip Street, SYDNEY, NSW, AUSTRALIA, 2000",02 9698 5414,2026-08-07
HPC,THE HYDRATION PHARMACEUTICALS COMPANY LIMITED,Household & Personal Products,2021-12-14,1613965,2026-09-01,Automic,AUTOMIC REGISTRY SERVICES,"LEVEL 5, 191 St Georges Terrace,, PERTH, WA, AUSTRALIA, 6000",(08) 9324 2099,2026-08-26
HPG,HIPAGES GROUP HOLDINGS LTD,Media & Entertainment,2020-11-12,111984027,2026-10-01,MUFG Corporate Markets,MUFG CORPORATE MARKETS (AU) LIMITED,"LIBERTY PLACE, LEVEL 41, 161 CASTLEREAGH ST, SYDNEY, NSW, AUSTRALIA, 2000",1300 554 474,2026-08-07
HPR,HIGH PEAK ROYALTIES LIMITED,Energy,2007-03-30,21898770,2026-10-01,Computershare,COMPUTERSHARE INVESTOR SERVICES PTY LIMITED,"Level 17, 221 St Georges Terrace, PERTH, WA, AUSTRALIA, 6000",1300 850 505,2026-08-07
HRE,HEAVY RARE EARTHS LIMITED,Materials,2022-08-24,9561355,2026-10-01,Boardroom,BOARDROOM PTY LIMITED,"LEVEL 8, 210 GEORGE STREET, SYDNEY, NSW, AUSTRALIA, 2000",(02) 9290 9600,2026-08-07
HRN,HORIZON GOLD LIMITED,Materials,2016-12-21,215687722,2026-10-01,Computershare,COMPUTERSHARE INVESTOR SERVICES PTY LIMITED,"Level 17, 221 St Georges Terrace, PERTH, WA, AUSTRALIA, 6000",1300 850 505,2026-08-07
HSN,HANSEN TECHNOLOGIES LIMITED,Software & Services,2000-06-01,639733842,2026-10-01,MUFG Corporate Markets,MUFG CORPORATE MARKETS (AU) LIMITED,"Tower 4, 727 Collins Street, DOCKLANDS, VIC, AUSTRALIA, 3008",1300 554 474,2026-08-26
HT8,HARRIS TECHNOLOGY GROUP LIMITED,Transportation,1999-06-24,6355203,2026-10-01,Boardroom,BOARDROOM PTY LIMITED,"LEVEL 8, 210 GEORGE STREET, SYDNEY, NSW, AUSTRALIA, 2000",(02) 9290 9600,2026-08-07
HTM,HIGH-TECH METALS LTD,Materials,2023-01-23,25793557,2026-10-01,Automic,AUTOMIC REGISTRY SERVICES,"LEVEL 5, 191 St Georges Terrace,, PERTH, WA, AUSTRALIA, 6000",(08) 9324 2099,2026-08-07
HUB,HUB24 LIMITED,Financial Services,2007-07-05,5182821986,2026-10-01,Automic,AUTOMIC REGISTRY SERVICES,"Level 5, 126 Phillip Street, SYDNEY, NSW, AUSTRALIA, 2000",02 9698 5414,2026-08-07
HUM,HUMM GROUP LIMITED,Financial Services,2006-12-12,207014926,2026-10-01,MUFG Corporate Markets,MUFG CORPORATE MARKETS (AU) LIMITED,"LIBERTY PLACE, LEVEL 41, 161 CASTLEREAGH ST, SYDNEY, NSW, AUSTRALIA, 2000",1300 554 474,2026-08-07
HVN,HARVEY NORMAN HOLDINGS LIMITED,Consumer Discretionary Distribution & Retail,1987-09-03,5245688013,2026-10-01,Boardroom,BOARDROOM PTY LIMITED,"LEVEL 8, 210 GEORGE STREET, SYDNEY, NSW, AUSTRALIA, 2000",(02) 9290 9600,2026-08-07
HVY,HEAVY MINERALS LIMITED,Materials,2021-09-14,,2026-10-01,Automic,AUTOMIC REGISTRY SERVICES,"LEVEL 5, 191 St Georges Terrace,, PERTH, WA, AUSTRALIA, 6000",(08) 9324 2099,2026-08-07
HWK,HAWK RESOURCES LIMITED.,Materials,2017-06-09,22079460,2026-10-01,Automic,AUTOMIC REGISTRY SERVICES,"LEVEL 5, 191 St Georges Terrace,, PERTH, WA, AUSTRALIA, 6000",(08) 9324 2099,2026-08-07
HXL,HEXIMA LIMITED.,"Pharmaceuticals, Biotechnology & Life Sciences",2020-12-01,,2026-08-07,MUFG Corporate Markets,MUFG CORPORATE MARKETS (AU) LIMITED,"Tower 4, 727 Collins Street, DOCKLANDS, VIC, AUSTRALIA, 3008",1300 554 474,2026-08-07
HYD,HYDRIX LIMITED,Technology Hardware & Equipment,2001-05-11,2899499,2026-10-01,Boardroom,BOARDROOM PTY LIMITED,"LEVEL 8, 210 GEORGE STREET, SYDNEY, NSW, AUSTRALIA, 2000",(02) 9290 9600,2026-08-07
HYT,HYTERRA LTD,Energy,2005-12-14,12857268,2026-10-01,Automic,AUTOMIC REGISTRY SERVICES,"Level 5, 126 Phillip Street, SYDNEY, NSW, AUSTRALIA, 2000",02 9698 5414,2026-08-07
HZN,HORIZON OIL LIMITED,Energy,1981-06-30,392239032,2026-10-01,Computershare,COMPUTERSHARE INVESTOR SERVICES PTY LIMITED,"Level 4, 44 Martin Place, SYDNEY, NSW, AUSTRALIA, 2000",02 8234 5000,2026-08-07
HZR,HAZER GROUP LIMITED,Materials,2015-12-02,79015112,2026-10-01,Automic,AUTOMIC REGISTRY SERVICES,"Level 5, 126 Phillip Street, SYDNEY, NSW, AUSTRALIA, 2000",02 9698 5414,2026-08-07
I88,INFINI RESOURCES LIMITED,Materials,2024-01-15,11902796,2026-10-01,Automic,AUTOMIC REGISTRY SERVICES,"Level 5, 126 Phillip Street, SYDNEY, NSW, AUSTRALIA, 2000",02 9698 5414,2026-08-07
IAG,INSURANCE AUSTRALIA GROUP LIMITED,Insurance,2000-08-08,18128871006,2026-10-01,Computershare,COMPUTERSHARE INVESTOR SERVICES PTY LIMITED,"Level 4, 44 Martin Place, SYDNEY, NSW, AUSTRALIA, 2000",02 8234 5000,2026-08-07
IAM,INCOME ASSET MANAGEMENT GROUP LIMITED.,Financial Services,1987-01-14,17686546,2026-09-01,Boardroom,BOARDROOM PTY LIMITED,"LEVEL 8, 210 GEORGE STREET, SYDNEY, NSW, AUSTRALIA, 2000",(02) 9290 9600,2026-08-07
IBC,IRONBARK BALANCED INCOME LIMITED,Not Applic,1987-04-02,43027865,2026-10-01,Boardroom,BOARDROOM PTY LIMITED,"LEVEL 8, 210 GEORGE STREET, SYDNEY, NSW, AUSTRALIA, 2000",(02) 9290 9600,2026-08-07
IBR,IRON BEAR RESOURCES LTD,Materials,2001-06-07,26550078,2026-10-01,Computershare,COMPUTERSHARE INVESTOR SERVICES PTY LIMITED,"Level 17, 221 St Georges Terrace, PERTH, WA, AUSTRALIA, 6000",1300 850 505,2026-08-07
IBX,IMAGION BIOSYSTEMS LIMITED,Health Care Equipment & Services,2017-06-22,6408055,2026-09-01,Boardroom,BOARDROOM PTY LIMITED,"LEVEL 8, 210 GEORGE STREET, SYDNEY, NSW, AUSTRALIA, 2000",(02) 9290 9600,2026-08-07
ICE,ICETANA LIMITED,Software & Services,2019-12-23,30558992,2026-10-01,Automic,AUTOMIC REGISTRY SERVICES,"LEVEL 5, 191 St Georges Terrace,, PERTH, WA, AUSTRALIA, 6000",(08) 9324 2099,2026-08-07
ICL,ICENI GOLD LIMITED,Materials,2021-04-14,7931730,2026-10-01,Automic,AUTOMIC REGISTRY SERVICES,"LEVEL 5, 191 St Georges Terrace,, PERTH, WA, AUSTRALIA, 6000",(08) 9324 2099,2026-08-07
ICR,INTELICARE HOLDINGS LIMITED,Health Care Equipment & Services,2020-05-25,16452056,2026-10-01,Automic,AUTOMIC REGISTRY SERVICES,"LEVEL 5, 191 St Georges Terrace,, PERTH, WA, AUSTRALIA, 6000",(08) 9324 2099,2026-08-07
ICU,INVESTOR CENTRE LIMITED,Financial Services,2006-07-31,,2026-08-07,Automic,AUTOMIC REGISTRY SERVICES,"Level 5, 126 Phillip Street, SYDNEY, NSW, AUSTRALIA, 2000",02 9698 5414,2026-08-07
ID8,IDENTITII LIMITED,Software & Services,2018-10-17,4579639,2026-10-01,Boardroom,BOARDROOM PTY LIMITED,"LEVEL 8, 210 GEORGE STREET, SYDNEY, NSW, AUSTRALIA, 2000",(02) 9290 9600,2026-08-25
IDA,INDIANA RESOURCES LIMITED,Materials,1986-07-17,12240417,2026-10-01,Computershare,COMPUTERSHARE INVESTOR SERVICES PTY LIMITED,"Level 17, 221 St Georges Terrace, PERTH, WA, AUSTRALIA, 6000",1300 850 505,2026-08-07
IDT,IDT AUSTRALIA LIMITED,"Pharmaceuticals, Biotechnology & Life Sciences",1991-02-18,18850842,2026-10-01,MUFG Corporate Markets,MUFG CORPORATE MARKETS (AU) LIMITED,"Tower 4, 727 Collins Street, DOCKLANDS, VIC, AUSTRALIA, 3008",1300 554 474,2026-08-07
IDX,INTEGRAL DIAGNOSTICS LIMITED,Health Care Equipment & Services,2015-10-21,794631724,2026-10-01,Computershare,COMPUTERSHARE INVESTOR SERVICES PTY LIMITED,"Yarra Falls, 452 Johnston Street, ABBOTSFORD, VIC, AUSTRALIA, 3067",03 9415 4000,2026-08-07
IEL,IDP EDUCATION LIMITED,Consumer Services,2015-11-26,553889060,2026-10-01,MUFG Corporate Markets,MUFG CORPORATE MARKETS (AU) LIMITED,"LIBERTY PLACE, LEVEL 41, 161 CASTLEREAGH ST, SYDNEY, NSW, AUSTRALIA, 2000",1300 554 474,2026-08-07
IEQ,INTERNATIONAL EQUITIES CORPORATION LIMITED.,Real Estate Management & Development,1993-03-11,,2026-09-01,Automic,AUTOMIC REGISTRY SERVICES,"Level 5, 126 Phillip Street, SYDNEY, NSW, AUSTRALIA, 2000",02 9698 5414,2026-08-07
IFG,INFOCUS GROUP HOLDINGS LIMITED,Software & Services,2004-08-10,,2026-08-07,Automic,AUTOMIC REGISTRY SERVICES,"LEVEL 5, 191 St Georges Terrace,, PERTH, WA, AUSTRALIA, 6000",(08) 9324 2099,2026-08-07
IFN,INFRAGREEN GROUP LIMITED,Commercial & Professional Services,2025-06-25,138531486,2026-10-01,MUFG Corporate Markets,MUFG CORPORATE MARKETS (AU) LIMITED,"LIBERTY PLACE, LEVEL 41, 161 CASTLEREAGH ST, SYDNEY, NSW, AUSTRALIA, 2000",1300 554 474,2026-08-07
IFT,INFRATIL LIMITED.,Capital Goods,2010-08-30,11223561272,2026-10-01,MUFG Corporate Markets,MUFG CORPORATE MARKETS (AU) LIMITED,"LIBERTY PLACE, LEVEL 41, 161 CASTLEREAGH ST, SYDNEY, NSW, AUSTRALIA, 2000",1300 554 474,2026-08-07
IG6,INTERNATIONAL GRAPHITE LIMITED,Capital Goods,2022-04-07,11672566,2026-10-01,Automic,AUTOMIC REGISTRY SERVICES,"LEVEL 5, 191 St Georges Terrace,, PERTH, WA, AUSTRALIA, 6000",(08) 9324 2099,2026-08-07
IGL,IVE GROUP LIMITED,Media & Entertainment,2015-12-16,367743595,2026-10-01,Automic,AUTOMIC REGISTRY SERVICES,"Level 5, 126 Phillip Street, SYDNEY, NSW, AUSTRALIA, 2000",02 9698 5414,2026-08-07
IGN,IGNITE LIMITED,Commercial & Professional Services,1997-01-16,11412742,2026-10-01,Computershare,COMPUTERSHARE INVESTOR SERVICES PTY LIMITED,"Level 4, 44 Martin Place, SYDNEY, NSW, AUSTRALIA, 2000",02 8234 5000,2026-08-07
IGO,IGO LIMITED,Materials,2002-01-17,4808650613,2026-10-01,Computershare,COMPUTERSHARE INVESTOR SERVICES PTY LIMITED,"Level 17, 221 St Georges Terrace, PERTH, WA, AUSTRALIA, 6000",1300 850 505,2026-08-07
IIQ,INOVIQ LTD,Health Care Equipment & Services,1991-04-18,22524073,2026-10-01,Computershare,COMPUTERSHARE INVESTOR SERVICES PTY LIMITED,"Level 17, 221 St Georges Terrace, PERTH, WA, AUSTRALIA, 6000",1300 850 505,2026-08-07
IKE,IKEGPS GROUP LIMITED,Technology Hardware & Equipment,2016-11-21,175490744,2026-10-01,MUFG Corporate Markets,MUFG CORPORATE MARKETS (AU) LIMITED,"LIBERTY PLACE, LEVEL 41, 161 CASTLEREAGH ST, SYDNEY, NSW, AUSTRALIA, 2000",1300 554 474,2026-08-07
ILA,ISLAND PHARMACEUTICALS LIMITED,"Pharmaceuticals, Biotechnology & Life Sciences",2021-04-13,109555772,2026-10-10,,,,,2026-10-10
ILT,ILTANI RESOURCES LIMITED.,Materials,2023-06-30,35875971,2026-10-01,Automic,AUTOMIC REGISTRY SERVICES,"Suite 5, Level 12, 530 Collins Street, MELBOURNE, VIC, AUSTRALIA, 3000",1300 288 664,2026-08-07
ILU,ILUKA RESOURCES LIMITED,Materials,1962-06-30,2471059291,2026-10-01,Computershare,COMPUTERSHARE INVESTOR SERVICES PTY LIMITED,"Level 17, 221 St Georges Terrace, PERTH, WA, AUSTRALIA, 6000",1300 850 505,2026-08-07
IMA,IMAGE RESOURCES NL,Materials,2002-07-04,22302192,2026-10-01,Automic,AUTOMIC REGISTRY SERVICES,"LEVEL 5, 191 St Georges Terrace,, PERTH, WA, AUSTRALIA, 6000",(08) 9324 2099,2026-08-07
IMB,INTELLIGENT MONITORING GROUP LIMITED,Commercial & Professional Services,1994-03-03,241703058,2026-10-01,MUFG Corporate Markets,MUFG CORPORATE MARKETS (AU) LIMITED,"Level 12 QV1 Building, 250 St Georges Terrace, PERTH, WA, AUSTRALIA, 6000",1300 554 474,2026-08-07
IMC,IMMURON LIMITED,"Pharmaceuticals, Biotechnology & Life Sciences",1999-04-30,12913923,2026-10-01,Boardroom,BOARDROOM PTY LIMITED,"LEVEL 8, 210 GEORGE STREET, SYDNEY, NSW, AUSTRALIA, 2000",(02) 9290 9600,2026-08-07
IMD,IMDEX LIMITED,Materials,1987-09-24,1680513638,2026-10-01,Automic,AUTOMIC REGISTRY SERVICES,"LEVEL 5, 191 St Georges Terrace,, PERTH, WA, AUSTRALIA, 6000",(08) 9324 2099,2026-08-07
IME,IMEXHS LIMITED,Health Care Equipment & Services,2005-12-14,17678606,2026-10-01,Automic,AUTOMIC REGISTRY SERVICES,"Level 5, 126 Phillip Street, SYDNEY, NSW, AUSTRALIA, 2000",02 9698 5414,2026-08-07
IMI,INFINITY MINING LIMITED,Materials,2021-12-22,3919287,2026-09-01,MUFG Corporate Markets,MUFG CORPORATE MARKETS (AU) LIMITED,"Level 21, 10 Eagle Street, BRISBANE, QLD, AUSTRALIA, 4000",1300 554 474,2026-08-07
IMM,IMMUTEP LIMITED,"Pharmaceuticals, Biotechnology & Life Sciences",1988-06-23,48645636,2026-10-01,Boardroom,BOARDROOM PTY LIMITED,"LEVEL 8, 210 GEORGE STREET, SYDNEY, NSW, AUSTRALIA, 2000",(02) 9290 9600,2026-08-07
IMR,IMRICOR MEDICAL SYSTEMS INC.,Health Care Equipment & Services,2019-08-30,559494970,2026-10-01,Computershare,COMPUTERSHARE INVESTOR SERVICES PTY LIMITED,"Computershare Investor Services Pty Ltd, 452 Johnston Street, ABBOTSFORD, VIC, AUSTRALIA, 3067",1300 171 785,2026-08-07
IMU,IMUGENE LIMITED,"Pharmaceuticals, Biotechnology & Life Sciences",1993-11-24,21407159,2026-10-01,Automic,AUTOMIC REGISTRY SERVICES,"Suite 5, Level 12, 530 Collins Street, MELBOURNE, VIC, AUSTRALIA, 3000",1300 288 664,2026-08-07
INA,INGENIA COMMUNITIES GROUP,Equity Real Estate Investment Trusts (REITs),2004-07-01,1907489676,2026-10-01,MUFG Corporate Markets,MUFG CORPORATE MARKETS (AU) LIMITED,"LIBERTY PLACE, LEVEL 41, 161 CASTLEREAGH ST, SYDNEY, NSW, AUSTRALIA, 2000",1300 554 474,2026-08-07
IND,INDUSTRIAL MINERALS LTD,Materials,2021-07-13,17082462,2026-10-01,Xcend,XCEND PTY LTD,"Level 2,, 477 Pitt Street, HAYMARKET, NSW, AUSTRALIA, 2000",61 2 8591 8509,2026-08-07
INF,INFINITY METALS LIMITED,Materials,2011-04-15,4952248,2026-09-01,Automic,AUTOMIC REGISTRY SERVICES,"Level 5, 126 Phillip Street, SYDNEY, NSW, AUSTRALIA, 2000",02 9698 5414,2026-08-07
ING,INGHAMS GROUP LIMITED,"Food, Beverage & Tobacco",2016-11-07,765659978,2026-10-01,Computershare,COMPUTERSHARE INVESTOR SERVICES PTY LIMITED,"Level 4, 44 Martin Place, SYDNEY, NSW, AUSTRALIA, 2000",02 8234 5000,2026-08-07
INN,INNOVAERO TECHNOLOGIES LIMITED,Capital Goods,2026-09-22,134540346,2026-10-01,,,,,2026-09-21
INR,IONEER LTD,Materials,2007-12-19,324202657,2026-10-01,Boardroom,BOARDROOM PTY LIMITED,"LEVEL 8, 210 GEORGE STREET, SYDNEY, NSW, AUSTRALIA, 2000",(02) 9290 9600,2026-08-07
INV,INVESTSMART GROUP LIMITED,Financial Services,2005-04-21,16310351,2026-10-01,Automic,AUTOMIC REGISTRY SERVICES,"Level 5, 126 Phillip Street, SYDNEY, NSW, AUSTRALIA, 2000",02 9698 5414,2026-08-07
IOD,IODM LIMITED,Software & Services,2003-11-18,58120598,2026-10-01,Boardroom,BOARDROOM PTY LIMITED,"LEVEL 8, 210 GEORGE STREET, SYDNEY, NSW, AUSTRALIA, 2000",(02) 9290 9600,2026-08-07
ION,IONDRIVE LIMITED,Materials,2005-04-21,150577278,2026-10-01,Automic,AUTOMIC REGISTRY SERVICES,"Level 5, 126 Phillip Street, SYDNEY, NSW, AUSTRALIA, 2000",02 9698 5414,2026-08-07
IOV,ION VIDEO LTD,Software & Services,2011-07-26,54112090,2026-10-01,Automic,AUTOMIC REGISTRY SERVICES,"Level 5, 126 Phillip Street, SYDNEY, NSW, AUSTRALIA, 2000",02 9698 5414,2026-08-07
IPC,IMPERIAL PACIFIC LIMITED,Financial Services,1971-07-28,,2026-09-01,Registry Direct,REGISTRY DIRECT,"120 Collins St, MELBOURNE, VIC, AUSTRALIA, 3000",1300 556 635,2026-08-07
IPD,IMPEDIMED LIMITED,Health Care Equipment & Services,2007-10-24,14649975,2026-10-01,MUFG Corporate Markets,MUFG CORPORATE MARKETS (AU) LIMITED,"Level 21, 10 Eagle Street, BRISBANE, QLD, AUSTRALIA, 4000",1300 554 474,2026-08-07
IPG,IPD GROUP LTD,Capital Goods,2021-12-17,624660222,2026-10-01,Computershare,COMPUTERSHARE INVESTOR SERVICES PTY LIMITED,"Level 17, 221 St Georges Terrace, PERTH, WA, AUSTRALIA, 6000",1300 850 505,2026-08-26
IPH,IPH LIMITED,Commercial & Professional Services,2014-11-19,857593220,2026-10-01,MUFG Corporate Markets,MUFG CORPORATE MARKETS (AU) LIMITED,"LIBERTY PLACE, LEVEL 41, 161 CASTLEREAGH ST, SYDNEY, NSW, AUSTRALIA, 2000",1300 554 474,2026-08-07
IPT,IMPACT MINERALS LIMITED,Materials,2006-11-29,14642455,2026-10-01,Automic,AUTOMIC REGISTRY SERVICES,"Level 5, 126 Phillip Street, SYDNEY, NSW, AUSTRALIA, 2000",02 9698 5414,2026-08-07
IPX,IPERIONX LIMITED,Materials,2018-04-16,836774777,2026-10-01,Automic,AUTOMIC REGISTRY SERVICES,"LEVEL 5, 191 St Georges Terrace,, PERTH, WA, AUSTRALIA, 6000",(08) 9324 2099,2026-08-07
IRD,IRON ROAD LIMITED,Materials,2008-06-12,7561735,2026-10-01,Automic,AUTOMIC REGISTRY SERVICES,"LEVEL 5, 191 St Georges Terrace,, PERTH, WA, AUSTRALIA, 6000",(08) 9324 2099,2026-08-07
IRE,IRESS LIMITED,Software & Services,2000-11-03,1001191581,2026-10-01,Computershare,COMPUTERSHARE INVESTOR SERVICES PTY LIMITED,"Yarra Falls, 452 Johnston Street, ABBOTSFORD, VIC, AUSTRALIA, 3067",03 9415 4000,2026-08-07
IRI,INTEGRATED RESEARCH LIMITED,Software & Services,2000-12-13,51068826,2026-10-01,Computershare,COMPUTERSHARE INVESTOR SERVICES PTY LIMITED,"Level 4, 44 Martin Place, SYDNEY, NSW, AUSTRALIA, 2000",02 8234 5000,2026-08-07
IS3,I SYNERGY GROUP LIMITED,Software & Services,2017-03-30,10452280,2026-09-01,Automic,AUTOMIC REGISTRY SERVICES,"LEVEL 5, 191 St Georges Terrace,, PERTH, WA, AUSTRALIA, 6000",(08) 9324 2099,2026-08-07
ITM,ITECH MINERALS LTD,Materials,2021-10-21,13138696,2026-10-01,Automic,AUTOMIC REGISTRY SERVICES,"LEVEL 5, 191 St Georges Terrace,, PERTH, WA, AUSTRALIA, 6000",(08) 9324 2099,2026-08-07
ITS,INFOTRUST LTD,Software & Services,1999-10-22,52710272,2026-10-01,Automic,AUTOMIC REGISTRY SERVICES,"Level 5, 126 Phillip Street, SYDNEY, NSW, AUSTRALIA, 2000",02 9698 5414,2026-08-07
IVG,INVERT GRAPHITE LIMITED,"Pharmaceuticals, Biotechnology & Life Sciences",2004-03-19,20539249,2026-10-01,MUFG Corporate Markets,MUFG CORPORATE MARKETS (AU) LIMITED,"Level 21, 10 Eagle Street, BRISBANE, QLD, AUSTRALIA, 4000",1300 554 474,2026-08-07
IVR,INVESTIGATOR SILVER LIMITED,Materials,2007-04-03,128520030,2026-10-01,Computershare,COMPUTERSHARE INVESTOR SERVICES PTY LIMITED,"Level 1, 200 Mary Street, BRISBANE, QLD, AUSTRALIA, 4000",1300 552 270,2026-08-07
IVX,INVION LIMITED,"Pharmaceuticals, Biotechnology & Life Sciences",2010-02-15,4040424,2026-09-01,Boardroom,BOARDROOM PTY LIMITED,"LEVEL 8, 210 GEORGE STREET, SYDNEY, NSW, AUSTRALIA, 2000",(02) 9290 9600,2026-08-07
IVZ,INVICTUS ENERGY LTD,Energy,2012-01-19,105393906,2026-10-01,Computershare,COMPUTERSHARE INVESTOR SERVICES PTY LIMITED,"Level 17, 221 St Georges Terrace, PERTH, WA, AUSTRALIA, 6000",1300 850 505,2026-08-07
IXC,INVEX THERAPEUTICS LTD,"Pharmaceuticals, Biotechnology & Life Sciences",2019-07-05,8266923,2026-08-07,Automic,AUTOMIC REGISTRY SERVICES,"LEVEL 5, 191 St Georges Terrace,, PERTH, WA, AUSTRALIA, 6000",(08) 9324 2099,2026-08-07
IXR,IONIC RARE EARTHS LIMITED,Materials,1999-12-10,119720581,2026-10-01,Computershare,COMPUTERSHARE INVESTOR SERVICES PTY LIMITED,"Level 17, 221 St Georges Terrace, PERTH, WA, AUSTRALIA, 6000",1300 850 505,2026-08-07
JAL,JAMESON RESOURCES LIMITED,Materials,2007-12-18,40598381,2026-10-01,Automic,AUTOMIC REGISTRY SERVICES,"LEVEL 5, 191 St Georges Terrace,, PERTH, WA, AUSTRALIA, 6000",(08) 9324 2099,2026-08-07
JAN,JANISON EDUCATION GROUP LIMITED,Software & Services,2000-09-12,31186590,2026-09-01,Automic,AUTOMIC REGISTRY SERVICES,"Level 5, 126 Phillip Street, SYDNEY, NSW, AUSTRALIA, 2000",02 9698 5414,2026-08-07
JAT,JATCORP LIMITED,Consumer Discretionary Distribution & Retail,2008-01-30,10449149,2026-10-01,Automic,AUTOMIC REGISTRY SERVICES,"Level 5, 126 Phillip Street, SYDNEY, NSW, AUSTRALIA, 2000",02 9698 5414,2026-08-07
JAV,JAVELIN MINERALS LIMITED,Materials,2012-10-09,25428781,2026-10-01,Automic,AUTOMIC REGISTRY SERVICES,"LEVEL 5, 191 St Georges Terrace,, PERTH, WA, AUSTRALIA, 6000",(08) 9324 2099,2026-08-07
JBH,JB HI-FI LIMITED,Consumer Discretionary Distribution & Retail,2003-10-23,7663218728,2026-10-01,Computershare,COMPUTERSHARE INVESTOR SERVICES PTY LIMITED,"Yarra Falls, 452 Johnston Street, ABBOTSFORD, VIC, AUSTRALIA, 3067",03 9415 4000,2026-08-07
JCS,JCURVE SOLUTIONS LTD,Software & Services,2000-12-08,9567273,2026-10-01,Automic,AUTOMIC REGISTRY SERVICES,"Level 5, 126 Phillip Street, SYDNEY, NSW, AUSTRALIA, 2000",02 9698 5414,2026-08-07
JDO,JUDO CAPITAL HOLDINGS LIMITED,Banks,2021-11-01,1004506494,2026-10-01,MUFG Corporate Markets,MUFG CORPORATE MARKETS (AU) LIMITED,"LIBERTY PLACE, LEVEL 41, 161 CASTLEREAGH ST, SYDNEY, NSW, AUSTRALIA, 2000",1300 554 474,2026-08-07
JGH,JADE GAS HOLDINGS LIMITED,Materials,1995-02-13,161878256,2026-10-01,Computershare,COMPUTERSHARE INVESTOR SERVICES PTY LIMITED,"Level 17, 221 St Georges Terrace, PERTH, WA, AUSTRALIA, 6000",1300 850 505,2026-08-07
JHX,JAMES HARDIE INDUSTRIES PLC,Materials,2001-10-15,21070933711,2026-10-01,Computershare,COMPUTERSHARE INVESTOR SERVICES PTY LIMITED,"Level 4, 44 Martin Place, SYDNEY, NSW, AUSTRALIA, 2000",02 8234 5000,2026-08-07
JIN,JUMBO INTERACTIVE LIMITED,Consumer Services,1972-06-14,362299620,2026-10-01,,,,,2026-08-07
JLL,JINDALEE LITHIUM LIMITED,Materials,2002-07-11,49864197,2026-10-01,Automic,AUTOMIC REGISTRY SERVICES,"Level 5, 126 Phillip Street, SYDNEY, NSW, AUSTRALIA, 2000",02 9698 5414,2026-08-07
JMS,JUPITER MINES LIMITED.,Materials,2018-04-18,501291891,2026-10-01,MUFG Corporate Markets,MUFG CORPORATE MARKETS (AU) LIMITED,"Level 12 QV1 Building, 250 St Georges Terrace, PERTH, WA, AUSTRALIA, 6000",1300 554 474,2026-08-07
JNO,JUNO MINERALS LIMITED,Materials,2021-05-14,5440163,2026-08-07,MUFG Corporate Markets,MUFG CORPORATE MARKETS (AU) LIMITED,"Level 12 QV1 Building, 250 St Georges Terrace, PERTH, WA, AUSTRALIA, 6000",1300 554 474,2026-08-07
JNS,JANUS ELECTRIC HOLDINGS LIMITED,Utilities,2002-09-12,139494873,2026-10-01,MUFG Corporate Markets,MUFG CORPORATE MARKETS (AU) LIMITED,"Tower 4, 727 Collins Street, DOCKLANDS, VIC, AUSTRALIA, 3008",1300 554 474,2026-08-07
JPR,JUPITER ENERGY LIMITED,Energy,2003-11-12,19235783,2026-10-01,Computershare,COMPUTERSHARE INVESTOR SERVICES PTY LIMITED,"Level 17, 221 St Georges Terrace, PERTH, WA, AUSTRALIA, 6000",1300 850 505,2026-08-07
JYC,JOYCE CORPORATION LTD,Consumer Discretionary Distribution & Retail,1986-12-17,185103624,2026-10-01,Computershare,COMPUTERSHARE INVESTOR SERVICES PTY LIMITED,"Level 17, 221 St Georges Terrace, PERTH, WA, AUSTRALIA, 6000",1300 850 505,2026-08-07
KAL,KALGOORLIE GOLD MINING LIMITED,Materials,2021-11-17,11387404,2026-10-01,Automic,AUTOMIC REGISTRY SERVICES,"LEVEL 5, 191 St Georges Terrace,, PERTH, WA, AUSTRALIA, 6000",(08) 9324 2099,2026-08-07
KALN,KALGOORLIE GOLD MINING LIMITED,Materials,2021-11-17,,2026-10-06,,,,,2026-10-06
KAM,K2 ASSET MANAGEMENT HOLDINGS LTD,Financial Services,2007-11-29,12777515,2026-10-01,Boardroom,BOARDROOM PTY LIMITED,"LEVEL 8, 210 GEORGE STREET, SYDNEY, NSW, AUSTRALIA, 2000",(02) 9290 9600,2026-08-07
KAN,KANTRA COPPER LIMITED,Materials,1994-07-22,288620340,2026-10-01,,,,,2026-09-02
KAO,KAOKO METALS LIMITED,Materials,2026-05-07,137669172,2026-10-01,Xcend,XCEND PTY LTD,"Level 2,, 477 Pitt Street, HAYMARKET, NSW, AUSTRALIA, 2000",61 2 8591 8509,2026-08-31
KAR,KAROON ENERGY LTD,Energy,2004-06-08,1056908438,2026-10-01,Computershare,COMPUTERSHARE INVESTOR SERVICES PTY LIMITED,"Yarra Falls, 452 Johnston Street, ABBOTSFORD, VIC, AUSTRALIA, 3067",03 9415 4000,2026-08-07
KAT,KATANA CAPITAL LIMITED,Not Applic,2005-12-23,43374588,2026-10-01,Computershare,COMPUTERSHARE INVESTOR SERVICES PTY LIMITED,"Level 17, 221 St Georges Terrace, PERTH, WA, AUSTRALIA, 6000",1300 850 505,2026-08-07
KAU,KAISER REEF LIMITED,Materials,2020-02-28,118037868,2026-10-01,Automic,AUTOMIC REGISTRY SERVICES,"LEVEL 5, 191 St Georges Terrace,, PERTH, WA, AUSTRALIA, 6000",(08) 9324 2099,2026-08-07
KCC,KINCORA COPPER LIMITED,Materials,2021-03-30,47134142,2026-10-01,Computershare,COMPUTERSHARE INVESTOR SERVICES PTY LIMITED,"Level 17, 221 St Georges Terrace, PERTH, WA, AUSTRALIA, 6000",1300 850 505,2026-08-07
KCN,KINGSGATE CONSOLIDATED LIMITED.,Materials,1988-04-21,1292083669,2026-10-01,MUFG Corporate Markets,MUFG CORPORATE MARKETS (AU) LIMITED,"LIBERTY PLACE, LEVEL 41, 161 CASTLEREAGH ST, SYDNEY, NSW, AUSTRALIA, 2000",1300 554 474,2026-08-07
KEY,KEY PETROLEUM LIMITED,Energy,2007-04-26,3384286,2026-10-01,Computershare,COMPUTERSHARE INVESTOR SERVICES PTY LIMITED,"Level 17, 221 St Georges Terrace, PERTH, WA, AUSTRALIA, 6000",1300 850 505,2026-08-07
KFM,KINGFISHER MINING LTD,Materials,2020-12-11,7805438,2026-10-01,Xcend,XCEND PTY LTD,"Level 2,, 477 Pitt Street, HAYMARKET, NSW, AUSTRALIA, 2000",61 2 8591 8509,2026-08-07
KGL,KGL RESOURCES LIMITED,Materials,2005-03-17,397493384,2026-10-01,MUFG Corporate Markets,MUFG CORPORATE MARKETS (AU) LIMITED,"Tower 4, 727 Collins Street, DOCKLANDS, VIC, AUSTRALIA, 3008",1300 554 474,2026-08-07
KGN,KOGAN.COM LTD,Consumer Discretionary Distribution & Retail,2016-07-07,310493716,2026-10-01,Automic,AUTOMIC REGISTRY SERVICES,"Level 5, 126 Phillip Street, SYDNEY, NSW, AUSTRALIA, 2000",02 9698 5414,2026-08-07
KIT,KAPSTREAM INVESTMENT TRUST,Class Pend,2026-03-30,175278827,2026-10-01,Boardroom,BOARDROOM PTY LIMITED,"LEVEL 8, 210 GEORGE STREET, SYDNEY, NSW, AUSTRALIA, 2000",(02) 9290 9600,2026-08-07
KKC,KKR CREDIT INCOME FUND,Not Applic,2019-11-21,661194456,2026-10-01,Boardroom,BOARDROOM PTY LIMITED,"LEVEL 8, 210 GEORGE STREET, SYDNEY, NSW, AUSTRALIA, 2000",(02) 9290 9600,2026-08-07
KKO,KINETIKO ENERGY LTD,Energy,2011-07-21,55515857,2026-10-01,Automic,AUTOMIC REGISTRY SERVICES,"LEVEL 5, 191 St Georges Terrace,, PERTH, WA, AUSTRALIA, 6000",(08) 9324 2099,2026-08-07
KLI,KILLI RESOURCES LIMITED,Materials,2022-02-10,106409362,2026-10-01,Automic,AUTOMIC REGISTRY SERVICES,"LEVEL 5, 191 St Georges Terrace,, PERTH, WA, AUSTRALIA, 6000",(08) 9324 2099,2026-08-07
KLR,KAILI RESOURCES LIMITED,Energy,1997-03-06,9728424,2026-10-01,Computershare,COMPUTERSHARE INVESTOR SERVICES PTY LIMITED,"Level 4, 44 Martin Place, SYDNEY, NSW, AUSTRALIA, 2000",02 8234 5000,2026-08-07
KLS,KELSIAN GROUP LIMITED,Transportation,2013-10-16,1120147470,2026-10-01,Boardroom,BOARDROOM PTY LIMITED,"LEVEL 8, 210 GEORGE STREET, SYDNEY, NSW, AUSTRALIA, 2000",(02) 9290 9600,2026-08-07
KLV,KLEVO GROUP LIMITED,Commercial & Professional Services,2022-02-11,92005249,2026-10-01,,,,,2026-09-07
KM1,KALI METALS LIMITED,Materials,2024-01-08,17952022,2026-10-01,Automic,AUTOMIC REGISTRY SERVICES,"Level 5, 126 Phillip Street, SYDNEY, NSW, AUSTRALIA, 2000",02 9698 5414,2026-08-07
KMD,KMD BRANDS LIMITED,Consumer Discretionary Distribution & Retail,2009-11-13,109404777,2026-10-01,MUFG Corporate Markets,MUFG CORPORATE MARKETS (AU) LIMITED,"Tower 4, 727 Collins Street, DOCKLANDS, VIC, AUSTRALIA, 3008",1300 554 474,2026-08-07
KME,KIP MCGRATH EDUCATION CENTRES LIMITED,Consumer Services,2003-08-15,34906388,2026-10-01,Computershare,COMPUTERSHARE INVESTOR SERVICES PTY LIMITED,"Level 1, 200 Mary Street, BRISBANE, QLD, AUSTRALIA, 4000",1300 552 270,2026-08-07
KNB,KOONENBERRY GOLD LIMITED,Materials,2021-09-28,28984018,2026-10-01,Automic,AUTOMIC REGISTRY SERVICES,"LEVEL 5, 191 St Georges Terrace,, PERTH, WA, AUSTRALIA, 6000",(08) 9324 2099,2026-08-07
KNG,KINGSLAND MINERALS LTD,Materials,2022-06-14,4168513,2026-10-01,Automic,AUTOMIC REGISTRY SERVICES,"Level 5, 126 Phillip Street, SYDNEY, NSW, AUSTRALIA, 2000",02 9698 5414,2026-08-07
KNI,KUNIKO LIMITED,Materials,2021-08-24,5882647,2026-10-01,Automic,AUTOMIC REGISTRY SERVICES,"LEVEL 5, 191 St Georges Terrace,, PERTH, WA, AUSTRALIA, 6000",(08) 9324 2099,2026-08-07
KNO,KNOSYS LIMITED,Software & Services,2015-09-09,4755051,2026-10-01,Automic,AUTOMIC REGISTRY SERVICES,"Level 5, 126 Phillip Street, SYDNEY, NSW, AUSTRALIA, 2000",02 9698 5414,2026-08-07
KOA,THE KOALA COMPANY LIMITED,Consumer Discretionary Distribution & Retail,2026-03-31,443392657,2026-10-01,Automic,AUTOMIC REGISTRY SERVICES,"Level 5, 126 Phillip Street, SYDNEY, NSW, AUSTRALIA, 2000",02 9698 5414,2026-08-07
KOB,KOBA RESOURCES LIMITED,Materials,2022-05-04,8855819,2026-10-01,Automic,AUTOMIC REGISTRY SERVICES,"LEVEL 5, 191 St Georges Terrace,, PERTH, WA, AUSTRALIA, 6000",(08) 9324 2099,2026-08-07
KOV,KORVEST LTD,Capital Goods,1970-09-17,190752592,2026-10-01,Computershare,COMPUTERSHARE INVESTOR SERVICES PTY LIMITED,"Level 5, 115 Grenfell Street, ADELAIDE, SA, AUSTRALIA, 5000",08 8236 2300,2026-08-07
KP2,KORE POTASH PLC,Materials,2017-11-07,377843497,2026-10-01,Computershare,COMPUTERSHARE INVESTOR SERVICES PTY LIMITED,"Level 17, 221 St Georges Terrace, PERTH, WA, AUSTRALIA, 6000",1300 850 505,2026-08-07
KPG,KELLY PARTNERS GROUP HOLDINGS LIMITED,Commercial & Professional Services,2017-06-21,187891072,2026-10-01,Computershare,COMPUTERSHARE INVESTOR SERVICES PTY LIMITED,"Level 4, 44 Martin Place, SYDNEY, NSW, AUSTRALIA, 2000",02 8234 5000,2026-08-07
KPO,KALINA POWER LIMITED,Utilities,1971-08-02,59437754,2026-10-01,Computershare,COMPUTERSHARE INVESTOR SERVICES PTY LIMITED,"Yarra Falls, 452 Johnston Street, ABBOTSFORD, VIC, AUSTRALIA, 3067",03 9415 4000,2026-08-07
KRM,KINGSROSE MINING LIMITED,Materials,2007-12-07,15070530,2026-10-01,MUFG Corporate Markets,MUFG CORPORATE MARKETS (AU) LIMITED,"Level 12 QV1 Building, 250 St Georges Terrace, PERTH, WA, AUSTRALIA, 6000",1300 554 474,2026-08-07
KRR,KING RIVER RESOURCES LIMITED,Materials,2007-09-21,116404854,2026-10-01,Automic,AUTOMIC REGISTRY SERVICES,"LEVEL 5, 191 St Georges Terrace,, PERTH, WA, AUSTRALIA, 6000",(08) 9324 2099,2026-08-07
KSC,K & S CORPORATION LIMITED,Transportation,1971-08-25,433805979,2026-10-01,Computershare,COMPUTERSHARE INVESTOR SERVICES PTY LIMITED,"Level 5, 115 Grenfell Street, ADELAIDE, SA, AUSTRALIA, 5000",08 8236 2300,2026-08-07
KSL,KINA SECURITIES LIMITED,Banks,2015-07-30,314935557,2026-10-01,MUFG Corporate Markets,MUFG CORPORATE MARKETS (AU) LIMITED,"LIBERTY PLACE, LEVEL 41, 161 CASTLEREAGH ST, SYDNEY, NSW, AUSTRALIA, 2000",1300 554 474,2026-08-07
KSN,KINGSTON RESOURCES LIMITED,Materials,1987-03-05,42481902,2026-10-01,Automic,AUTOMIC REGISTRY SERVICES,"Level 5, 126 Phillip Street, SYDNEY, NSW, AUSTRALIA, 2000",02 9698 5414,2026-08-07
KTA,KRAKATOA RESOURCES LIMITED,Materials,2012-12-28,14085827,2026-10-01,Computershare,COMPUTERSHARE INVESTOR SERVICES PTY LIMITED,"Level 17, 221 St Georges Terrace, PERTH, WA, AUSTRALIA, 6000",1300 850 505,2026-08-07
KTK,KTEK AEROSYSTEMS LTD,Capital Goods,2026-05-18,23885000,2026-10-01,Computershare,COMPUTERSHARE INVESTOR SERVICES PTY LIMITED,"Level 17, 221 St Georges Terrace, PERTH, WA, AUSTRALIA, 6000",1300 850 505,2026-08-07
KYN,KYRON CAPITAL GROUP,Consumer Services,2014-07-11,3298037,2026-10-01,,,,,2026-08-07
KYP,KINATICO LTD,Software & Services,2015-09-08,61128128,2026-10-01,Automic,AUTOMIC REGISTRY SERVICES,"LEVEL 5, 191 St Georges Terrace,, PERTH, WA, AUSTRALIA, 6000",(08) 9324 2099,2026-08-07
KZR,KALAMAZOO RESOURCES LIMITED,Materials,2017-01-16,51406837,2026-10-01,Automic,AUTOMIC REGISTRY SERVICES,"Level 5, 126 Phillip Street, SYDNEY, NSW, AUSTRALIA, 2000",02 9698 5414,2026-08-07
L1G,L1 GROUP LIMITED,Financial Services,2007-05-23,2913185496,2026-10-01,Computershare,COMPUTERSHARE INVESTOR SERVICES PTY LIMITED,"Level 4, 44 Martin Place, SYDNEY, NSW, AUSTRALIA, 2000",02 8234 5000,2026-08-07
L1M,LIGHTNING MINERALS LTD,Materials,2022-11-22,5131432,2026-10-01,Automic,AUTOMIC REGISTRY SERVICES,"Level 5, 126 Phillip Street, SYDNEY, NSW, AUSTRALIA, 2000",02 9698 5414,2026-08-07
LAC,LAC GOLD LIMITED,Materials,2005-10-25,71456376,2026-10-01,Computershare,COMPUTERSHARE INVESTOR SERVICES PTY LIMITED,"Level 17, 221 St Georges Terrace, PERTH, WA, AUSTRALIA, 6000",1300 850 505,2026-08-07
LAM,LARAMIDE RESOURCES LTD,Energy,2013-04-30,143312052,2026-10-01,Computershare,COMPUTERSHARE INVESTOR SERVICES PTY LIMITED,"Level 17, 221 St Georges Terrace, PERTH, WA, AUSTRALIA, 6000",1300 850 505,2026-08-07
LAT,LATITUDE 66 LIMITED,Materials,2007-12-13,23665976,2026-10-10,,,,,2026-10-10
LAU,LINDSAY AUSTRALIA LIMITED,Transportation,1994-07-05,267363638,2026-10-01,Computershare,COMPUTERSHARE INVESTOR SERVICES PTY LIMITED,"Level 1, 200 Mary Street, BRISBANE, QLD, AUSTRALIA, 4000",1300 552 270,2026-08-07
LBL,LASERBOND LIMITED,Capital Goods,2007-12-17,63653077,2026-10-01,Boardroom,BOARDROOM PTY LIMITED,"LEVEL 8, 210 GEORGE STREET, SYDNEY, NSW, AUSTRALIA, 2000",(02) 9290 9600,2026-08-07
LCE,LONDON CITY EQUITIES LIMITED,Financial Services,1987-03-06,26980953,2026-10-01,Registry Direct,REGISTRY DIRECT,"120 Collins St, MELBOURNE, VIC, AUSTRALIA, 3000",1300 556 635,2026-08-07
LCL,LCL RESOURCES LIMITED,Materials,2007-10-02,8438550,2026-08-07,Automic,AUTOMIC REGISTRY SERVICES,"LEVEL 5, 191 St Georges Terrace,, PERTH, WA, AUSTRALIA, 6000",(08) 9324 2099,2026-08-07
LCY,LEGACY IRON ORE LIMITED,Materials,2008-07-08,48810213,2026-08-07,,,,,2026-10-10
LDR,LODE RESOURCES LTD,Materials,2021-07-02,19078329,2026-10-01,Automic,AUTOMIC REGISTRY SERVICES,"Level 5, 126 Phillip Street, SYDNEY, NSW, AUSTRALIA, 2000",02 9698 5414,2026-08-07
LDX,LUMOS DIAGNOSTICS HOLDINGS LIMITED,Health Care Equipment & Services,2021-07-05,97166627,2026-10-01,Computershare,COMPUTERSHARE INVESTOR SERVICES PTY LIMITED,"Yarra Falls, 452 Johnston Street, ABBOTSFORD, VIC, AUSTRALIA, 3067",03 9415 4000,2026-08-07
LED,LDR CAPITAL PROPERTY FUND,Equity Real Estate Investment Trusts (REITs),2019-12-06,146520837,2026-10-01,Computershare,COMPUTERSHARE INVESTOR SERVICES PTY LIMITED,"Level 4, 44 Martin Place, SYDNEY, NSW, AUSTRALIA, 2000",02 8234 5000,2026-08-07
LEG,LEGEND MINING LIMITED,Materials,1995-08-25,23315817,2026-08-07,Automic,AUTOMIC REGISTRY SERVICES,"Level 5, 126 Phillip Street, SYDNEY, NSW, AUSTRALIA, 2000",02 9698 5414,2026-08-07
LEL,LE MINERALS LIMITED,Materials,2021-05-19,33040463,2026-10-01,Automic,AUTOMIC REGISTRY SERVICES,"Level 5, 126 Phillip Street, SYDNEY, NSW, AUSTRALIA, 2000",02 9698 5414,2026-08-07
LEX,LEFROY EXPLORATION LIMITED,Materials,1991-09-05,33266417,2026-10-01,Computershare,COMPUTERSHARE INVESTOR SERVICES PTY LIMITED,"Yarra Falls, 452 Johnston Street, ABBOTSFORD, VIC, AUSTRALIA, 3067",03 9415 4000,2026-08-07
LF1,LA TROBE PRIVATE CREDIT FUND,Not Applic,2025-06-27,249405264,2026-10-01,Automic,AUTOMIC REGISTRY SERVICES,"Level 5, 126 Phillip Street, SYDNEY, NSW, AUSTRALIA, 2000",02 9698 5414,2026-08-07
LFG,LIBERTY FINANCIAL GROUP,Financial Services,2020-12-15,974556000,2026-10-01,MUFG Corporate Markets,MUFG CORPORATE MARKETS (AU) LIMITED,"Tower 4, 727 Collins Street, DOCKLANDS, VIC, AUSTRALIA, 3008",1300 554 474,2026-08-07
LFS,LATITUDE GROUP HOLDINGS LIMITED,Financial Services,2021-04-20,821388992,2026-10-01,Computershare,COMPUTERSHARE INVESTOR SERVICES PTY LIMITED,"Yarra Falls, 452 Johnston Street, ABBOTSFORD, VIC, AUSTRALIA, 3067",03 9415 4000,2026-08-07
LFT,LI-FT POWER LTD.,Materials,2026-05-26,188390054,2026-10-01,Computershare,COMPUTERSHARE INVESTOR SERVICES PTY LIMITED,"Yarra Falls, 452 Johnston Street, ABBOTSFORD, VIC, AUSTRALIA, 3067",03 9415 4000,2026-08-07
LGF,L1 GOLD FUND LIMITED,Not Applic,2026-04-24,1508321053,2026-10-01,MUFG Corporate Markets,MUFG CORPORATE MARKETS (AU) LIMITED,"LIBERTY PLACE, LEVEL 41, 161 CASTLEREAGH ST, SYDNEY, NSW, AUSTRALIA, 2000",1300 554 474,2026-08-07
LGI,LGI LIMITED,Utilities,2022-10-04,196536521,2026-10-01,Computershare,COMPUTERSHARE INVESTOR SERVICES PTY LIMITED,"Level 1, 200 Mary Street, BRISBANE, QLD, AUSTRALIA, 4000",1300 552 270,2026-08-07
LGM,LEGACY MINERALS HOLDINGS LIMITED,Materials,2021-09-13,26014980,2026-10-01,Automic,AUTOMIC REGISTRY SERVICES,"Level 5, 126 Phillip Street, SYDNEY, NSW, AUSTRALIA, 2000",02 9698 5414,2026-08-07
LGP,LITTLE GREEN PHARMA LTD,"Pharmaceuticals, Biotechnology & Life Sciences",2020-02-20,55474572,2026-10-01,Computershare,COMPUTERSHARE INVESTOR SERVICES PTY LIMITED,"Level 17, 221 St Georges Terrace, PERTH, WA, AUSTRALIA, 6000",1300 850 505,2026-08-07
LIB,LIBERTY METALS LTD,Materials,2003-11-20,40564875,2026-09-01,Computershare,COMPUTERSHARE INVESTOR SERVICES PTY LIMITED,"Level 17, 221 St Georges Terrace, PERTH, WA, AUSTRALIA, 6000",1300 850 505,2026-08-07
LIC,LIFESTYLE COMMUNITIES LIMITED,Real Estate Management & Development,1998-12-15,538091039,2026-10-01,Computershare,COMPUTERSHARE INVESTOR SERVICES PTY LIMITED,"Yarra Falls, 452 Johnston Street, ABBOTSFORD, VIC, AUSTRALIA, 3067",03 9415 4000,2026-08-07
LIN,LINDIAN RESOURCES LIMITED,Materials,2000-03-02,822981400,2026-10-01,Automic,AUTOMIC REGISTRY SERVICES,"LEVEL 5, 191 St Georges Terrace,, PERTH, WA, AUSTRALIA, 6000",(08) 9324 2099,2026-08-07
LIO,LION ENERGY LIMITED,Energy,1972-02-15,5426013,2026-10-01,Computershare,COMPUTERSHARE INVESTOR SERVICES PTY LIMITED,"Level 17, 221 St Georges Terrace, PERTH, WA, AUSTRALIA, 6000",1300 850 505,2026-08-07
LIS,LI-S ENERGY LIMITED,Capital Goods,2021-09-28,80025029,2026-10-01,Automic,AUTOMIC REGISTRY SERVICES,"Level 5, 126 Phillip Street, SYDNEY, NSW, AUSTRALIA, 2000",02 9698 5414,2026-08-07
LIT,LIVIUM LTD,Materials,2007-10-30,15914532,2026-10-01,Automic,AUTOMIC REGISTRY SERVICES,"Level 5, 126 Phillip Street, SYDNEY, NSW, AUSTRALIA, 2000",02 9698 5414,2026-08-07
LKE,LAKE RESOURCES N.L.,Materials,2001-08-29,96824134,2026-10-01,Automic,AUTOMIC REGISTRY SERVICES,"Level 5, 126 Phillip Street, SYDNEY, NSW, AUSTRALIA, 2000",02 9698 5414,2026-08-07
LKO,LAKES BLUE ENERGY NL,Energy,1985-12-05,25378014,2026-10-01,Boardroom,BOARDROOM PTY LIMITED,"LEVEL 8, 210 GEORGE STREET, SYDNEY, NSW, AUSTRALIA, 2000",(02) 9290 9600,2026-08-07
LKY,LOCKSLEY RESOURCES LIMITED,Materials,2021-07-08,24422177,2026-10-01,Computershare,COMPUTERSHARE INVESTOR SERVICES PTY LIMITED,"Level 17, 221 St Georges Terrace, PERTH, WA, AUSTRALIA, 6000",1300 850 505,2026-08-07
LLC,LENDLEASE GROUP,Real Estate Management & Development,1962-06-30,1880607301,2026-10-01,Computershare,COMPUTERSHARE INVESTOR SERVICES PTY LIMITED,"Level 4, 44 Martin Place, SYDNEY, NSW, AUSTRALIA, 2000",02 8234 5000,2026-08-07
LM1,LEEUWIN METALS LTD,Materials,2023-03-29,29497176,2026-10-01,Automic,AUTOMIC REGISTRY SERVICES,"LEVEL 5, 191 St Georges Terrace,, PERTH, WA, AUSTRALIA, 6000",(08) 9324 2099,2026-08-07
LM8,LUNNON METALS LIMITED,Materials,2021-06-16,69361912,2026-10-01,Automic,AUTOMIC REGISTRY SERVICES,"LEVEL 5, 191 St Georges Terrace,, PERTH, WA, AUSTRALIA, 6000",(08) 9324 2099,2026-08-07
LMG,LATROBE MAGNESIUM LIMITED,Materials,1986-12-18,59950843,2026-10-01,Computershare,COMPUTERSHARE INVESTOR SERVICES PTY LIMITED,"Level 4, 44 Martin Place, SYDNEY, NSW, AUSTRALIA, 2000",02 8234 5000,2026-08-07
LML,LINCOLN MINERALS LIMITED,Materials,2007-03-09,37744763,2026-10-01,Computershare,COMPUTERSHARE INVESTOR SERVICES PTY LIMITED,"Level 5, 115 Grenfell Street, ADELAIDE, SA, AUSTRALIA, 5000",08 8236 2300,2026-08-07
LMS,LITCHFIELD MINERALS LIMITED,Materials,2024-03-15,15246944,2026-10-01,Xcend,XCEND PTY LTD,"Level 2,, 477 Pitt Street, HAYMARKET, NSW, AUSTRALIA, 2000",61 2 8591 8509,2026-08-07
LNQ,LINQ MINERALS LIMITED,Materials,2025-06-27,90236682,2026-10-01,Automic,AUTOMIC REGISTRY SERVICES,"Level 5, 126 Phillip Street, SYDNEY, NSW, AUSTRALIA, 2000",02 9698 5414,2026-08-07
LNW,LIGHT & WONDER INC.,Consumer Services,2023-05-22,8226541055,2026-10-01,Computershare,COMPUTERSHARE INVESTOR SERVICES PTY LIMITED,"Yarra Falls, 452 Johnston Street, ABBOTSFORD, VIC, AUSTRALIA, 3067",03 9415 4000,2026-08-07
LOT,LOTUS RESOURCES LIMITED,Materials,2009-02-18,117614749,2026-10-01,Computershare,COMPUTERSHARE INVESTOR SERVICES PTY LIMITED,"Level 17, 221 St Georges Terrace, PERTH, WA, AUSTRALIA, 6000",1300 850 505,2026-08-07
LOV,LOVISA HOLDINGS LIMITED,Consumer Discretionary Distribution & Retail,2014-12-18,2690945404,2026-10-01,MUFG Corporate Markets,MUFG CORPORATE MARKETS (AU) LIMITED,"Tower 4, 727 Collins Street, DOCKLANDS, VIC, AUSTRALIA, 3008",1300 554 474,2026-08-07
LPE,LOCALITY PLANNING ENERGY HOLDINGS LIMITED,Utilities,2011-10-11,14975204,2026-10-01,MUFG Corporate Markets,MUFG CORPORATE MARKETS (AU) LIMITED,"Level 21, 10 Eagle Street, BRISBANE, QLD, AUSTRALIA, 4000",1300 554 474,2026-08-07
LPM,LITHIUM PLUS MINERALS LTD.,Materials,2022-04-26,20064200,2026-09-01,Automic,AUTOMIC REGISTRY SERVICES,"Level 5, 126 Phillip Street, SYDNEY, NSW, AUSTRALIA, 2000",02 9698 5414,2026-08-07
LRD,LORD RESOURCES LIMITED,Materials,2022-04-07,2658030,2026-10-01,Automic,AUTOMIC REGISTRY SERVICES,"LEVEL 5, 191 St Georges Terrace,, PERTH, WA, AUSTRALIA, 6000",(08) 9324 2099,2026-08-07
LRK,LARK DISTILLING CO. LTD,"Food, Beverage & Tobacco",2003-11-12,88057615,2026-10-01,Boardroom,BOARDROOM PTY LIMITED,"LEVEL 8, 210 GEORGE STREET, SYDNEY, NSW, AUSTRALIA, 2000",(02) 9290 9600,2026-08-07
LRM,LION ROCK MINERALS LTD,Materials,2003-07-17,69614426,2026-10-01,Automic,AUTOMIC REGISTRY SERVICES,"Level 5, 126 Phillip Street, SYDNEY, NSW, AUSTRALIA, 2000",02 9698 5414,2026-08-07
LRT,LOWELL RESOURCES FUND,Not Applic,2018-03-22,99582557,2026-10-01,Automic,AUTOMIC REGISTRY SERVICES,"Level 5, 126 Phillip Street, SYDNEY, NSW, AUSTRALIA, 2000",02 9698 5414,2026-08-31
LRV,LARVOTTO RESOURCES LIMITED,Materials,2021-12-06,548627851,2026-10-01,Automic,AUTOMIC REGISTRY SERVICES,"LEVEL 5, 191 St Georges Terrace,, PERTH, WA, AUSTRALIA, 6000",(08) 9324 2099,2026-08-07
LSA,LACHLAN STAR LIMITED,Materials,1971-07-28,40871218,2026-10-01,Computershare,COMPUTERSHARE INVESTOR SERVICES PTY LIMITED,"Level 17, 221 St Georges Terrace, PERTH, WA, AUSTRALIA, 6000",1300 850 505,2026-08-07
LSF,L1 LONG SHORT FUND LIMITED,Not Applic,2018-04-24,3030972590,2026-10-01,MUFG Corporate Markets,MUFG CORPORATE MARKETS (AU) LIMITED,"Tower 4, 727 Collins Street, DOCKLANDS, VIC, AUSTRALIA, 3008",1300 554 474,2026-08-31
LSR,LODESTAR MINERALS LIMITED,Materials,2007-12-21,10427926,2026-10-01,Computershare,COMPUTERSHARE INVESTOR SERVICES PTY LIMITED,"Level 17, 221 St Georges Terrace, PERTH, WA, AUSTRALIA, 6000",1300 850 505,2026-08-07
LSX,LION SELECTION GROUP LIMITED.,Not Applic,2013-03-13,124665410,2026-10-01,Computershare,COMPUTERSHARE INVESTOR SERVICES PTY LIMITED,"Yarra Falls, 452 Johnston Street, ABBOTSFORD, VIC, AUSTRALIA, 3067",03 9415 4000,2026-08-07
LTP,LTR PHARMA LIMITED,"Pharmaceuticals, Biotechnology & Life Sciences",2023-12-11,85669072,2026-10-01,Automic,AUTOMIC REGISTRY SERVICES,"Suite 5, Level 12, 530 Collins Street, MELBOURNE, VIC, AUSTRALIA, 3000",1300 288 664,2026-08-07
LTR,LIONTOWN LIMITED,Materials,2006-12-27,2521664964,2026-10-01,Computershare,COMPUTERSHARE INVESTOR SERVICES PTY LIMITED,"Level 17, 221 St Georges Terrace, PERTH, WA, AUSTRALIA, 6000",1300 850 505,2026-08-07
LU7,LITHIUM UNIVERSE LIMITED,Materials,2011-10-19,7434101,2026-10-01,Automic,AUTOMIC REGISTRY SERVICES,"Level 5, 126 Phillip Street, SYDNEY, NSW, AUSTRALIA, 2000",02 9698 5414,2026-08-07
LUX,LUX COPPER CORP. LTD,Materials,2026-07-17,41714801,2026-10-01,Automic,AUTOMIC REGISTRY SERVICES,"LEVEL 5, 191 St Georges Terrace,, PERTH, WA, AUSTRALIA, 6000",(08) 9324 2099,2026-08-07
LVE,LOVE GROUP GLOBAL LTD,Software & Services,2014-12-05,3850746,2026-08-07,Xcend,XCEND PTY LTD,"Level 2,, 477 Pitt Street, HAYMARKET, NSW, AUSTRALIA, 2000",61 2 8591 8509,2026-08-07
LYC,LYNAS RARE EARTHS LIMITED,Materials,1986-09-11,12722192586,2026-10-01,Boardroom,BOARDROOM PTY LIMITED,"LEVEL 8, 210 GEORGE STREET, SYDNEY, NSW, AUSTRALIA, 2000",(02) 9290 9600,2026-08-07
LYL,LYCOPODIUM LIMITED,Capital Goods,2004-12-17,930716093,2026-10-01,Computershare,COMPUTERSHARE INVESTOR SERVICES PTY LIMITED,"Level 17, 221 St Georges Terrace, PERTH, WA, AUSTRALIA, 6000",1300 850 505,2026-08-07
M24,MAMBA EXPLORATION LIMITED,Materials,2021-02-05,21938943,2026-10-01,Automic,AUTOMIC REGISTRY SERVICES,"LEVEL 5, 191 St Georges Terrace,, PERTH, WA, AUSTRALIA, 6000",(08) 9324 2099,2026-08-07
M2M,MT MALCOLM MINES NL,Materials,2021-09-10,6342670,2026-10-01,Automic,AUTOMIC REGISTRY SERVICES,"Level 5, 126 Phillip Street, SYDNEY, NSW, AUSTRALIA, 2000",02 9698 5414,2026-08-07
M2R,MIRAMAR RESOURCES LIMITED,Materials,2020-10-22,6592468,2026-10-01,Automic,AUTOMIC REGISTRY SERVICES,"LEVEL 5, 191 St Georges Terrace,, PERTH, WA, AUSTRALIA, 6000",(08) 9324 2099,2026-08-07
M3M,M3 MINING LIMITED,Materials,2021-07-29,4802524,2026-10-01,Computershare,COMPUTERSHARE INVESTOR SERVICES PTY LIMITED,"Level 17, 221 St Georges Terrace, PERTH, WA, AUSTRALIA, 6000",1300 850 505,2026-08-07
M4M,MACRO METALS LIMITED,Materials,1987-01-16,25165969,2026-10-01,MUFG Corporate Markets,MUFG CORPORATE MARKETS (AU) LIMITED,"LIBERTY PLACE, LEVEL 41, 161 CASTLEREAGH ST, SYDNEY, NSW, AUSTRALIA, 2000",1300 554 474,2026-08-07
M79,MAMMOTH MINERALS LIMITED,Materials,2022-04-13,19561954,2026-10-01,Automic,AUTOMIC REGISTRY SERVICES,"LEVEL 5, 191 St Georges Terrace,, PERTH, WA, AUSTRALIA, 6000",(08) 9324 2099,2026-08-07
M7T,MACH7 TECHNOLOGIES LIMITED,Health Care Equipment & Services,2005-11-30,54052234,2026-10-01,Computershare,COMPUTERSHARE INVESTOR SERVICES PTY LIMITED,"Yarra Falls, 452 Johnston Street, ABBOTSFORD, VIC, AUSTRALIA, 3067",03 9415 4000,2026-08-07
M96,MAVERICK MINERALS AUSTRALIA LTD,Materials,2008-01-15,12939348,2026-10-01,Xcend,XCEND PTY LTD,"Level 2,, 477 Pitt Street, HAYMARKET, NSW, AUSTRALIA, 2000",61 2 8591 8509,2026-08-07
MA1,MA CREDIT INCOME TRUST,Not Applic,2025-03-05,527373688,2026-10-01,Boardroom,BOARDROOM PTY LIMITED,"LEVEL 8, 210 GEORGE STREET, SYDNEY, NSW, AUSTRALIA, 2000",(02) 9290 9600,2026-08-07
MAD,MADER GROUP LIMITED,Commercial & Professional Services,2019-10-01,1330639701,2026-10-01,Computershare,COMPUTERSHARE INVESTOR SERVICES PTY LIMITED,"Level 17, 221 St Georges Terrace, PERTH, WA, AUSTRALIA, 6000",1300 850 505,2026-08-07
MAF,MA FINANCIAL GROUP LIMITED,Financial Services,2017-04-10,947054045,2026-10-01,Boardroom,BOARDROOM PTY LIMITED,"LEVEL 8, 210 GEORGE STREET, SYDNEY, NSW, AUSTRALIA, 2000",(02) 9290 9600,2026-08-07
MAG,MAGMATIC RESOURCES LIMITED,Materials,2017-05-19,9542390,2026-10-01,Computershare,COMPUTERSHARE INVESTOR SERVICES PTY LIMITED,"Level 17, 221 St Georges Terrace, PERTH, WA, AUSTRALIA, 6000",1300 850 505,2026-08-07
MAH,MACMAHON HOLDINGS LIMITED,Materials,1983-12-01,2392034258,2026-10-01,Computershare,COMPUTERSHARE INVESTOR SERVICES PTY LIMITED,"Level 17, 221 St Georges Terrace, PERTH, WA, AUSTRALIA, 6000",1300 850 505,2026-08-07
MAM,MICROEQUITIES ASSET MANAGEMENT GROUP LIMITED,Financial Services,2018-04-30,45336165,2026-10-01,MUFG Corporate Markets,MUFG CORPORATE MARKETS (AU) LIMITED,"LIBERTY PLACE, LEVEL 41, 161 CASTLEREAGH ST, SYDNEY, NSW, AUSTRALIA, 2000",1300 554 474,2026-08-07
MAN,MANDRAKE RESOURCES LIMITED,Materials,1987-05-29,11917938,2026-09-01,Automic,AUTOMIC REGISTRY SERVICES,"LEVEL 5, 191 St Georges Terrace,, PERTH, WA, AUSTRALIA, 6000",(08) 9324 2099,2026-08-07
MAP,MICROBA LIFE SCIENCES LIMITED,Health Care Equipment & Services,2022-04-05,35138746,2026-10-01,Automic,AUTOMIC REGISTRY SERVICES,"Level 5, 126 Phillip Street, SYDNEY, NSW, AUSTRALIA, 2000",02 9698 5414,2026-08-07
MAQ,MACQUARIE TECHNOLOGY GROUP LIMITED,Software & Services,1999-09-27,1360853050,2026-10-01,Boardroom,BOARDROOM PTY LIMITED,"LEVEL 8, 210 GEORGE STREET, SYDNEY, NSW, AUSTRALIA, 2000",(02) 9290 9600,2026-08-07
MAT,MATSA RESOURCES LIMITED,Materials,2005-04-20,,2026-09-01,Automic,AUTOMIC REGISTRY SERVICES,"Level 5, 126 Phillip Street, SYDNEY, NSW, AUSTRALIA, 2000",02 9698 5414,2026-08-07
MAY,MELBANA ENERGY LIMITED,Energy,1998-03-27,15127875,2026-10-01,Boardroom,BOARDROOM PTY LIMITED,"LEVEL 8, 210 GEORGE STREET, SYDNEY, NSW, AUSTRALIA, 2000",(02) 9290 9600,2026-08-07
MBG,MB GOLD LIMITED,Materials,2026-02-06,11942697,2026-10-01,Automic,AUTOMIC REGISTRY SERVICES,"LEVEL 5, 191 St Georges Terrace,, PERTH, WA, AUSTRALIA, 6000",(08) 9324 2099,2026-08-07
MBH,MAGGIE BEER HOLDINGS LTD,"Food, Beverage & Tobacco",2004-08-27,25087381,2026-10-01,Boardroom,BOARDROOM PTY LIMITED,"LEVEL 8, 210 GEORGE STREET, SYDNEY, NSW, AUSTRALIA, 2000",(02) 9290 9600,2026-08-07
MBK,METAL BANK LIMITED,Materials,2011-03-02,10030436,2026-10-01,Automic,AUTOMIC REGISTRY SERVICES,"Level 5, 126 Phillip Street, SYDNEY, NSW, AUSTRALIA, 2000",02 9698 5414,2026-08-07
MC2,MARIMACA COPPER CORP.,Materials,2025-04-02,1115422747,2026-10-01,Computershare,COMPUTERSHARE INVESTOR SERVICES PTY LIMITED,"Level 17, 221 St Georges Terrace, PERTH, WA, AUSTRALIA, 6000",1300 850 505,2026-08-07
MCA,MURRAY COD AUSTRALIA LIMITED,"Food, Beverage & Tobacco",2011-03-30,35941236,2026-10-01,MUFG Corporate Markets,MUFG CORPORATE MARKETS (AU) LIMITED,"LIBERTY PLACE, LEVEL 41, 161 CASTLEREAGH ST, SYDNEY, NSW, AUSTRALIA, 2000",1300 554 474,2026-08-07
MCM,MC MINING LIMITED,Energy,1980-04-24,223905179,2026-09-01,Computershare,COMPUTERSHARE INVESTOR SERVICES PTY LIMITED,"Level 17, 221 St Georges Terrace, PERTH, WA, AUSTRALIA, 6000",1300 850 505,2026-08-07
MCO,MYECO GROUP LTD,Materials,1996-11-21,10864980,2026-10-01,Automic,AUTOMIC REGISTRY SERVICES,"Level 5, 126 Phillip Street, SYDNEY, NSW, AUSTRALIA, 2000",02 9698 5414,2026-08-07
MCP,MCPHERSON'S LIMITED,Household & Personal Products,1962-06-30,18713388,2026-09-01,Computershare,COMPUTERSHARE INVESTOR SERVICES PTY LIMITED,"Yarra Falls, 452 Johnston Street, ABBOTSFORD, VIC, AUSTRALIA, 3067",03 9415 4000,2026-08-07
MCY,MERCURY NZ LIMITED,Utilities,2013-05-10,8118669772,2026-10-01,Computershare,COMPUTERSHARE INVESTOR SERVICES PTY LIMITED,"Yarra Falls, 452 Johnston Street, ABBOTSFORD, VIC, AUSTRALIA, 3067",03 9415 4000,2026-08-07
MDI,MIDDLE ISLAND RESOURCES LIMITED,Materials,2010-12-16,12913183,2026-10-01,Automic,AUTOMIC REGISTRY SERVICES,"LEVEL 5, 191 St Georges Terrace,, PERTH, WA, AUSTRALIA, 6000",(08) 9324 2099,2026-08-26
MDX,MINDAX LIMITED,Materials,2004-12-08,83089963,2026-10-01,Automic,AUTOMIC REGISTRY SERVICES,"Level 5, 126 Phillip Street, SYDNEY, NSW, AUSTRALIA, 2000",02 9698 5414,2026-08-07
MEC,MORPHIC ETHICAL EQUITIES FUND LIMITED,Financial Services,2017-05-03,35266700,2026-10-01,Computershare,COMPUTERSHARE INVESTOR SERVICES PTY LIMITED,"Level 4, 44 Martin Place, SYDNEY, NSW, AUSTRALIA, 2000",02 8234 5000,2026-08-07
MEG,MEGADO MINERALS LTD,Materials,2020-10-27,7206833,2026-10-01,Computershare,COMPUTERSHARE INVESTOR SERVICES PTY LIMITED,"Level 17, 221 St Georges Terrace, PERTH, WA, AUSTRALIA, 6000",1300 850 505,2026-08-07
MEI,METEORIC RESOURCES LIMITED,Materials,2004-07-16,726654700,2026-10-01,Automic,AUTOMIC REGISTRY SERVICES,"LEVEL 5, 191 St Georges Terrace,, PERTH, WA, AUSTRALIA, 6000",(08) 9324 2099,2026-08-07
MEK,MEEKA METALS LIMITED,Materials,1999-12-21,322585337,2026-10-01,Automic,AUTOMIC REGISTRY SERVICES,"Level 5, 126 Phillip Street, SYDNEY, NSW, AUSTRALIA, 2000",02 9698 5414,2026-08-07
MEL,METGASCO LTD,Energy,2004-12-23,587876,2026-10-01,MUFG Corporate Markets,MUFG CORPORATE MARKETS (AU) LIMITED,"LIBERTY PLACE, LEVEL 41, 161 CASTLEREAGH ST, SYDNEY, NSW, AUSTRALIA, 2000",1300 554 474,2026-08-07
MEM,MEMPHASYS LIMITED.,"Pharmaceuticals, Biotechnology & Life Sciences",2007-05-14,15476169,2026-10-01,Boardroom,BOARDROOM PTY LIMITED,"LEVEL 8, 210 GEORGE STREET, SYDNEY, NSW, AUSTRALIA, 2000",(02) 9290 9600,2026-08-07
MEU,MARMOTA LIMITED,Energy,2007-11-21,98451684,2026-10-01,MUFG Corporate Markets,MUFG CORPORATE MARKETS (AU) LIMITED,"Tower 4, 727 Collins Street, DOCKLANDS, VIC, AUSTRALIA, 3008",1300 554 474,2026-08-07
MEX,MINERALS EXPLORATION LIMITED,Materials,2022-06-07,10557718,2026-10-01,Automic,AUTOMIC REGISTRY SERVICES,"LEVEL 5, 191 St Georges Terrace,, PERTH, WA, AUSTRALIA, 6000",(08) 9324 2099,2026-08-07
MEZ,MERIDIAN ENERGY LIMITED,Utilities,2013-10-29,11774011844,2026-10-01,Computershare,COMPUTERSHARE INVESTOR SERVICES PTY LIMITED,"Yarra Falls, 452 Johnston Street, ABBOTSFORD, VIC, AUSTRALIA, 3067",03 9415 4000,2026-08-07
MFD,MAYFIELD CHILDCARE LIMITED,Consumer Services,2016-11-30,13199294,2026-10-01,Xcend,XCEND PTY LTD,"Level 2,, 477 Pitt Street, HAYMARKET, NSW, AUSTRALIA, 2000",61 2 8591 8509,2026-08-07
MFF,MFF CAPITAL INVESTMENTS LIMITED,Not Applic,2006-12-19,3172976181,2026-10-01,Boardroom,BOARDROOM PTY LIMITED,"LEVEL 8, 210 GEORGE STREET, SYDNEY, NSW, AUSTRALIA, 2000",(02) 9290 9600,2026-08-07
MFG,MAGELLAN FINANCIAL GROUP LIMITED,Financial Services,2004-07-01,2393532597,2026-10-01,Boardroom,BOARDROOM PTY LIMITED,"LEVEL 8, 210 GEORGE STREET, SYDNEY, NSW, AUSTRALIA, 2000",(02) 9290 9600,2026-08-07
MGA,METALSGROVE MINING LTD,Materials,2022-07-06,14236613,2026-10-01,Automic,AUTOMIC REGISTRY SERVICES,"LEVEL 5, 191 St Georges Terrace,, PERTH, WA, AUSTRALIA, 6000",(08) 9324 2099,2026-08-07
MGH,MAAS GROUP HOLDINGS LIMITED,Capital Goods,2020-12-04,2511266240,2026-10-01,MUFG Corporate Markets,MUFG CORPORATE MARKETS (AU) LIMITED,"LIBERTY PLACE, LEVEL 41, 161 CASTLEREAGH ST, SYDNEY, NSW, AUSTRALIA, 2000",1300 554 474,2026-08-07
MGL,MAGONTEC LIMITED,Materials,1983-07-07,13325005,2026-10-01,Boardroom,BOARDROOM PTY LIMITED,"LEVEL 8, 210 GEORGE STREET, SYDNEY, NSW, AUSTRALIA, 2000",(02) 9290 9600,2026-08-07
MGR,MIRVAC GROUP,Equity Real Estate Investment Trusts (REITs),1999-06-16,6947373420,2026-10-01,MUFG Corporate Markets,MUFG CORPORATE MARKETS (AU) LIMITED,"LIBERTY PLACE, LEVEL 41, 161 CASTLEREAGH ST, SYDNEY, NSW, AUSTRALIA, 2000",1300 554 474,2026-08-07
MGT,MAGNETITE MINES LIMITED.,Materials,2006-04-06,3435213,2026-10-01,Automic,AUTOMIC REGISTRY SERVICES,"Level 5, 126 Phillip Street, SYDNEY, NSW, AUSTRALIA, 2000",02 9698 5414,2026-08-07
MGU,MAGNUM MINING AND EXPLORATION LIMITED,Materials,1987-04-23,19278223,2026-10-01,Computershare,COMPUTERSHARE INVESTOR SERVICES PTY LIMITED,"Level 17, 221 St Georges Terrace, PERTH, WA, AUSTRALIA, 6000",1300 850 505,2026-08-07
MGX,MGX RESOURCES LIMITED,Materials,1976-02-12,383639339,2026-10-01,Computershare,COMPUTERSHARE INVESTOR SERVICES PTY LIMITED,"Level 17, 221 St Georges Terrace, PERTH, WA, AUSTRALIA, 6000",1300 850 505,2026-08-07
MHC,MANHATTAN GOLD CORPORATION LIMITED,Energy,2008-01-29,15588159,2026-10-01,Computershare,COMPUTERSHARE INVESTOR SERVICES PTY LIMITED,"Level 17, 221 St Georges Terrace, PERTH, WA, AUSTRALIA, 6000",1300 850 505,2026-08-07
MHJ,MICHAEL HILL INTERNATIONAL LIMITED,Consumer Discretionary Distribution & Retail,2016-07-07,128922272,2026-10-01,Computershare,COMPUTERSHARE INVESTOR SERVICES PTY LIMITED,"Level 1, 200 Mary Street, BRISBANE, QLD, AUSTRALIA, 4000",1300 552 270,2026-08-07
MHK,METAL HAWK LIMITED.,Materials,2020-11-19,18992538,2026-10-01,Automic,AUTOMIC REGISTRY SERVICES,"LEVEL 5, 191 St Georges Terrace,, PERTH, WA, AUSTRALIA, 6000",(08) 9324 2099,2026-08-07
MHM,MOUNT HOPE MINING LIMITED,Materials,2024-12-20,11850000,2026-10-01,Automic,AUTOMIC REGISTRY SERVICES,"LEVEL 5, 191 St Georges Terrace,, PERTH, WA, AUSTRALIA, 6000",(08) 9324 2099,2026-08-07
MI6,MINERALS 260 LIMITED,Materials,2021-10-12,2103933676,2026-10-01,Automic,AUTOMIC REGISTRY SERVICES,"LEVEL 5, 191 St Georges Terrace,, PERTH, WA, AUSTRALIA, 6000",(08) 9324 2099,2026-08-07
MIN,MINERAL RESOURCES LIMITED,Materials,2006-07-28,9910864448,2026-10-01,Computershare,COMPUTERSHARE INVESTOR SERVICES PTY LIMITED,"Level 17, 221 St Georges Terrace, PERTH, WA, AUSTRALIA, 6000",1300 850 505,2026-08-07
MIO,MACARTHUR MINERALS LIMITED,Materials,2019-12-06,7552017,2026-10-01,Computershare,COMPUTERSHARE INVESTOR SERVICES PTY LIMITED,"Level 1, 200 Mary Street, BRISBANE, QLD, AUSTRALIA, 4000",1300 552 270,2026-08-07
MIR,MIRRABOOKA INVESTMENTS LIMITED,Not Applic,2001-06-28,514050807,2026-10-01,MUFG Corporate Markets,MUFG CORPORATE MARKETS (AU) LIMITED,"LIBERTY PLACE, LEVEL 41, 161 CASTLEREAGH ST, SYDNEY, NSW, AUSTRALIA, 2000",1300 554 474,2026-08-07
MKR,MANUKA RESOURCES LTD.,Materials,2020-07-14,107923964,2026-10-01,Automic,AUTOMIC REGISTRY SERVICES,"LEVEL 5, 191 St Georges Terrace,, PERTH, WA, AUSTRALIA, 6000",(08) 9324 2099,2026-08-07
ML8,MOONLIGHT RESOURCES LTD,Materials,2025-12-11,16963421,2026-10-01,Automic,AUTOMIC REGISTRY SERVICES,"Level 5, 126 Phillip Street, SYDNEY, NSW, AUSTRALIA, 2000",02 9698 5414,2026-08-07
MLG,MLG OZ LIMITED,Materials,2021-05-04,130674778,2026-10-01,Computershare,COMPUTERSHARE INVESTOR SERVICES PTY LIMITED,"Level 17, 221 St Georges Terrace, PERTH, WA, AUSTRALIA, 6000",1300 850 505,2026-08-07
MLS,METALS AUSTRALIA LTD,Materials,1986-01-23,13215951,2026-10-01,Automic,AUTOMIC REGISTRY SERVICES,"Level 5, 126 Phillip Street, SYDNEY, NSW, AUSTRALIA, 2000",02 9698 5414,2026-08-07
MLX,METALS X LIMITED,Materials,2004-08-26,1870286145,2026-10-01,Computershare,COMPUTERSHARE INVESTOR SERVICES PTY LIMITED,"Level 17, 221 St Georges Terrace, PERTH, WA, AUSTRALIA, 6000",1300 850 505,2026-08-07
MM1,MIDAS MINERALS LTD,Materials,2021-09-07,283276541,2026-10-01,Computershare,COMPUTERSHARE INVESTOR SERVICES PTY LIMITED,"Level 17, 221 St Georges Terrace, PERTH, WA, AUSTRALIA, 6000",1300 850 505,2026-08-07
MM8,MEDALLION METALS LIMITED.,Materials,2021-03-22,445565930,2026-10-10,,,,,2026-10-10
MMA,MARONAN METALS LIMITED,Materials,2022-04-29,135135903,2026-10-01,Automic,AUTOMIC REGISTRY SERVICES,"LEVEL 5, 191 St Georges Terrace,, PERTH, WA, AUSTRALIA, 6000",(08) 9324 2099,2026-08-07
MME,MONEYME LIMITED,Financial Services,2019-12-12,52420752,2026-10-01,MUFG Corporate Markets,MUFG CORPORATE MARKETS (AU) LIMITED,"LIBERTY PLACE, LEVEL 41, 161 CASTLEREAGH ST, SYDNEY, NSW, AUSTRALIA, 2000",1300 554 474,2026-08-07
MMI,METRO MINING LIMITED,Materials,2009-12-04,370484216,2026-10-01,Computershare,COMPUTERSHARE INVESTOR SERVICES PTY LIMITED,"Level 1, 200 Mary Street, BRISBANE, QLD, AUSTRALIA, 4000",1300 552 270,2026-08-07
MML,MCLAREN MINERALS LIMITED,Materials,2022-05-02,6065534,2026-10-01,Automic,AUTOMIC REGISTRY SERVICES,"LEVEL 5, 191 St Georges Terrace,, PERTH, WA, AUSTRALIA, 6000",(08) 9324 2099,2026-08-07
MMR,MEC RESOURCES LIMITED,Energy,2006-05-29,3743980,2026-08-07,Boardroom,BOARDROOM PTY LIMITED,"LEVEL 8, 210 GEORGE STREET, SYDNEY, NSW, AUSTRALIA, 2000",(02) 9290 9600,2026-08-07
MMS,MCMILLAN SHAKESPEARE LIMITED,Commercial & Professional Services,2004-03-15,1268895897,2026-10-01,Computershare,COMPUTERSHARE INVESTOR SERVICES PTY LIMITED,"Yarra Falls, 452 Johnston Street, ABBOTSFORD, VIC, AUSTRALIA, 3067",03 9415 4000,2026-08-07
MNB,MINBOS RESOURCES LIMITED,Materials,2010-10-18,18742051,2026-10-01,Automic,AUTOMIC REGISTRY SERVICES,"LEVEL 5, 191 St Georges Terrace,, PERTH, WA, AUSTRALIA, 6000",(08) 9324 2099,2026-08-07
MNC,MERINO & CO. LIMITED,Consumer Durables & Apparel,2024-10-30,7982524,2026-10-01,Automic,AUTOMIC REGISTRY SERVICES,"LEVEL 5, 191 St Georges Terrace,, PERTH, WA, AUSTRALIA, 6000",(08) 9324 2099,2026-08-07
MND,MONADELPHOUS GROUP LIMITED,Capital Goods,1991-03-28,3112160047,2026-10-01,Computershare,COMPUTERSHARE INVESTOR SERVICES PTY LIMITED,"Level 17, 221 St Georges Terrace, PERTH, WA, AUSTRALIA, 6000",1300 850 505,2026-08-07
MNE,MACALLUM NEW ENERGY LIMITED,Energy,2026-02-25,25936694,2026-10-01,Xcend,XCEND PTY LTD,"Level 2,, 477 Pitt Street, HAYMARKET, NSW, AUSTRALIA, 2000",61 2 8591 8509,2026-08-07
MNV,MONVIA LIMITED,Software & Services,2026-07-24,96016301,2026-10-01,Automic,AUTOMIC REGISTRY SERVICES,"LEVEL 5, 191 St Georges Terrace,, PERTH, WA, AUSTRALIA, 6000",(08) 9324 2099,2026-08-07
MOH,MOHO RESOURCES LIMITED,Materials,2018-11-07,4230131,2026-10-01,Automic,AUTOMIC REGISTRY SERVICES,"Level 5, 126 Phillip Street, SYDNEY, NSW, AUSTRALIA, 2000",02 9698 5414,2026-08-07
MOM,MOAB MINERALS LIMITED,Materials,1987-01-15,,2026-10-01,Automic,AUTOMIC REGISTRY SERVICES,"Level 5, 126 Phillip Street, SYDNEY, NSW, AUSTRALIA, 2000",02 9698 5414,2026-08-07
MOT,METRICS INCOME OPPORTUNITIES TRUST,Not Applic,2019-04-29,,2026-10-01,Automic,AUTOMIC REGISTRY SERVICES,"Level 5, 126 Phillip Street, SYDNEY, NSW, AUSTRALIA, 2000",02 9698 5414,2026-08-07
MOV,MOVE LOGISTICS GROUP LIMITED,Transportation,2022-07-01,22970523,2026-10-01,MUFG Corporate Markets,MUFG CORPORATE MARKETS (AU) LIMITED,"Level 11, Suite11.02, Pitt Street, SYDNEY, NSW, AUSTRALIA, 2000",02 221-7155,2026-08-07
MP1,MEGAPORT LIMITED,Software & Services,2015-12-17,4818800018,2026-10-01,Computershare,COMPUTERSHARE INVESTOR SERVICES PTY LIMITED,"Level 1, 200 Mary Street, BRISBANE, QLD, AUSTRALIA, 4000",1300 552 270,2026-08-07
MPK,MANY PEAKS MINERALS LTD,Materials,2022-03-16,167367891,2026-10-01,Computershare,COMPUTERSHARE INVESTOR SERVICES PTY LIMITED,"Level 17, 221 St Georges Terrace, PERTH, WA, AUSTRALIA, 6000",1300 850 505,2026-08-07
MPL,MEDIBANK PRIVATE LIMITED,Insurance,2014-11-25,12420554612,2026-10-01,Computershare,COMPUTERSHARE INVESTOR SERVICES PTY LIMITED,"Yarra Falls, 452 Johnston Street, ABBOTSFORD, VIC, AUSTRALIA, 3067",03 9415 4000,2026-08-07
MPP,METRO PERFORMANCE GLASS LIMITED,Capital Goods,2014-07-30,22132318,2026-09-01,MUFG Corporate Markets,MUFG CORPORATE MARKETS (AU) LIMITED,"LIBERTY PLACE, LEVEL 41, 161 CASTLEREAGH ST, SYDNEY, NSW, AUSTRALIA, 2000",1300 554 474,2026-08-07
MPR,MPR AUSTRALIA LIMITED,Financial Services,1974-01-01,,2026-08-07,Automic,AUTOMIC REGISTRY SERVICES,"Level 5, 126 Phillip Street, SYDNEY, NSW, AUSTRALIA, 2000",02 9698 5414,2026-08-07
MPW,METAL POWDER WORKS LIMITED,Capital Goods,2012-11-01,216618229,2026-10-01,Automic,AUTOMIC REGISTRY SERVICES,"LEVEL 5, 191 St Georges Terrace,, PERTH, WA, AUSTRALIA, 6000",(08) 9324 2099,2026-08-07
MPX,MUSTERA PROPERTY GROUP LIMITED,Real Estate Management & Development,2014-11-28,15417689,2026-10-01,Automic,AUTOMIC REGISTRY SERVICES,"Level 5, 126 Phillip Street, SYDNEY, NSW, AUSTRALIA, 2000",02 9698 5414,2026-08-07
MQG,MACQUARIE GROUP LIMITED,Financial Services,2007-11-05,94311851186,2026-10-01,MUFG Corporate Markets,MUFG CORPORATE MARKETS (AU) LIMITED,"LIBERTY PLACE, LEVEL 41, 161 CASTLEREAGH ST, SYDNEY, NSW, AUSTRALIA, 2000",1300 554 474,2026-08-07
MQR,MARQUEE RESOURCES LIMITED,Materials,2017-03-15,4543187,2026-09-01,Automic,AUTOMIC REGISTRY SERVICES,"LEVEL 5, 191 St Georges Terrace,, PERTH, WA, AUSTRALIA, 6000",(08) 9324 2099,2026-08-07
MRD,MOUNT RIDLEY MINES LIMITED,Materials,2004-09-15,57002404,2026-10-01,Automic,AUTOMIC REGISTRY SERVICES,"Level 5, 126 Phillip Street, SYDNEY, NSW, AUSTRALIA, 2000",02 9698 5414,2026-08-07
MRE,METRICS REAL ESTATE MULTI-STRATEGY FUND,Not Applic,2024-10-16,,2026-10-01,Automic,AUTOMIC REGISTRY SERVICES,"Level 5, 126 Phillip Street, SYDNEY, NSW, AUSTRALIA, 2000",02 9698 5414,2026-08-07
MRQ,MRG METALS LIMITED,Materials,2011-06-08,6696302,2026-09-01,Automic,AUTOMIC REGISTRY SERVICES,"Level 5, 126 Phillip Street, SYDNEY, NSW, AUSTRALIA, 2000",02 9698 5414,2026-08-07
MRT,MARITANA MINERALS LIMITED,Materials,1992-02-06,264747068,2026-10-01,Automic,AUTOMIC REGISTRY SERVICES,"Level 5, 126 Phillip Street, SYDNEY, NSW, AUSTRALIA, 2000",02 9698 5414,2026-08-07
MRZ,MONT ROYAL RESOURCES LIMITED,Materials,2019-05-07,19249308,2026-10-01,Automic,AUTOMIC REGISTRY SERVICES,"LEVEL 5, 191 St Georges Terrace,, PERTH, WA, AUSTRALIA, 6000",(08) 9324 2099,2026-08-07
MSB,MESOBLAST LIMITED,"Pharmaceuticals, Biotechnology & Life Sciences",2004-12-16,2688408588,2026-10-01,MUFG Corporate Markets,MUFG CORPORATE MARKETS (AU) LIMITED,"Tower 4, 727 Collins Street, DOCKLANDS, VIC, AUSTRALIA, 3008",1300 554 474,2026-08-07
MSG,MCS SERVICES LIMITED,Commercial & Professional Services,2012-01-17,,2026-09-01,Automic,AUTOMIC REGISTRY SERVICES,"LEVEL 5, 191 St Georges Terrace,, PERTH, WA, AUSTRALIA, 6000",(08) 9324 2099,2026-08-07
MSI,MULTISTACK INTERNATIONAL LIMITED,Capital Goods,1993-02-11,,2026-09-01,Computershare,COMPUTERSHARE INVESTOR SERVICES PTY LIMITED,"Yarra Falls, 452 Johnston Street, ABBOTSFORD, VIC, AUSTRALIA, 3067",03 9415 4000,2026-08-07
MSV,MITCHELL SERVICES LIMITED,Materials,2011-08-02,116847792,2026-10-01,MUFG Corporate Markets,MUFG CORPORATE MARKETS (AU) LIMITED,"Level 21, 10 Eagle Street, BRISBANE, QLD, AUSTRALIA, 4000",1300 554 474,2026-08-07
MTH,MITHRIL SILVER AND GOLD LIMITED,Materials,2002-11-18,39372429,2026-10-01,Computershare,COMPUTERSHARE INVESTOR SERVICES PTY LIMITED,"Level 5, 115 Grenfell Street, ADELAIDE, SA, AUSTRALIA, 5000",08 8236 2300,2026-08-07
MTL,MANTLE MINERALS LIMITED,Materials,2000-07-11,7233115,2026-08-07,Automic,AUTOMIC REGISTRY SERVICES,"Level 5, 126 Phillip Street, SYDNEY, NSW, AUSTRALIA, 2000",02 9698 5414,2026-08-07
MTM,METALLIUM LIMITED,Materials,2021-07-15,221915157,2026-10-01,Automic,AUTOMIC REGISTRY SERVICES,"LEVEL 5, 191 St Georges Terrace,, PERTH, WA, AUSTRALIA, 6000",(08) 9324 2099,2026-08-07
MTO,MOTORCYCLE HOLDINGS LIMITED,Consumer Discretionary Distribution & Retail,2016-04-29,184657495,2026-10-01,Computershare,COMPUTERSHARE INVESTOR SERVICES PTY LIMITED,"Level 1, 200 Mary Street, BRISBANE, QLD, AUSTRALIA, 4000",1300 552 270,2026-08-07
MTS,METCASH LIMITED,Consumer Staples Distribution & Retail,2005-04-08,3145216809,2026-10-01,Automic,AUTOMIC REGISTRY SERVICES,"Level 5, 126 Phillip Street, SYDNEY, NSW, AUSTRALIA, 2000",02 9698 5414,2026-08-07
MVF,MONASH IVF GROUP LIMITED,Health Care Equipment & Services,2014-06-26,286381607,2026-10-01,MUFG Corporate Markets,MUFG CORPORATE MARKETS (AU) LIMITED,"LIBERTY PLACE, LEVEL 41, 161 CASTLEREAGH ST, SYDNEY, NSW, AUSTRALIA, 2000",1300 554 474,2026-08-07
MVL,MARVEL GOLD LIMITED,Materials,2016-06-14,21748750,2026-10-01,Computershare,COMPUTERSHARE INVESTOR SERVICES PTY LIMITED,"Level 17, 221 St Georges Terrace, PERTH, WA, AUSTRALIA, 6000",1300 850 505,2026-08-07
MVP,MEDICAL DEVELOPMENTS INTERNATIONAL LIMITED,"Pharmaceuticals, Biotechnology & Life Sciences",2003-12-15,49006371,2026-10-01,Computershare,COMPUTERSHARE INVESTOR SERVICES PTY LIMITED,"Yarra Falls, 452 Johnston Street, ABBOTSFORD, VIC, AUSTRALIA, 3067",03 9415 4000,2026-08-07
MX1,MICRO-X LIMITED,Health Care Equipment & Services,2015-12-22,47403521,2026-10-01,Automic,AUTOMIC REGISTRY SERVICES,"Level 5, 126 Phillip Street, SYDNEY, NSW, AUSTRALIA, 2000",02 9698 5414,2026-08-07
MXI,MAXIPARTS LIMITED,Capital Goods,1994-12-07,105575318,2026-10-01,Computershare,COMPUTERSHARE INVESTOR SERVICES PTY LIMITED,"Yarra Falls, 452 Johnston Street, ABBOTSFORD, VIC, AUSTRALIA, 3067",03 9415 4000,2026-08-07
MXO,MOTIO LTD,Media & Entertainment,2011-05-09,18997328,2026-10-01,Automic,AUTOMIC REGISTRY SERVICES,"LEVEL 5, 191 St Georges Terrace,, PERTH, WA, AUSTRALIA, 6000",(08) 9324 2099,2026-08-07
MXT,METRICS MASTER INCOME TRUST,Not Applic,2017-10-09,,2026-10-01,Automic,AUTOMIC REGISTRY SERVICES,"Level 5, 126 Phillip Street, SYDNEY, NSW, AUSTRALIA, 2000",02 9698 5414,2026-08-07
MYE,MASTERMYNE GROUP LIMITED,Materials,2010-05-07,251691681,2026-10-01,Computershare,COMPUTERSHARE INVESTOR SERVICES PTY LIMITED,"Level 1, 200 Mary Street, BRISBANE, QLD, AUSTRALIA, 4000",1300 552 270,2026-08-07
MYG,MAYFIELD GROUP HOLDINGS LIMITED,Capital Goods,1986-10-30,265135161,2026-10-01,Automic,AUTOMIC REGISTRY SERVICES,"Level 5, 126 Phillip Street, SYDNEY, NSW, AUSTRALIA, 2000",02 9698 5414,2026-08-07
MYR,MYER HOLDINGS LIMITED,Consumer Discretionary Distribution & Retail,2009-11-02,328841778,2026-10-01,MUFG Corporate Markets,MUFG CORPORATE MARKETS (AU) LIMITED,"Tower 4, 727 Collins Street, DOCKLANDS, VIC, AUSTRALIA, 3008",1300 554 474,2026-08-07
MYS,MYSTATE LIMITED,Banks,2009-09-10,834836996,2026-10-01,Computershare,COMPUTERSHARE INVESTOR SERVICES PTY LIMITED,"Yarra Falls, 452 Johnston Street, ABBOTSFORD, VIC, AUSTRALIA, 3067",03 9415 4000,2026-08-07
MYX,MAYNE PHARMA GROUP LIMITED,"Pharmaceuticals, Biotechnology & Life Sciences",2007-06-29,233389028,2026-10-01,Computershare,COMPUTERSHARE INVESTOR SERVICES PTY LIMITED,"Yarra Falls, 452 Johnston Street, ABBOTSFORD, VIC, AUSTRALIA, 3067",03 9415 4000,2026-08-07
N1H,N1 HOLDINGS LIMITED,Financial Services,2016-03-18,12327780,2026-10-01,MUFG Corporate Markets,MUFG CORPORATE MARKETS (AU) LIMITED,"Level 12 QV1 Building, 250 St Georges Terrace, PERTH, WA, AUSTRALIA, 6000",1300 554 474,2026-08-07
NAB,NATIONAL AUSTRALIA BANK LIMITED,Banks,1962-01-31,118121203075,2026-10-01,Computershare,COMPUTERSHARE INVESTOR SERVICES PTY LIMITED,"Yarra Falls, 452 Johnston Street, ABBOTSFORD, VIC, AUSTRALIA, 3067",03 9415 4000,2026-08-07
NAC,NAOS EX-50 OPPORTUNITIES COMPANY LIMITED,Not Applic,2014-11-12,27934788,2026-10-01,Boardroom,BOARDROOM PTY LIMITED,"LEVEL 8, 210 GEORGE STREET, SYDNEY, NSW, AUSTRALIA, 2000",(02) 9290 9600,2026-08-07
NAE,NEW AGE EXPLORATION LIMITED,Energy,1994-02-18,8684525,2026-08-07,Xcend,XCEND PTY LTD,"Level 2,, 477 Pitt Street, HAYMARKET, NSW, AUSTRALIA, 2000",61 2 8591 8509,2026-08-07
NAG,NAGAMBIE RESOURCES LIMITED,Materials,2006-06-23,20860860,2026-10-01,Automic,AUTOMIC REGISTRY SERVICES,"Level 5, 126 Phillip Street, SYDNEY, NSW, AUSTRALIA, 2000",02 9698 5414,2026-08-07
NAN,NANOSONICS LIMITED,Health Care Equipment & Services,2007-05-17,858611110,2026-10-01,Computershare,COMPUTERSHARE INVESTOR SERVICES PTY LIMITED,"Level 17, 221 St Georges Terrace, PERTH, WA, AUSTRALIA, 6000",1300 850 505,2026-08-07
NC1,NICO RESOURCES LIMITED,Materials,2022-01-19,13679431,2026-10-01,Computershare,COMPUTERSHARE INVESTOR SERVICES PTY LIMITED,"Level 17, 221 St Georges Terrace, PERTH, WA, AUSTRALIA, 6000",1300 850 505,2026-08-26
NC6,NANOLLOSE LIMITED,"Pharmaceuticals, Biotechnology & Life Sciences",2017-10-18,27458403,2026-10-01,Automic,AUTOMIC REGISTRY SERVICES,"LEVEL 5, 191 St Georges Terrace,, PERTH, WA, AUSTRALIA, 6000",(08) 9324 2099,2026-08-07
NCC,NAOS EMERGING OPPORTUNITIES COMPANY LIMITED,Not Applic,2013-02-26,35054810,2026-10-01,Boardroom,BOARDROOM PTY LIMITED,"LEVEL 8, 210 GEORGE STREET, SYDNEY, NSW, AUSTRALIA, 2000",(02) 9290 9600,2026-08-07
NCK,NICK SCALI LIMITED,Consumer Discretionary Distribution & Retail,2004-05-26,1178613032,2026-10-01,MUFG Corporate Markets,MUFG CORPORATE MARKETS (AU) LIMITED,"LIBERTY PLACE, LEVEL 41, 161 CASTLEREAGH ST, SYDNEY, NSW, AUSTRALIA, 2000",1300 554 474,2026-08-07
NDO,NIDO EDUCATION LIMITED,Consumer Services,2023-10-16,54462932,2026-10-01,Computershare,COMPUTERSHARE INVESTOR SERVICES PTY LIMITED,"Yarra Falls, 452 Johnston Street, ABBOTSFORD, VIC, AUSTRALIA, 3067",03 9415 4000,2026-08-07
NEC,NINE ENTERTAINMENT CO. HOLDINGS LIMITED,Media & Entertainment,2013-12-06,1078318244,2026-10-01,MUFG Corporate Markets,MUFG CORPORATE MARKETS (AU) LIMITED,"LIBERTY PLACE, LEVEL 41, 161 CASTLEREAGH ST, SYDNEY, NSW, AUSTRALIA, 2000",1300 554 474,2026-08-07
NEM,NEWMONT CORPORATION,Materials,2023-10-27,173543829764,2026-10-01,Computershare,COMPUTERSHARE INVESTOR SERVICES PTY LIMITED,"Yarra Falls, 452 Johnston Street, ABBOTSFORD, VIC, AUSTRALIA, 3067",03 9415 4000,2026-08-07
NES,NELSON RESOURCES LIMITED.,Materials,2017-12-07,8354069,2026-09-01,Automic,AUTOMIC REGISTRY SERVICES,"LEVEL 5, 191 St Georges Terrace,, PERTH, WA, AUSTRALIA, 6000",(08) 9324 2099,2026-08-07
NEU,NEUREN PHARMACEUTICALS LIMITED,"Pharmaceuticals, Biotechnology & Life Sciences",2005-02-03,2553227877,2026-10-01,MUFG Corporate Markets,MUFG CORPORATE MARKETS (AU) LIMITED,"Tower 4, 727 Collins Street, DOCKLANDS, VIC, AUSTRALIA, 3008",1300 554 474,2026-08-07
NFL,NORFOLK METALS LIMITED,Materials,2022-03-22,,2026-08-07,Automic,AUTOMIC REGISTRY SERVICES,"LEVEL 5, 191 St Georges Terrace,, PERTH, WA, AUSTRALIA, 6000",(08) 9324 2099,2026-08-07
NFM,NEW FRONTIER MINERALS LIMITED,Materials,2010-12-14,8691482,2026-08-07,Automic,AUTOMIC REGISTRY SERVICES,"LEVEL 5, 191 St Georges Terrace,, PERTH, WA, AUSTRALIA, 6000",(08) 9324 2099,2026-08-07
NGE,NGE CAPITAL LIMITED,Not Applic,2007-12-28,42039014,2026-10-01,Boardroom,BOARDROOM PTY LIMITED,"LEVEL 8, 210 GEORGE STREET, SYDNEY, NSW, AUSTRALIA, 2000",(02) 9290 9600,2026-08-07
NGI,NAVIGATOR GLOBAL INVESTMENTS LIMITED,Financial Services,2006-04-28,1458373712,2026-10-01,MUFG Corporate Markets,MUFG CORPORATE MARKETS (AU) LIMITED,"LIBERTY PLACE, LEVEL 41, 161 CASTLEREAGH ST, SYDNEY, NSW, AUSTRALIA, 2000",1300 554 474,2026-08-07
NGS,NUTRITIONAL GROWTH SOLUTIONS LTD,Household & Personal Products,2020-10-30,20244868,2026-10-01,Automic,AUTOMIC REGISTRY SERVICES,"Level 5, 126 Phillip Street, SYDNEY, NSW, AUSTRALIA, 2000",02 9698 5414,2026-08-07
NGX,NGX LIMITED,Materials,2023-06-16,6614664,2026-10-01,Automic,AUTOMIC REGISTRY SERVICES,"LEVEL 5, 191 St Georges Terrace,, PERTH, WA, AUSTRALIA, 6000",(08) 9324 2099,2026-08-07
NGY,NUENERGY GAS LIMITED,Energy,1987-01-15,47994417,2026-10-01,MUFG Corporate Markets,MUFG CORPORATE MARKETS (AU) LIMITED,"Tower 4, 727 Collins Street, DOCKLANDS, VIC, AUSTRALIA, 3008",1300 554 474,2026-08-07
NH3,NH3 CLEAN ENERGY LIMITED,Materials,2008-10-30,72404746,2026-10-01,Automic,AUTOMIC REGISTRY SERVICES,"LEVEL 5, 191 St Georges Terrace,, PERTH, WA, AUSTRALIA, 6000",(08) 9324 2099,2026-08-07
NHC,NEW HOPE CORPORATION LIMITED,Energy,2003-09-16,4826381869,2026-10-01,Computershare,COMPUTERSHARE INVESTOR SERVICES PTY LIMITED,"Level 1, 200 Mary Street, BRISBANE, QLD, AUSTRALIA, 4000",1300 552 270,2026-08-07
NHE,NOBLE HELIUM LIMITED,Energy,2022-04-08,39731029,2026-10-01,,,,,2026-08-07
NHF,NIB HOLDINGS LIMITED,Insurance,2007-11-05,3119263607,2026-10-01,Computershare,COMPUTERSHARE INVESTOR SERVICES PTY LIMITED,"Level 4, 44 Martin Place, SYDNEY, NSW, AUSTRALIA, 2000",02 8234 5000,2026-08-07
NHU,NEU HORIZON URANIUM LIMITED,Energy,2026-07-07,10877733,2026-10-01,Automic,AUTOMIC REGISTRY SERVICES,"Level 5, 126 Phillip Street, SYDNEY, NSW, AUSTRALIA, 2000",02 9698 5414,2026-08-07
NIC,NICKEL INDUSTRIES LIMITED,Materials,2018-08-20,3278161586,2026-10-01,Computershare,COMPUTERSHARE INVESTOR SERVICES PTY LIMITED,"Level 4, 44 Martin Place, SYDNEY, NSW, AUSTRALIA, 2000",02 8234 5000,2026-08-07
NIM,NIMY RESOURCES LIMITED,Materials,2021-11-22,14635365,2026-10-01,Automic,AUTOMIC REGISTRY SERVICES,"LEVEL 5, 191 St Georges Terrace,, PERTH, WA, AUSTRALIA, 6000",(08) 9324 2099,2026-08-07
NMD,NORMANDY MINERALS LTD,Materials,2026-10-05,0,2026-10-04,,,,,2026-10-04
NME,NEX METALS EXPLORATION LIMITED,Materials,2007-12-06,3759620,2026-10-01,Automic,AUTOMIC REGISTRY SERVICES,"Level 5, 126 Phillip Street, SYDNEY, NSW, AUSTRALIA, 2000",02 9698 5414,2026-08-07
NMG,NEW MURCHISON GOLD LIMITED,Materials,2001-03-22,773914544,2026-10-01,Computershare,COMPUTERSHARE INVESTOR SERVICES PTY LIMITED,"Level 17, 221 St Georges Terrace, PERTH, WA, AUSTRALIA, 6000",1300 850 505,2026-08-07
NMR,NATIVE MINERAL RESOURCES HOLDINGS LIMITED,Materials,2020-11-16,62244205,2026-10-01,Automic,AUTOMIC REGISTRY SERVICES,"Level 5, 126 Phillip Street, SYDNEY, NSW, AUSTRALIA, 2000",02 9698 5414,2026-08-07
NMT,NEOMETALS LTD,Materials,2002-07-10,24525127,2026-10-01,Computershare,COMPUTERSHARE INVESTOR SERVICES PTY LIMITED,"Level 17, 221 St Georges Terrace, PERTH, WA, AUSTRALIA, 6000",1300 850 505,2026-08-07
NNL,NORDIC RESOURCES LTD,Materials,2022-06-01,74372604,2026-10-01,Computershare,COMPUTERSHARE INVESTOR SERVICES PTY LIMITED,"Level 17, 221 St Georges Terrace, PERTH, WA, AUSTRALIA, 6000",1300 850 505,2026-08-07
NOL,NOBLEOAK LIFE LIMITED,Insurance,2021-07-22,119076690,2026-10-01,Automic,AUTOMIC REGISTRY SERVICES,"Level 5, 126 Phillip Street, SYDNEY, NSW, AUSTRALIA, 2000",02 9698 5414,2026-08-07
NOR,NORWOOD SYSTEMS LIMITED,Software & Services,1995-06-27,8698618,2026-10-01,Automic,AUTOMIC REGISTRY SERVICES,"Level 5, 126 Phillip Street, SYDNEY, NSW, AUSTRALIA, 2000",02 9698 5414,2026-08-07
NOU,NOUMI LIMITED,"Food, Beverage & Tobacco",1985-11-07,33253118,2026-09-01,Automic,AUTOMIC REGISTRY SERVICES,"Level 5, 126 Phillip Street, SYDNEY, NSW, AUSTRALIA, 2000",02 9698 5414,2026-08-07
NOV,NOVATTI GROUP LIMITED,Software & Services,2016-01-18,9973923,2026-09-01,Automic,AUTOMIC REGISTRY SERVICES,"LEVEL 5, 191 St Georges Terrace,, PERTH, WA, AUSTRALIA, 6000",(08) 9324 2099,2026-08-07
NOX,NOXOPHARM LIMITED,"Pharmaceuticals, Biotechnology & Life Sciences",2016-08-09,18127039,2026-10-01,Automic,AUTOMIC REGISTRY SERVICES,"Level 5, 126 Phillip Street, SYDNEY, NSW, AUSTRALIA, 2000",02 9698 5414,2026-08-07
NPM,NEWPEAK METALS LIMITED,Materials,2011-04-11,4879300,2026-10-01,MUFG Corporate Markets,MUFG CORPORATE MARKETS (AU) LIMITED,"Level 21, 10 Eagle Street, BRISBANE, QLD, AUSTRALIA, 4000",1300 554 474,2026-08-07
NRL,NORTHSTONE RESOURCES LIMITED,Materials,2011-11-11,27860993,2026-10-06,,,,,2026-10-06
NRX,NORONEX LIMITED,Materials,2017-11-15,8885818,2026-10-01,Xcend,XCEND PTY LTD,"Level 2,, 477 Pitt Street, HAYMARKET, NSW, AUSTRALIA, 2000",61 2 8591 8509,2026-08-07
NRZ,NEURIZER LTD,Materials,2005-03-17,,2026-08-07,Computershare,COMPUTERSHARE INVESTOR SERVICES PTY LIMITED,"Level 5, 115 Grenfell Street, ADELAIDE, SA, AUSTRALIA, 5000",08 8236 2300,2026-08-07
NS1,NODESTREAM LTD,Technology Hardware & Equipment,2016-05-12,7943982,2026-10-01,Xcend,XCEND PTY LTD,"Level 2,, 477 Pitt Street, HAYMARKET, NSW, AUSTRALIA, 2000",61 2 8591 8509,2026-08-07
NSB,NEUROSCIENTIFIC BIOPHARMACEUTICALS LTD,"Pharmaceuticals, Biotechnology & Life Sciences",2018-07-27,24162550,2026-09-01,Automic,AUTOMIC REGISTRY SERVICES,"LEVEL 5, 191 St Georges Terrace,, PERTH, WA, AUSTRALIA, 6000",(08) 9324 2099,2026-08-07
NSC,NAOS SMALL CAP OPPORTUNITIES COMPANY LIMITED,Not Applic,2004-03-25,39600388,2026-10-01,Boardroom,BOARDROOM PTY LIMITED,"LEVEL 8, 210 GEORGE STREET, SYDNEY, NSW, AUSTRALIA, 2000",(02) 9290 9600,2026-08-07
NSM,NORTH STAWELL MINERALS LTD,Materials,2020-09-24,8549056,2026-10-01,Automic,AUTOMIC REGISTRY SERVICES,"Level 5, 126 Phillip Street, SYDNEY, NSW, AUSTRALIA, 2000",02 9698 5414,2026-08-07
NST,NORTHERN STAR RESOURCES LTD,Materials,2003-12-17,33839120223,2026-10-01,Automic,AUTOMIC REGISTRY SERVICES,"Level 5, 126 Phillip Street, SYDNEY, NSW, AUSTRALIA, 2000",02 9698 5414,2026-08-07
NTD,NTAW HOLDINGS LIMITED,Consumer Discretionary Distribution & Retail,2017-12-15,32702984,2026-10-01,Computershare,COMPUTERSHARE INVESTOR SERVICES PTY LIMITED,"Level 1, 200 Mary Street, BRISBANE, QLD, AUSTRALIA, 4000",1300 552 270,2026-08-07
NTI,NEUROTECH INTERNATIONAL LIMITED,Health Care Equipment & Services,2016-11-04,22624979,2026-09-01,Automic,AUTOMIC REGISTRY SERVICES,"LEVEL 5, 191 St Georges Terrace,, PERTH, WA, AUSTRALIA, 6000",(08) 9324 2099,2026-08-07
NTM,NT MINERALS LIMITED,Materials,1993-12-22,,2026-08-07,Automic,AUTOMIC REGISTRY SERVICES,"LEVEL 5, 191 St Georges Terrace,, PERTH, WA, AUSTRALIA, 6000",(08) 9324 2099,2026-08-07
NTU,NORTHERN MINERALS LIMITED,Materials,2006-11-15,229164180,2026-10-01,Automic,AUTOMIC REGISTRY SERVICES,"LEVEL 5, 191 St Georges Terrace,, PERTH, WA, AUSTRALIA, 6000",(08) 9324 2099,2026-08-07
NUC,NUCHEV LIMITED,"Food, Beverage & Tobacco",2019-12-09,,2026-10-01,Xcend,XCEND PTY LTD,"Level 2,, 477 Pitt Street, HAYMARKET, NSW, AUSTRALIA, 2000",61 2 8591 8509,2026-08-07
NUF,NUFARM LIMITED,Materials,1988-11-10,1221939073,2026-10-01,Computershare,COMPUTERSHARE INVESTOR SERVICES PTY LIMITED,"Yarra Falls, 452 Johnston Street, ABBOTSFORD, VIC, AUSTRALIA, 3067",03 9415 4000,2026-08-07
NUZ,NEURIZON THERAPEUTICS LIMITED,"Pharmaceuticals, Biotechnology & Life Sciences",2001-10-05,,2026-09-01,Automic,AUTOMIC REGISTRY SERVICES,"Suite 5, Level 12, 530 Collins Street, MELBOURNE, VIC, AUSTRALIA, 3000",1300 288 664,2026-08-07
NVA,NOVA MINERALS CORP,Materials,1987-06-11,304791057,2026-10-01,Computershare,COMPUTERSHARE INVESTOR SERVICES PTY LIMITED,"Yarra Falls, 452 Johnston Street, ABBOTSFORD, VIC, AUSTRALIA, 3067",03 9415 4000,2026-08-07
NVO,NOVO RESOURCES CORP.,Materials,2023-09-11,31255381,2026-10-01,Automic,AUTOMIC REGISTRY SERVICES,"Level 5, 126 Phillip Street, SYDNEY, NSW, AUSTRALIA, 2000",02 9698 5414,2026-08-07
NVQ,NOVIQTECH LIMITED,Software & Services,2018-12-13,,2026-08-07,Automic,AUTOMIC REGISTRY SERVICES,"Level 5, 126 Phillip Street, SYDNEY, NSW, AUSTRALIA, 2000",02 9698 5414,2026-08-07
NVU,NANOVEU LIMITED,Technology Hardware & Equipment,2018-11-30,56540371,2026-10-01,Automic,AUTOMIC REGISTRY SERVICES,"LEVEL 5, 191 St Georges Terrace,, PERTH, WA, AUSTRALIA, 6000",(08) 9324 2099,2026-08-07
NVX,NOVONIX LIMITED,Technology Hardware & Equipment,2015-12-02,93805174,2026-10-01,MUFG Corporate Markets,MUFG CORPORATE MARKETS (AU) LIMITED,"Level 21, 10 Eagle Street, BRISBANE, QLD, AUSTRALIA, 4000",1300 554 474,2026-08-07
NWH,NRW HOLDINGS LIMITED,Capital Goods,2007-09-05,3689519592,2026-10-01,MUFG Corporate Markets,MUFG CORPORATE MARKETS (AU) LIMITED,"LEVEL 4 CENTRAL PARK, 152 ST GEORGES TERRACE, PERTH, WA, AUSTRALIA, 6000",1300 554 474,2026-08-07
NWL,NETWEALTH GROUP LIMITED,Financial Services,2017-11-20,4097820695,2026-10-01,MUFG Corporate Markets,MUFG CORPORATE MARKETS (AU) LIMITED,"LIBERTY PLACE, LEVEL 41, 161 CASTLEREAGH ST, SYDNEY, NSW, AUSTRALIA, 2000",1300 554 474,2026-08-07
NWM,NORWEST MINERALS LIMITED,Materials,2018-11-29,10815090,2026-10-01,Automic,AUTOMIC REGISTRY SERVICES,"Level 5, 126 Phillip Street, SYDNEY, NSW, AUSTRALIA, 2000",02 9698 5414,2026-08-07
NWS,NEWS CORPORATION..,Media & Entertainment,2013-06-19,24432572659,2026-10-01,Computershare,COMPUTERSHARE INVESTOR SERVICES PTY LIMITED,"Level 5, 115 Grenfell Street, ADELAIDE, SA, AUSTRALIA, 5000",08 8236 2300,2026-08-07
NWSLV,NEWS CORPORATION..,Media & Entertainment,2013-06-19,,2026-10-01,Computershare,COMPUTERSHARE INVESTOR SERVICES PTY LIMITED,"Level 5, 115 Grenfell Street, ADELAIDE, SA, AUSTRALIA, 5000",08 8236 2300,2026-08-07
NX1,NEXALIS THERAPEUTICS LTD,"Pharmaceuticals, Biotechnology & Life Sciences",2017-01-11,3795560,2026-10-01,Automic,AUTOMIC REGISTRY SERVICES,"Suite 5, Level 12, 530 Collins Street, MELBOURNE, VIC, AUSTRALIA, 3000",1300 288 664,2026-08-07
NXD,NEXTED GROUP LIMITED,Consumer Services,2009-08-24,11180486,2026-10-01,MUFG Corporate Markets,MUFG CORPORATE MARKETS (AU) LIMITED,"LIBERTY PLACE, LEVEL 41, 161 CASTLEREAGH ST, SYDNEY, NSW, AUSTRALIA, 2000",1300 554 474,2026-08-07
NXG,NEXGEN ENERGY (CANADA) LTD,Energy,2021-07-02,8554456529,2026-10-01,Computershare,COMPUTERSHARE INVESTOR SERVICES PTY LIMITED,"Yarra Falls, 452 Johnston Street, ABBOTSFORD, VIC, AUSTRALIA, 3067",03 9415 4000,2026-08-07
NXL,NUIX LIMITED,Software & Services,2020-12-04,618374279,2026-10-01,MUFG Corporate Markets,MUFG CORPORATE MARKETS (AU) LIMITED,"LIBERTY PLACE, LEVEL 41, 161 CASTLEREAGH ST, SYDNEY, NSW, AUSTRALIA, 2000",1300 554 474,2026-08-07
NXM,NEXUS MINERALS LIMITED,Materials,2007-02-23,34576674,2026-10-01,Automic,AUTOMIC REGISTRY SERVICES,"Level 5, 126 Phillip Street, SYDNEY, NSW, AUSTRALIA, 2000",02 9698 5414,2026-08-07
NXN,NEXSEN LIMITED,"Pharmaceuticals, Biotechnology & Life Sciences",2025-10-14,23229563,2026-10-01,Automic,AUTOMIC REGISTRY SERVICES,"LEVEL 5, 191 St Georges Terrace,, PERTH, WA, AUSTRALIA, 6000",(08) 9324 2099,2026-08-07
NXT,NEXTDC LIMITED,Software & Services,2010-12-13,8061178217,2026-10-01,MUFG Corporate Markets,MUFG CORPORATE MARKETS (AU) LIMITED,"Level 21, 10 Eagle Street, BRISBANE, QLD, AUSTRALIA, 4000",1300 554 474,2026-08-07
NYM,NARRYER METALS LIMITED,Materials,2022-04-14,16477875,2026-10-01,Automic,AUTOMIC REGISTRY SERVICES,"LEVEL 5, 191 St Georges Terrace,, PERTH, WA, AUSTRALIA, 6000",(08) 9324 2099,2026-08-07
NYR,NYRADA INC.,"Pharmaceuticals, Biotechnology & Life Sciences",2020-01-16,129340770,2026-10-01,Automic,AUTOMIC REGISTRY SERVICES,"Level 5, 126 Phillip Street, SYDNEY, NSW, AUSTRALIA, 2000",02 9698 5414,2026-08-07
NZK,NEW ZEALAND KING SALMON INVESTMENTS LIMITED,"Food, Beverage & Tobacco",2016-10-19,104945543,2026-10-01,Computershare,COMPUTERSHARE INVESTOR SERVICES PTY LIMITED,"Yarra Falls, 452 Johnston Street, ABBOTSFORD, VIC, AUSTRALIA, 3067",03 9415 4000,2026-08-07
NZM,NZME LIMITED,Media & Entertainment,2016-06-27,156190744,2026-10-01,MUFG Corporate Markets,MUFG CORPORATE MARKETS (AU) LIMITED,"LIBERTY PLACE, LEVEL 41, 161 CASTLEREAGH ST, SYDNEY, NSW, AUSTRALIA, 2000",1300 554 474,2026-08-07
OAK,OAKRIDGE INTERNATIONAL LIMITED,Software & Services,2007-06-22,2559828,2026-10-01,MUFG Corporate Markets,MUFG CORPORATE MARKETS (AU) LIMITED,"Tower 4, 727 Collins Street, DOCKLANDS, VIC, AUSTRALIA, 3008",1300 554 474,2026-08-07
OB1,ORBMINCO LIMITED,Materials,2005-09-15,6501037,2026-10-01,Computershare,COMPUTERSHARE INVESTOR SERVICES PTY LIMITED,"Level 5, 115 Grenfell Street, ADELAIDE, SA, AUSTRALIA, 5000",08 8236 2300,2026-08-07
OBL,OMNI BRIDGEWAY LIMITED,Financial Services,2000-01-28,428670483,2026-10-01,Computershare,COMPUTERSHARE INVESTOR SERVICES PTY LIMITED,"Level 17, 221 St Georges Terrace, PERTH, WA, AUSTRALIA, 6000",1300 850 505,2026-08-07
OBM,ORA BANDA MINING LTD,Materials,2002-10-29,2806877001,2026-10-01,Computershare,COMPUTERSHARE INVESTOR SERVICES PTY LIMITED,"Level 17, 221 St Georges Terrace, PERTH, WA, AUSTRALIA, 6000",1300 850 505,2026-08-07
OBT,ORBIT RESOURCES LIMITED,Materials,2019-12-18,15274479,2026-10-01,,,,,2026-08-19
OCA,OCEANIA HEALTHCARE LIMITED,Health Care Equipment & Services,2017-05-05,430917463,2026-10-01,Computershare,COMPUTERSHARE INVESTOR SERVICES LIMITED,"LEVEL 2, 159 HURSTMERE ROAD, TAKAPUNA   AUCKLAND, NEW ZEALAND, 1039",(64) 9 488 8700,2026-08-07
OCC,ORTHOCELL LIMITED,"Pharmaceuticals, Biotechnology & Life Sciences",2014-08-12,208381189,2026-10-01,Automic,AUTOMIC REGISTRY SERVICES,"LEVEL 5, 191 St Georges Terrace,, PERTH, WA, AUSTRALIA, 6000",(08) 9324 2099,2026-08-07
OCL,OBJECTIVE CORPORATION LIMITED,Software & Services,2000-08-17,556469423,2026-10-01,Boardroom,BOARDROOM PTY LIMITED,"LEVEL 8, 210 GEORGE STREET, SYDNEY, NSW, AUSTRALIA, 2000",(02) 9290 9600,2026-08-07
OCN,OCEANA METALS LIMITED,Materials,2022-07-01,96512979,2026-10-01,Computershare,COMPUTERSHARE INVESTOR SERVICES PTY LIMITED,"Level 17, 221 St Georges Terrace, PERTH, WA, AUSTRALIA, 6000",1300 850 505,2026-08-07
OCT,OCTAVA MINERALS LIMITED,Materials,2022-09-16,2748862,2026-10-01,Automic,AUTOMIC REGISTRY SERVICES,"LEVEL 5, 191 St Georges Terrace,, PERTH, WA, AUSTRALIA, 6000",(08) 9324 2099,2026-08-07
OD6,OD6 METALS LIMITED,Materials,2022-06-22,32434859,2026-10-01,Computershare,COMPUTERSHARE INVESTOR SERVICES PTY LIMITED,"Level 17, 221 St Georges Terrace, PERTH, WA, AUSTRALIA, 6000",1300 850 505,2026-08-07
ODA,ORCODA LIMITED,Software & Services,1986-09-15,9000682,2026-10-01,Automic,AUTOMIC REGISTRY SERVICES,"Suite 5, Level 12, 530 Collins Street, MELBOURNE, VIC, AUSTRALIA, 3000",1300 288 664,2026-08-07
ODE,ODESSA MINERALS LIMITED,Materials,1986-07-03,35598747,2026-10-01,Xcend,XCEND PTY LTD,"Level 2,, 477 Pitt Street, HAYMARKET, NSW, AUSTRALIA, 2000",61 2 8591 8509,2026-08-07
ODY,ODYSSEY GOLD LTD,Materials,2005-11-30,45210269,2026-10-01,Automic,AUTOMIC REGISTRY SERVICES,"LEVEL 5, 191 St Georges Terrace,, PERTH, WA, AUSTRALIA, 6000",(08) 9324 2099,2026-08-07
OEC,ORBITAL CORPORATION LIMITED,Capital Goods,1989-01-24,20626382,2026-10-01,MUFG Corporate Markets,MUFG CORPORATE MARKETS (AU) LIMITED,"LEVEL 4 CENTRAL PARK, 152 ST GEORGES TERRACE, PERTH, WA, AUSTRALIA, 6000",1300 554 474,2026-08-07
OEL,OTTO ENERGY LIMITED,Energy,2004-12-22,38360078,2026-10-01,MUFG Corporate Markets,MUFG CORPORATE MARKETS (AU) LIMITED,"LEVEL 4 CENTRAL PARK, 152 ST GEORGES TERRACE, PERTH, WA, AUSTRALIA, 6000",1300 554 474,2026-08-07
OEQ,ORION EQUITIES LIMITED,Financial Services,1970-11-19,2734455,2026-10-01,Automic,AUTOMIC REGISTRY SERVICES,"Level 5, 126 Phillip Street, SYDNEY, NSW, AUSTRALIA, 2000",02 9698 5414,2026-08-07
OFX,OFX GROUP LIMITED,Financial Services,2013-10-11,143143168,2026-10-01,MUFG Corporate Markets,MUFG CORPORATE MARKETS (AU) LIMITED,"LIBERTY PLACE, LEVEL 41, 161 CASTLEREAGH ST, SYDNEY, NSW, AUSTRALIA, 2000",1300 554 474,2026-08-07
OIL,OPTISCAN IMAGING LIMITED,Health Care Equipment & Services,1997-08-08,167297981,2026-10-01,Computershare,COMPUTERSHARE INVESTOR SERVICES PTY LIMITED,"Yarra Falls, 452 Johnston Street, ABBOTSFORD, VIC, AUSTRALIA, 3067",03 9415 4000,2026-08-07
OKJ,OAKAJEE CORPORATION LIMITED,Materials,2008-06-11,3474949,2026-10-01,,,,,2026-10-10
OLI,OLIVER'S REAL FOOD LIMITED,Consumer Services,2017-06-21,3785123,2026-10-01,Boardroom,BOARDROOM PTY LIMITED,"LEVEL 8, 210 GEORGE STREET, SYDNEY, NSW, AUSTRALIA, 2000",(02) 9290 9600,2026-08-07
OLL,OPENLEARNING LIMITED,Software & Services,2019-12-12,9385678,2026-10-01,Automic,AUTOMIC REGISTRY SERVICES,"Level 5, 126 Phillip Street, SYDNEY, NSW, AUSTRALIA, 2000",02 9698 5414,2026-08-07
OLY,OLYMPIO METALS LIMITED,Materials,2017-09-12,7791262,2026-10-01,MUFG Corporate Markets,MUFG CORPORATE MARKETS (AU) LIMITED,"LEVEL 4 CENTRAL PARK, 152 ST GEORGES TERRACE, PERTH, WA, AUSTRALIA, 6000",1300 554 474,2026-08-07
OM1,OMNIA METALS GROUP LTD,Materials,2022-03-02,5696542,2026-10-01,Automic,AUTOMIC REGISTRY SERVICES,"LEVEL 5, 191 St Georges Terrace,, PERTH, WA, AUSTRALIA, 6000",(08) 9324 2099,2026-08-07
OMA,OMEGA OIL & GAS LIMITED,Energy,2022-10-25,408260404,2026-10-01,Automic,AUTOMIC REGISTRY SERVICES,"Level 5, 126 Phillip Street, SYDNEY, NSW, AUSTRALIA, 2000",02 9698 5414,2026-08-07
OMG,OMG GROUP LIMITED,"Food, Beverage & Tobacco",2020-08-31,8093564,2026-10-01,Automic,AUTOMIC REGISTRY SERVICES,"Level 5, 126 Phillip Street, SYDNEY, NSW, AUSTRALIA, 2000",02 9698 5414,2026-08-07
OMH,OM HOLDINGS LIMITED,Materials,1998-03-12,149420076,2026-10-01,Computershare,COMPUTERSHARE INVESTOR SERVICES PTY LIMITED,"Level 17, 221 St Georges Terrace, PERTH, WA, AUSTRALIA, 6000",1300 850 505,2026-08-07
OML,OOH!MEDIA LIMITED,Media & Entertainment,2014-12-17,876831525,2026-10-01,MUFG Corporate Markets,MUFG CORPORATE MARKETS (AU) LIMITED,"LIBERTY PLACE, LEVEL 41, 161 CASTLEREAGH ST, SYDNEY, NSW, AUSTRALIA, 2000",1300 554 474,2026-08-07
OMX,ORANGE MINERALS NL,Materials,2021-12-08,10077165,2026-10-01,Automic,AUTOMIC REGISTRY SERVICES,"LEVEL 5, 191 St Georges Terrace,, PERTH, WA, AUSTRALIA, 6000",(08) 9324 2099,2026-08-07
ONE,ONEVIEW HEALTHCARE PLC,Health Care Equipment & Services,2016-03-17,117534745,2026-10-01,Computershare,COMPUTERSHARE INVESTOR SERVICES PTY LIMITED,"Level 4, 44 Martin Place, SYDNEY, NSW, AUSTRALIA, 2000",02 8234 5000,2026-08-07
OPH,OPHIR HIGH CONVICTION FUND,Not Applic,2018-12-19,525237529,2026-10-01,Automic,AUTOMIC REGISTRY SERVICES,"Level 5, 126 Phillip Street, SYDNEY, NSW, AUSTRALIA, 2000",02 9698 5414,2026-08-07
OR3,ORE RESOURCES LIMITED,Materials,2011-09-01,53932382,2026-10-01,Automic,AUTOMIC REGISTRY SERVICES,"LEVEL 5, 191 St Georges Terrace,, PERTH, WA, AUSTRALIA, 6000",(08) 9324 2099,2026-08-07
ORA,ORORA LIMITED,Materials,2013-12-18,1664712843,2026-10-01,MUFG Corporate Markets,MUFG CORPORATE MARKETS (AU) LIMITED,"Tower 4, 727 Collins Street, DOCKLANDS, VIC, AUSTRALIA, 3008",1300 554 474,2026-08-07
ORD,ORDELL MINERALS LIMITED,Materials,2024-07-19,40086223,2026-10-01,Automic,AUTOMIC REGISTRY SERVICES,"LEVEL 5, 191 St Georges Terrace,, PERTH, WA, AUSTRALIA, 6000",(08) 9324 2099,2026-08-07
ORE,OREZONE GOLD CORPORATION,Materials,2025-08-08,2285493679,2026-10-01,Computershare,COMPUTERSHARE INVESTOR SERVICES PTY LIMITED,"Level 17, 221 St Georges Terrace, PERTH, WA, AUSTRALIA, 6000",1300 850 505,2026-08-07
ORG,ORIGIN ENERGY LIMITED,Utilities,1961-07-13,18657357277,2026-10-01,Boardroom,BOARDROOM PTY LIMITED,"LEVEL 8, 210 GEORGE STREET, SYDNEY, NSW, AUSTRALIA, 2000",(02) 9290 9600,2026-08-07
ORI,ORICA LIMITED,Materials,1961-11-28,10610488420,2026-10-01,MUFG Corporate Markets,MUFG CORPORATE MARKETS (AU) LIMITED,"Tower 4, 727 Collins Street, DOCKLANDS, VIC, AUSTRALIA, 3008",1300 554 474,2026-08-07
ORN,ORION MINERALS LTD,Materials,2003-10-31,201473558,2026-10-01,MUFG Corporate Markets,MUFG CORPORATE MARKETS (AU) LIMITED,"Tower 4, 727 Collins Street, DOCKLANDS, VIC, AUSTRALIA, 3008",1300 554 474,2026-08-07
ORP,ORPHEUS URANIUM LIMITED,Materials,1986-01-23,39934363,2026-10-01,Automic,AUTOMIC REGISTRY SERVICES,"Level 5, 126 Phillip Street, SYDNEY, NSW, AUSTRALIA, 2000",02 9698 5414,2026-08-07
OSL,ONCOSIL MEDICAL LTD,"Pharmaceuticals, Biotechnology & Life Sciences",2005-08-15,30096986,2026-10-01,Automic,AUTOMIC REGISTRY SERVICES,"Level 5, 126 Phillip Street, SYDNEY, NSW, AUSTRALIA, 2000",02 9698 5414,2026-08-07
OSM,OSMOND RESOURCES LIMITED,Materials,2022-04-22,90622945,2026-10-01,Automic,AUTOMIC REGISTRY SERVICES,"LEVEL 5, 191 St Georges Terrace,, PERTH, WA, AUSTRALIA, 6000",(08) 9324 2099,2026-08-07
OSS,OCEAN SCIENCES LTD,"Pharmaceuticals, Biotechnology & Life Sciences",2000-06-13,3765603,2026-10-01,,,,,2026-09-29
OSX,OSTEOPORE LIMITED,Health Care Equipment & Services,2019-09-23,2080779,2026-10-01,Automic,AUTOMIC REGISTRY SERVICES,"Level 5, 126 Phillip Street, SYDNEY, NSW, AUSTRALIA, 2000",02 9698 5414,2026-08-07
OVT,OVANTI LIMITED,Media & Entertainment,2000-10-12,,2026-10-01,Automic,AUTOMIC REGISTRY SERVICES,"Level 5, 126 Phillip Street, SYDNEY, NSW, AUSTRALIA, 2000",02 9698 5414,2026-08-07
OZM,OZAURUM RESOURCES LIMITED,Materials,2021-02-08,22635746,2026-10-01,Automic,AUTOMIC REGISTRY SERVICES,"LEVEL 5, 191 St Georges Terrace,, PERTH, WA, AUSTRALIA, 6000",(08) 9324 2099,2026-08-07
OZZ,OZZ RESOURCES LIMITED,Materials,2021-07-05,6585302,2026-10-01,Automic,AUTOMIC REGISTRY SERVICES,"Level 5, 126 Phillip Street, SYDNEY, NSW, AUSTRALIA, 2000",02 9698 5414,2026-08-07
P1E,PURE ONE CORPORATION LIMITED,Energy,2013-03-12,21488704,2026-10-01,MUFG Corporate Markets,MUFG CORPORATE MARKETS (AU) LIMITED,"Level 21, 10 Eagle Street, BRISBANE, QLD, AUSTRALIA, 4000",1300 554 474,2026-08-07
PAB,PATRYS LIMITED,"Pharmaceuticals, Biotechnology & Life Sciences",2007-07-13,22269896,2026-10-01,Automic,AUTOMIC REGISTRY SERVICES,"Level 5, 126 Phillip Street, SYDNEY, NSW, AUSTRALIA, 2000",02 9698 5414,2026-08-07
PAC,PACIFIC CURRENT GROUP LIMITED,Financial Services,1987-09-25,313203454,2026-10-01,Computershare,COMPUTERSHARE INVESTOR SERVICES PTY LIMITED,"Yarra Falls, 452 Johnston Street, ABBOTSFORD, VIC, AUSTRALIA, 3067",03 9415 4000,2026-08-07
PAF,PAN AFRICAN RESOURCES PLC,Class Pend,2026-06-23,5530430397,2026-10-01,Computershare,COMPUTERSHARE INVESTOR SERVICES PTY LIMITED,"Level 17, 221 St Georges Terrace, PERTH, WA, AUSTRALIA, 6000",1300 850 505,2026-08-07
PAR,PARADIGM BIOPHARMACEUTICALS LIMITED..,"Pharmaceuticals, Biotechnology & Life Sciences",2015-08-19,,2026-10-01,Automic,AUTOMIC REGISTRY SERVICES,"Level 5, 126 Phillip Street, SYDNEY, NSW, AUSTRALIA, 2000",02 9698 5414,2026-08-07
PAT,PATRIOT RESOURCES LIMITED,Materials,2022-12-09,14496787,2026-10-01,Automic,AUTOMIC REGISTRY SERVICES,"LEVEL 5, 191 St Georges Terrace,, PERTH, WA, AUSTRALIA, 6000",(08) 9324 2099,2026-08-07
PBH,POINTSBET HOLDINGS LIMITED,Consumer Services,2019-06-12,305876192,2026-10-01,Computershare,COMPUTERSHARE INVESTOR SERVICES PTY LIMITED,"Computershare Investor Services Pty Ltd, 452 Johnston Street, ABBOTSFORD, VIC, AUSTRALIA, 3067",1300 171 785,2026-08-07
PBL,PARABELLUM RESOURCES LIMITED,Materials,2021-11-29,3301900,2026-10-01,Automic,AUTOMIC REGISTRY SERVICES,"LEVEL 5, 191 St Georges Terrace,, PERTH, WA, AUSTRALIA, 6000",(08) 9324 2099,2026-08-07
PC2,PC GOLD LTD,Materials,2025-10-21,386828791,2026-10-01,Xcend,XCEND PTY LTD,"Level 2,, 477 Pitt Street, HAYMARKET, NSW, AUSTRALIA, 2000",61 2 8591 8509,2026-08-07
PCG,PENGANA CAPITAL GROUP LIMITED,Financial Services,2001-02-28,68484926,2026-10-01,Computershare,COMPUTERSHARE INVESTOR SERVICES PTY LIMITED,"Level 4, 44 Martin Place, SYDNEY, NSW, AUSTRALIA, 2000",02 8234 5000,2026-08-26
PCI,PERPETUAL CREDIT INCOME TRUST,Not Applic,2019-05-14,791973438,2026-10-01,MUFG Corporate Markets,MUFG CORPORATE MARKETS (AU) LIMITED,"LIBERTY PLACE, LEVEL 41, 161 CASTLEREAGH ST, SYDNEY, NSW, AUSTRALIA, 2000",1300 554 474,2026-08-07
PCK,PAINCHEK LTD,Health Care Equipment & Services,2012-05-01,19878697,2026-10-01,Boardroom,BOARDROOM PTY LIMITED,"LEVEL 8, 210 GEORGE STREET, SYDNEY, NSW, AUSTRALIA, 2000",(02) 9290 9600,2026-08-07
PCL,PANCONTINENTAL ENERGY NL,Energy,1986-09-11,58002562,2026-10-01,Automic,AUTOMIC REGISTRY SERVICES,"Level 5, 126 Phillip Street, SYDNEY, NSW, AUSTRALIA, 2000",02 9698 5414,2026-08-07
PCX,PENGANA GLOBAL PRIVATE CREDIT TRUST,Not Applic,2024-06-21,253554582,2026-10-01,Computershare,COMPUTERSHARE INVESTOR SERVICES PTY LIMITED,"Level 4, 44 Martin Place, SYDNEY, NSW, AUSTRALIA, 2000",02 8234 5000,2026-08-07
PDI,PDI GOLD LIMITED,Materials,2010-12-01,5019114712,2026-10-01,,,,,2026-09-06
PDN,PALADIN ENERGY LTD,Energy,1994-03-29,4089161631,2026-10-01,Computershare,COMPUTERSHARE INVESTOR SERVICES PTY LIMITED,"Level 17, 221 St Georges Terrace, PERTH, WA, AUSTRALIA, 6000",1300 850 505,2026-08-07
PE1,PENGANA PRIVATE EQUITY TRUST,Not Applic,2019-04-30,349933797,2026-10-01,Computershare,COMPUTERSHARE INVESTOR SERVICES PTY LIMITED,"Level 4, 44 Martin Place, SYDNEY, NSW, AUSTRALIA, 2000",02 8234 5000,2026-08-07
PEB,PACIFIC EDGE LIMITED,"Pharmaceuticals, Biotechnology & Life Sciences",2021-09-27,267002315,2026-10-01,MUFG Corporate Markets,MUFG CORPORATE MARKETS (AU) LIMITED,"Level 11, Suite11.02, Pitt Street, SYDNEY, NSW, AUSTRALIA, 2000",02 221-7155,2026-08-07
PEC,PERPETUAL RESOURCES LIMITED,Materials,2013-02-28,14091144,2026-10-01,Computershare,COMPUTERSHARE INVESTOR SERVICES PTY LIMITED,"Yarra Falls, 452 Johnston Street, ABBOTSFORD, VIC, AUSTRALIA, 3067",03 9415 4000,2026-08-07
PEN,PENINSULA ENERGY LIMITED,Energy,1994-05-26,140033511,2026-10-01,MUFG Corporate Markets,MUFG CORPORATE MARKETS (AU) LIMITED,"LEVEL 4 CENTRAL PARK, 152 ST GEORGES TERRACE, PERTH, WA, AUSTRALIA, 6000",1300 554 474,2026-08-07
PER,PERCHERON THERAPEUTICS LIMITED,"Pharmaceuticals, Biotechnology & Life Sciences",2001-12-20,7289662,2026-10-01,Boardroom,BOARDROOM PTY LIMITED,"LEVEL 8, 210 GEORGE STREET, SYDNEY, NSW, AUSTRALIA, 2000",(02) 9290 9600,2026-08-07
PET,PHOSLOCK ENVIRONMENTAL TECHNOLOGIES LIMITED,Commercial & Professional Services,2002-08-16,4370734,2026-10-01,Computershare,COMPUTERSHARE INVESTOR SERVICES PTY LIMITED,"Level 4, 44 Martin Place, SYDNEY, NSW, AUSTRALIA, 2000",02 8234 5000,2026-08-07
PFE,PANTERA MINERALS LIMITED,Materials,2021-08-05,7391671,2026-09-01,Automic,AUTOMIC REGISTRY SERVICES,"LEVEL 5, 191 St Georges Terrace,, PERTH, WA, AUSTRALIA, 6000",(08) 9324 2099,2026-08-07
PFG,PRIME FINANCIAL GROUP LIMITED,Financial Services,2004-12-07,54769677,2026-10-01,Computershare,COMPUTERSHARE INVESTOR SERVICES PTY LIMITED,"Yarra Falls, 452 Johnston Street, ABBOTSFORD, VIC, AUSTRALIA, 3067",03 9415 4000,2026-08-07
PFM,PLATFORMO LTD,Software & Services,2017-11-30,1423625,2026-09-01,Automic,AUTOMIC REGISTRY SERVICES,"Level 5, 126 Phillip Street, SYDNEY, NSW, AUSTRALIA, 2000",02 9698 5414,2026-08-07
PFP,PROPEL FUNERAL PARTNERS LIMITED,Consumer Services,2017-11-23,379427384,2026-10-01,MUFG Corporate Markets,MUFG CORPORATE MARKETS (AU) LIMITED,"LIBERTY PLACE, LEVEL 41, 161 CASTLEREAGH ST, SYDNEY, NSW, AUSTRALIA, 2000",1300 554 474,2026-08-07
PFT,PURE FOODS TASMANIA LIMITED,"Food, Beverage & Tobacco",2005-12-19,5480714,2026-10-01,Automic,AUTOMIC REGISTRY SERVICES,"LEVEL 5, 191 St Georges Terrace,, PERTH, WA, AUSTRALIA, 6000",(08) 9324 2099,2026-08-07
PGC,PARAGON CARE LIMITED,Health Care Equipment & Services,1999-10-15,231742754,2026-09-01,MUFG Corporate Markets,MUFG CORPORATE MARKETS (AU) LIMITED,"Tower 4, 727 Collins Street, DOCKLANDS, VIC, AUSTRALIA, 3008",1300 554 474,2026-08-07
PGD,PEREGRINE GOLD LTD,Materials,2021-03-31,16303421,2026-10-01,Automic,AUTOMIC REGISTRY SERVICES,"LEVEL 5, 191 St Georges Terrace,, PERTH, WA, AUSTRALIA, 6000",(08) 9324 2099,2026-08-07
PGF,PM CAPITAL GLOBAL OPPORTUNITIES FUND LIMITED,Not Applic,2013-12-12,1953438910,2026-10-01,Boardroom,BOARDROOM PTY LIMITED,"LEVEL 8, 210 GEORGE STREET, SYDNEY, NSW, AUSTRALIA, 2000",(02) 9290 9600,2026-08-07
PGL,PILBARA GOLD LIMITED,Materials,1973-05-30,119348174,2026-10-01,Xcend,XCEND PTY LTD,"Level 2,, 477 Pitt Street, HAYMARKET, NSW, AUSTRALIA, 2000",61 2 8591 8509,2026-08-07
PGM,PLATINA RESOURCES LIMITED,Materials,2006-05-29,13811113,2026-10-01,MUFG Corporate Markets,MUFG CORPORATE MARKETS (AU) LIMITED,"Level 21, 10 Eagle Street, BRISBANE, QLD, AUSTRALIA, 4000",1300 554 474,2026-08-07
PGY,PILOT ENERGY LIMITED,Energy,2006-04-20,,2026-08-07,Boardroom,BOARDROOM PTY LIMITED,"LEVEL 8, 210 GEORGE STREET, SYDNEY, NSW, AUSTRALIA, 2000",(02) 9290 9600,2026-08-07
PHO,PHOSCO LTD,Materials,2009-12-17,89231452,2026-10-01,Automic,AUTOMIC REGISTRY SERVICES,"Level 5, 126 Phillip Street, SYDNEY, NSW, AUSTRALIA, 2000",02 9698 5414,2026-08-07
PHX,PHARMX TECHNOLOGIES LIMITED,Software & Services,1971-07-28,64187391,2026-10-01,Automic,AUTOMIC REGISTRY SERVICES,"Level 5, 126 Phillip Street, SYDNEY, NSW, AUSTRALIA, 2000",02 9698 5414,2026-08-07
PIA,PENGANA INTERNATIONAL EQUITIES LIMITED,Not Applic,2004-03-19,121866895,2026-10-01,Computershare,COMPUTERSHARE INVESTOR SERVICES PTY LIMITED,"Level 4, 44 Martin Place, SYDNEY, NSW, AUSTRALIA, 2000",02 8234 5000,2026-08-07
PIC,PERPETUAL EQUITY INVESTMENT COMPANY LIMITED,Not Applic,2014-12-18,438567971,2026-10-01,MUFG Corporate Markets,MUFG CORPORATE MARKETS (AU) LIMITED,"LIBERTY PLACE, LEVEL 41, 161 CASTLEREAGH ST, SYDNEY, NSW, AUSTRALIA, 2000",1300 554 474,2026-08-07
PIL,PEPPERMINT INNOVATION LIMITED,Software & Services,2008-05-29,,2026-08-07,,,,,2026-10-10
PIM,PINNACLE MINERALS LIMITED,Materials,2022-03-23,4503073,2026-09-01,Automic,AUTOMIC REGISTRY SERVICES,"LEVEL 5, 191 St Georges Terrace,, PERTH, WA, AUSTRALIA, 6000",(08) 9324 2099,2026-08-07
PIQ,PROTEOMICS INTERNATIONAL LABORATORIES LTD,"Pharmaceuticals, Biotechnology & Life Sciences",2015-04-16,21498505,2026-10-01,Automic,AUTOMIC REGISTRY SERVICES,"LEVEL 5, 191 St Georges Terrace,, PERTH, WA, AUSTRALIA, 6000",(08) 9324 2099,2026-08-07
PKD,PARKD LTD,Commercial & Professional Services,2017-12-06,5227274,2026-10-01,Automic,AUTOMIC REGISTRY SERVICES,"LEVEL 5, 191 St Georges Terrace,, PERTH, WA, AUSTRALIA, 6000",(08) 9324 2099,2026-08-07
PKO,PEAKO LIMITED,Materials,2009-12-02,35790361,2026-10-01,Automic,AUTOMIC REGISTRY SERVICES,"Level 5, 126 Phillip Street, SYDNEY, NSW, AUSTRALIA, 2000",02 9698 5414,2026-08-07
PKP,PEAK PROCESSING LIMITED,"Pharmaceuticals, Biotechnology & Life Sciences",2018-09-21,22096683,2026-10-01,Computershare,COMPUTERSHARE INVESTOR SERVICES PTY LIMITED,"Yarra Falls, 452 Johnston Street, ABBOTSFORD, VIC, AUSTRALIA, 3067",03 9415 4000,2026-08-07
PKY,PATHKEY.AI LTD,Software & Services,1996-03-07,32437751,2026-10-01,Automic,AUTOMIC REGISTRY SERVICES,"Level 5, 126 Phillip Street, SYDNEY, NSW, AUSTRALIA, 2000",02 9698 5414,2026-08-07
PL3,PATAGONIA LITHIUM LTD,Materials,2023-03-31,32773221,2026-10-01,Automic,AUTOMIC REGISTRY SERVICES,"Level 5, 126 Phillip Street, SYDNEY, NSW, AUSTRALIA, 2000",02 9698 5414,2026-08-07
PL8,PLATO INCOME MAXIMISER LIMITED.,Not Applic,2017-05-05,1055577079,2026-10-01,Automic,AUTOMIC REGISTRY SERVICES,"Level 5, 126 Phillip Street, SYDNEY, NSW, AUSTRALIA, 2000",02 9698 5414,2026-08-07
PL9,PRAIRIE LITHIUM LIMITED,Materials,1971-07-08,28901572,2026-10-01,Automic,AUTOMIC REGISTRY SERVICES,"LEVEL 5, 191 St Georges Terrace,, PERTH, WA, AUSTRALIA, 6000",(08) 9324 2099,2026-08-07
PLA,PACIFIC LIME AND CEMENT LIMITED,Materials,2017-09-21,,2026-09-01,Automic,AUTOMIC REGISTRY SERVICES,"Level 5, 126 Phillip Street, SYDNEY, NSW, AUSTRALIA, 2000",02 9698 5414,2026-08-07
PLC,PLC RESOURCES LIMITED,Materials,2022-02-11,7040950,2026-10-01,Computershare,COMPUTERSHARE INVESTOR SERVICES PTY LIMITED,"Yarra Falls, 452 Johnston Street, ABBOTSFORD, VIC, AUSTRALIA, 3067",03 9415 4000,2026-08-07
PLG,PEARL GULL IRON LIMITED,Materials,2021-09-20,,2026-08-07,Automic,AUTOMIC REGISTRY SERVICES,"LEVEL 5, 191 St Georges Terrace,, PERTH, WA, AUSTRALIA, 6000",(08) 9324 2099,2026-08-07
PLS,PLS GROUP LIMITED,Materials,2007-09-19,11774705703,2026-10-01,Computershare,COMPUTERSHARE INVESTOR SERVICES PTY LIMITED,"Level 17, 221 St Georges Terrace, PERTH, WA, AUSTRALIA, 6000",1300 850 505,2026-08-07
PLT,PLENTI GROUP LIMITED,Financial Services,2020-09-23,142907825,2026-10-01,Automic,AUTOMIC REGISTRY SERVICES,"Level 5, 126 Phillip Street, SYDNEY, NSW, AUSTRALIA, 2000",02 9698 5414,2026-08-07
PLY,PLAYSIDE STUDIOS LIMITED,Media & Entertainment,2020-12-17,51056394,2026-10-01,MUFG Corporate Markets,MUFG CORPORATE MARKETS (AU) LIMITED,"Tower 4, 727 Collins Street, DOCKLANDS, VIC, AUSTRALIA, 3008",1300 554 474,2026-08-07
PM1,PALISADE METALS LTD,Materials,2021-09-23,17396176,2026-10-01,,,,,2026-08-19
PME,PRO MEDICUS LIMITED,Health Care Equipment & Services,2000-10-10,16829066340,2026-10-01,MUFG Corporate Markets,MUFG CORPORATE MARKETS (AU) LIMITED,"Tower 4, 727 Collins Street, DOCKLANDS, VIC, AUSTRALIA, 3008",1300 554 474,2026-08-07
PMM,PIONEER MINERALS LIMITED,Materials,2023-09-28,12732325,2026-10-01,Automic,AUTOMIC REGISTRY SERVICES,"Level 5, 126 Phillip Street, SYDNEY, NSW, AUSTRALIA, 2000",02 9698 5414,2026-08-07
PMT,PMET RESOURCES INC.,Materials,2022-12-07,799554044,2026-10-01,Automic,AUTOMIC REGISTRY SERVICES,"Level 5, 126 Phillip Street, SYDNEY, NSW, AUSTRALIA, 2000",02 9698 5414,2026-08-07
PMV,PREMIER INVESTMENTS LIMITED,Consumer Discretionary Distribution & Retail,1987-12-15,1911642023,2026-10-01,Computershare,COMPUTERSHARE INVESTOR SERVICES PTY LIMITED,"Yarra Falls, 452 Johnston Street, ABBOTSFORD, VIC, AUSTRALIA, 3067",03 9415 4000,2026-08-07
PNC,PIONEER CREDIT LIMITED,Financial Services,2014-05-01,125761960,2026-10-01,MUFG Corporate Markets,MUFG CORPORATE MARKETS (AU) LIMITED,"LIBERTY PLACE, LEVEL 41, 161 CASTLEREAGH ST, SYDNEY, NSW, AUSTRALIA, 2000",1300 554 474,2026-08-07
PNI,PINNACLE INVESTMENT MANAGEMENT GROUP LIMITED,Financial Services,2007-06-19,3173681560,2026-10-01,Computershare,COMPUTERSHARE INVESTOR SERVICES PTY LIMITED,"Level 1, 200 Mary Street, BRISBANE, QLD, AUSTRALIA, 4000",1300 552 270,2026-08-07
PNN,POWER MINERALS LIMITED,Materials,2005-04-15,56902826,2026-10-01,Automic,AUTOMIC REGISTRY SERVICES,"Level 5, 126 Phillip Street, SYDNEY, NSW, AUSTRALIA, 2000",02 9698 5414,2026-08-07
PNR,PANTORO GOLD LIMITED,Materials,1987-05-21,1149694800,2026-10-01,Computershare,COMPUTERSHARE INVESTOR SERVICES PTY LIMITED,"Level 1, 200 Mary Street, BRISBANE, QLD, AUSTRALIA, 4000",1300 552 270,2026-08-07
PNT,PANTHER METALS LTD,Materials,2021-12-10,2450236,2026-08-26,Automic,AUTOMIC REGISTRY SERVICES,"LEVEL 5, 191 St Georges Terrace,, PERTH, WA, AUSTRALIA, 6000",(08) 9324 2099,2026-08-26
PNV,POLYNOVO LIMITED,Health Care Equipment & Services,1998-11-26,621758692,2026-10-01,Computershare,COMPUTERSHARE INVESTOR SERVICES PTY LIMITED,"Yarra Falls, 452 Johnston Street, ABBOTSFORD, VIC, AUSTRALIA, 3067",03 9415 4000,2026-08-07
POD,PODIUM MINERALS LIMITED,Materials,2018-02-28,33444809,2026-10-01,Automic,AUTOMIC REGISTRY SERVICES,"LEVEL 5, 191 St Georges Terrace,, PERTH, WA, AUSTRALIA, 6000",(08) 9324 2099,2026-08-31
POL,POLYMETALS RESOURCES LTD,Materials,2021-06-29,252909442,2026-10-01,MUFG Corporate Markets,MUFG CORPORATE MARKETS (AU) LIMITED,"LIBERTY PLACE, LEVEL 41, 161 CASTLEREAGH ST, SYDNEY, NSW, AUSTRALIA, 2000",1300 554 474,2026-08-07
POW,POWERHAUS URANIUM LIMITED,Energy,2026-08-25,18326331,2026-10-01,Automic,AUTOMIC REGISTRY SERVICES,"Level 5, 126 Phillip Street, SYDNEY, NSW, AUSTRALIA, 2000",02 9698 5414,2026-08-25
PPC,PEET LIMITED,Real Estate Management & Development,2004-08-05,757578294,2026-10-01,Computershare,COMPUTERSHARE INVESTOR SERVICES PTY LIMITED,"Level 17, 221 St Georges Terrace, PERTH, WA, AUSTRALIA, 6000",1300 850 505,2026-08-07
PPE,PEOPLEIN LIMITED,Commercial & Professional Services,2017-11-22,56489882,2026-10-01,MUFG Corporate Markets,MUFG CORPORATE MARKETS (AU) LIMITED,"Level 21, 10 Eagle Street, BRISBANE, QLD, AUSTRALIA, 4000",1300 554 474,2026-08-07
PPK,PPK GROUP LIMITED,Materials,1994-12-21,30876249,2026-10-01,Computershare,COMPUTERSHARE INVESTOR SERVICES PTY LIMITED,"Level 1, 200 Mary Street, BRISBANE, QLD, AUSTRALIA, 4000",1300 552 270,2026-08-07
PPL,PUREPROFILE LTD,Media & Entertainment,2015-07-29,33724140,2026-10-01,Automic,AUTOMIC REGISTRY SERVICES,"Level 5, 126 Phillip Street, SYDNEY, NSW, AUSTRALIA, 2000",02 9698 5414,2026-08-07
PPM,PEPPER MONEY LIMITED,Financial Services,2021-05-25,772938772,2026-10-01,Boardroom,BOARDROOM PTY LIMITED,"LEVEL 8, 210 GEORGE STREET, SYDNEY, NSW, AUSTRALIA, 2000",(02) 9290 9600,2026-08-07
PPS,PRAEMIUM LIMITED,Software & Services,2006-05-11,268109841,2026-10-01,MUFG Corporate Markets,MUFG CORPORATE MARKETS (AU) LIMITED,"Tower 4, 727 Collins Street, DOCKLANDS, VIC, AUSTRALIA, 3008",1300 554 474,2026-08-07
PPT,PERPETUAL LIMITED,Financial Services,1964-06-24,1947083249,2026-10-01,MUFG Corporate Markets,MUFG CORPORATE MARKETS (AU) LIMITED,"LIBERTY PLACE, LEVEL 41, 161 CASTLEREAGH ST, SYDNEY, NSW, AUSTRALIA, 2000",1300 554 474,2026-08-07
PPY,PAPYRUS AUSTRALIA LIMITED,Materials,2005-04-15,6488817,2026-10-01,Computershare,COMPUTERSHARE INVESTOR SERVICES PTY LIMITED,"Level 5, 115 Grenfell Street, ADELAIDE, SA, AUSTRALIA, 5000",08 8236 2300,2026-08-07
PR1,PURE RESOURCES LIMITED,Materials,2022-04-21,21468938,2026-10-01,Automic,AUTOMIC REGISTRY SERVICES,"LEVEL 5, 191 St Georges Terrace,, PERTH, WA, AUSTRALIA, 6000",(08) 9324 2099,2026-08-07
PR2,PICHE RESOURCES LIMITED,Not Applic,2024-07-15,18542713,2026-10-01,Automic,AUTOMIC REGISTRY SERVICES,"LEVEL 5, 191 St Georges Terrace,, PERTH, WA, AUSTRALIA, 6000",(08) 9324 2099,2026-08-07
PRB,PARBO RESOURCES LIMITED,Class Pend,2026-09-22,17320500,2026-10-01,,,,,2026-09-21
PRG,PRL GLOBAL LTD,Materials,1987-07-24,,2026-08-07,,,,,2026-09-07
PRM,PROMINENCE ENERGY LIMITED,Energy,1992-01-23,2675467,2026-10-01,Computershare,COMPUTERSHARE INVESTOR SERVICES PTY LIMITED,"Level 17, 221 St Georges Terrace, PERTH, WA, AUSTRALIA, 6000",1300 850 505,2026-08-07
PRN,PERENTI LIMITED,Materials,1994-01-06,2062501281,2026-10-01,MUFG Corporate Markets,MUFG CORPORATE MARKETS (AU) LIMITED,"Level 12 QV1 Building, 250 St Georges Terrace, PERTH, WA, AUSTRALIA, 6000",1300 554 474,2026-08-07
PRO,PROPHECY INTERNATIONAL HOLDINGS LIMITED,Software & Services,1998-04-22,4914339,2026-10-01,Computershare,COMPUTERSHARE INVESTOR SERVICES PTY LIMITED,"Level 5, 115 Grenfell Street, ADELAIDE, SA, AUSTRALIA, 5000",08 8236 2300,2026-08-07
PRU,PERSEUS MINING LIMITED,Materials,2004-09-22,8520184185,2026-10-01,Computershare,COMPUTERSHARE INVESTOR SERVICES PTY LIMITED,"Level 17, 221 St Georges Terrace, PERTH, WA, AUSTRALIA, 6000",1300 850 505,2026-08-07
PRX,PRODIGY GOLD NL,Materials,1986-08-21,19888509,2026-10-01,Automic,AUTOMIC REGISTRY SERVICES,"LEVEL 5, 191 St Georges Terrace,, PERTH, WA, AUSTRALIA, 6000",(08) 9324 2099,2026-08-07
PSC,PROSPECT RESOURCES LIMITED,Materials,2009-12-04,171665141,2026-10-01,Automic,AUTOMIC REGISTRY SERVICES,"Level 5, 126 Phillip Street, SYDNEY, NSW, AUSTRALIA, 2000",02 9698 5414,2026-08-07
PSL,PATERSON RESOURCES LTD,Materials,2006-10-18,19328444,2026-10-01,Computershare,COMPUTERSHARE INVESTOR SERVICES PTY LIMITED,"Level 17, 221 St Georges Terrace, PERTH, WA, AUSTRALIA, 6000",1300 850 505,2026-08-07
PTL,PRESTAL HOLDINGS LIMITED,Household & Personal Products,2000-08-29,,2026-08-07,,,,,2026-08-07
PTN,PATRONUS RESOURCES LIMITED,Materials,2013-10-02,71005047,2026-10-01,Automic,AUTOMIC REGISTRY SERVICES,"Level 5, 126 Phillip Street, SYDNEY, NSW, AUSTRALIA, 2000",02 9698 5414,2026-08-07
PTR,PTR MINERALS LTD,Materials,2004-07-27,35573829,2026-10-01,Computershare,COMPUTERSHARE INVESTOR SERVICES PTY LIMITED,"Level 5, 115 Grenfell Street, ADELAIDE, SA, AUSTRALIA, 5000",08 8236 2300,2026-08-07
PTX,PRESCIENT THERAPEUTICS LIMITED,"Pharmaceuticals, Biotechnology & Life Sciences",1986-12-19,75494098,2026-10-01,Automic,AUTOMIC REGISTRY SERVICES,"Level 5, 126 Phillip Street, SYDNEY, NSW, AUSTRALIA, 2000",02 9698 5414,2026-08-07
PUR,PURSUIT MINERALS LTD,Materials,2008-09-10,20436873,2026-10-01,Automic,AUTOMIC REGISTRY SERVICES,"LEVEL 5, 191 St Georges Terrace,, PERTH, WA, AUSTRALIA, 6000",(08) 9324 2099,2026-08-07
PV1,PROVARIS ENERGY LTD,Energy,2005-03-21,5981812,2026-10-01,Computershare,COMPUTERSHARE INVESTOR SERVICES PTY LIMITED,"Level 17, 221 St Georges Terrace, PERTH, WA, AUSTRALIA, 6000",1300 850 505,2026-08-07
PVE,PO VALLEY ENERGY LIMITED,Energy,2004-12-14,111260316,2026-10-01,Automic,AUTOMIC REGISTRY SERVICES,"LEVEL 5, 191 St Georges Terrace,, PERTH, WA, AUSTRALIA, 6000",(08) 9324 2099,2026-08-07
PVL,POWERHOUSE VENTURES LIMITED,Financial Services,2016-10-12,20141845,2026-10-01,Xcend,XCEND PTY LTD,"Level 2,, 477 Pitt Street, HAYMARKET, NSW, AUSTRALIA, 2000",61 2 8591 8509,2026-08-07
PVT,PIVOTAL METALS LIMITED,Materials,2018-07-26,23671719,2026-10-01,Xcend,XCEND PTY LTD,"Level 2,, 477 Pitt Street, HAYMARKET, NSW, AUSTRALIA, 2000",61 2 8591 8509,2026-08-31
PWH,PWR HOLDINGS LIMITED,Automobiles & Components,2015-11-18,1009764185,2026-10-01,Computershare,COMPUTERSHARE INVESTOR SERVICES PTY LIMITED,"Yarra Falls, 452 Johnston Street, ABBOTSFORD, VIC, AUSTRALIA, 3067",03 9415 4000,2026-08-07
PWN,PARKWAY CORPORATE LIMITED,Materials,2011-05-13,29152311,2026-10-01,Xcend,XCEND PTY LTD,"Level 2,, 477 Pitt Street, HAYMARKET, NSW, AUSTRALIA, 2000",61 2 8591 8509,2026-08-07
PWR,PETER WARREN AUTOMOTIVE HOLDINGS LIMITED,Consumer Discretionary Distribution & Retail,2021-04-27,123163089,2026-10-01,MUFG Corporate Markets,MUFG CORPORATE MARKETS (AU) LIMITED,"LIBERTY PLACE, LEVEL 41, 161 CASTLEREAGH ST, SYDNEY, NSW, AUSTRALIA, 2000",1300 554 474,2026-08-07
PXA,PEXA GROUP LIMITED,Real Estate Management & Development,2021-07-01,1143585313,2026-10-01,MUFG Corporate Markets,MUFG CORPORATE MARKETS (AU) LIMITED,"LIBERTY PLACE, LEVEL 41, 161 CASTLEREAGH ST, SYDNEY, NSW, AUSTRALIA, 2000",1300 554 474,2026-08-07
PXR,PACIFIC RESOURCES LIMITED,Energy,2003-03-17,3600384,2026-08-07,MUFG Corporate Markets,MUFG CORPORATE MARKETS (AU) LIMITED,"Level 21, 10 Eagle Street, BRISBANE, QLD, AUSTRALIA, 4000",1300 554 474,2026-08-07
PXX,POLARX LIMITED,Materials,2012-12-21,57225404,2026-10-01,Computershare,COMPUTERSHARE INVESTOR SERVICES PTY LIMITED,"Level 17, 221 St Georges Terrace, PERTH, WA, AUSTRALIA, 6000",1300 850 505,2026-08-07
PYC,PYC THERAPEUTICS LIMITED,"Pharmaceuticals, Biotechnology & Life Sciences",2005-03-30,2468611222,2026-10-01,Automic,AUTOMIC REGISTRY SERVICES,"LEVEL 5, 191 St Georges Terrace,, PERTH, WA, AUSTRALIA, 6000",(08) 9324 2099,2026-08-07
QAL,QUALITAS LIMITED,Real Estate Management & Development,2021-12-16,675190918,2026-10-01,MUFG Corporate Markets,MUFG CORPORATE MARKETS (AU) LIMITED,"LIBERTY PLACE, LEVEL 41, 161 CASTLEREAGH ST, SYDNEY, NSW, AUSTRALIA, 2000",1300 554 474,2026-08-07
QAN,QANTAS AIRWAYS LIMITED,Transportation,1995-07-31,13573397533,2026-10-01,MUFG Corporate Markets,MUFG CORPORATE MARKETS (AU) LIMITED,"Liberty Place, Level 41, 161 Castlereagh St, SYDNEY, NSW, AUSTRALIA, 2000",+61 1800 177 747,2026-08-07
QBE,QBE INSURANCE GROUP LIMITED,Insurance,1973-06-28,34138459094,2026-10-01,Computershare,COMPUTERSHARE INVESTOR SERVICES PTY LIMITED,"Yarra Falls, 452 Johnston Street, ABBOTSFORD, VIC, AUSTRALIA, 3067",03 9415 4000,2026-08-07
QEM,QEM LIMITED,Materials,2018-10-19,5105070,2026-10-01,Automic,AUTOMIC REGISTRY SERVICES,"LEVEL 5, 191 St Georges Terrace,, PERTH, WA, AUSTRALIA, 6000",(08) 9324 2099,2026-08-07
QFE,QUICKFEE LIMITED,Financial Services,2019-07-11,30806039,2026-10-01,Boardroom,BOARDROOM PTY LIMITED,"AUSTRALIA,",,2026-08-07
QGL,QUANTUM GRAPHITE LIMITED,Materials,2014-01-06,108681160,2026-10-01,MUFG Corporate Markets,MUFG CORPORATE MARKETS (AU) LIMITED,"Tower 4, 727 Collins Street, DOCKLANDS, VIC, AUSTRALIA, 3008",1300 554 474,2026-08-07
QML,QMINES LIMITED,Materials,2021-05-06,57127369,2026-10-01,Boardroom,BOARDROOM PTY LIMITED,"LEVEL 8, 210 GEORGE STREET, SYDNEY, NSW, AUSTRALIA, 2000",(02) 9290 9600,2026-08-07
QRI,QUALITAS REAL ESTATE INCOME FUND,Financial Services,2018-11-27,896198170,2026-10-01,MUFG Corporate Markets,MUFG CORPORATE MARKETS (AU) LIMITED,"LIBERTY PLACE, LEVEL 41, 161 CASTLEREAGH ST, SYDNEY, NSW, AUSTRALIA, 2000",1300 554 474,2026-08-07
QUE,QUESTE COMMUNICATIONS LIMITED,Financial Services,1998-11-11,1343151,2026-10-01,Automic,AUTOMIC REGISTRY SERVICES,"Level 5, 126 Phillip Street, SYDNEY, NSW, AUSTRALIA, 2000",02 9698 5414,2026-08-07
QXR,QX RESOURCES LIMITED,Materials,2011-02-17,6475990,2026-10-01,Computershare,COMPUTERSHARE INVESTOR SERVICES PTY LIMITED,"Level 17, 221 St Georges Terrace, PERTH, WA, AUSTRALIA, 6000",1300 850 505,2026-08-07
R8R,REGENER8 RESOURCES NL,Materials,2022-07-08,9421626,2026-10-01,Automic,AUTOMIC REGISTRY SERVICES,"LEVEL 5, 191 St Georges Terrace,, PERTH, WA, AUSTRALIA, 6000",(08) 9324 2099,2026-08-07
RAC,RACURA ONCOLOGY LTD,"Pharmaceuticals, Biotechnology & Life Sciences",2016-07-13,364688228,2026-10-01,Automic,AUTOMIC REGISTRY SERVICES,"LEVEL 5, 191 St Georges Terrace,, PERTH, WA, AUSTRALIA, 6000",(08) 9324 2099,2026-08-07
RAD,RADIOPHARM THERANOSTICS LIMITED,"Pharmaceuticals, Biotechnology & Life Sciences",2021-11-25,28265297,2026-10-01,Automic,AUTOMIC REGISTRY SERVICES,"Level 5, 126 Phillip Street, SYDNEY, NSW, AUSTRALIA, 2000",02 9698 5414,2026-08-07
RAG,RAGNAR METALS LIMITED,Materials,2005-03-31,9281298,2026-10-01,Computershare,COMPUTERSHARE INVESTOR SERVICES PTY LIMITED,"Level 17, 221 St Georges Terrace, PERTH, WA, AUSTRALIA, 6000",1300 850 505,2026-08-07
RAN,RANGE INTERNATIONAL LIMITED,Materials,2016-07-22,1723844,2026-10-01,Automic,AUTOMIC REGISTRY SERVICES,"Level 5, 126 Phillip Street, SYDNEY, NSW, AUSTRALIA, 2000",02 9698 5414,2026-08-07
RAP,RAPTOR METALS LTD,Materials,2021-10-25,14112516,2026-10-01,Xcend,XCEND PTY LTD,"Level 2,, 477 Pitt Street, HAYMARKET, NSW, AUSTRALIA, 2000",61 2 8591 8509,2026-08-07
RAS,RAGUSA MINERALS LTD,Materials,2010-07-13,3765777,2026-10-01,Automic,AUTOMIC REGISTRY SERVICES,"LEVEL 5, 191 St Georges Terrace,, PERTH, WA, AUSTRALIA, 6000",(08) 9324 2099,2026-08-07
RAU,RESOURO STRATEGIC METALS INC.,Materials,2024-06-14,30682613,2026-10-01,Automic,AUTOMIC REGISTRY SERVICES,"Level 5, 126 Phillip Street, SYDNEY, NSW, AUSTRALIA, 2000",02 9698 5414,2026-08-07
RB6,RUBIX RESOURCES LIMITED,Materials,2021-12-23,8603000,2026-10-01,Computershare,COMPUTERSHARE INVESTOR SERVICES PTY LIMITED,"Level 17, 221 St Georges Terrace, PERTH, WA, AUSTRALIA, 6000",1300 850 505,2026-08-07
RBR,RBR GROUP LIMITED,Materials,2007-02-02,2753003,2026-10-01,Automic,AUTOMIC REGISTRY SERVICES,"LEVEL 5, 191 St Georges Terrace,, PERTH, WA, AUSTRALIA, 6000",(08) 9324 2099,2026-08-07
RBX,RESOURCE BASE LIMITED.,Materials,2021-07-12,3618797,2026-10-01,Computershare,COMPUTERSHARE INVESTOR SERVICES PTY LIMITED,"Level 17, 221 St Georges Terrace, PERTH, WA, AUSTRALIA, 6000",1300 850 505,2026-08-07
RC1,REDCASTLE RESOURCES LIMITED,Materials,2003-03-21,11326163,2026-10-01,Automic,AUTOMIC REGISTRY SERVICES,"LEVEL 5, 191 St Georges Terrace,, PERTH, WA, AUSTRALIA, 6000",(08) 9324 2099,2026-08-07
RCE,RECCE PHARMACEUTICALS LTD,"Pharmaceuticals, Biotechnology & Life Sciences",2016-01-15,94788722,2026-10-01,Automic,AUTOMIC REGISTRY SERVICES,"Level 5, 126 Phillip Street, SYDNEY, NSW, AUSTRALIA, 2000",02 9698 5414,2026-08-07
RCL,READCLOUD LIMITED,Software & Services,2018-02-07,8449087,2026-10-01,Boardroom,BOARDROOM PTY LIMITED,"LEVEL 8, 210 GEORGE STREET, SYDNEY, NSW, AUSTRALIA, 2000",(02) 9290 9600,2026-08-31
RCM,RAPID CRITICAL METALS LIMITED,Materials,2021-12-15,,2026-10-01,Automic,AUTOMIC REGISTRY SERVICES,"Level 5, 126 Phillip Street, SYDNEY, NSW, AUSTRALIA, 2000",02 9698 5414,2026-08-26
RCR,RINCON RESOURCES LIMITED,Materials,2020-12-21,7833437,2026-10-01,Automic,AUTOMIC REGISTRY SERVICES,"LEVEL 5, 191 St Georges Terrace,, PERTH, WA, AUSTRALIA, 6000",(08) 9324 2099,2026-08-07
RCT,REEF CASINO TRUST,Consumer Services,1994-02-11,230578797,2026-10-01,Computershare,COMPUTERSHARE INVESTOR SERVICES PTY LIMITED,"Level 1, 200 Mary Street, BRISBANE, QLD, AUSTRALIA, 4000",1300 552 270,2026-08-07
RDM,RED METAL LIMITED,Materials,2003-10-27,52372525,2026-10-01,Boardroom,BOARDROOM PTY LIMITED,"LEVEL 8, 210 GEORGE STREET, SYDNEY, NSW, AUSTRALIA, 2000",(02) 9290 9600,2026-08-07
RDN,RAIDEN RESOURCES LIMITED,Materials,1987-03-12,10352674,2026-08-07,Automic,AUTOMIC REGISTRY SERVICES,"LEVEL 5, 191 St Georges Terrace,, PERTH, WA, AUSTRALIA, 6000",(08) 9324 2099,2026-08-07
RDS,REDSTONE RESOURCES LIMITED,Materials,2006-08-03,3914945,2026-08-07,Automic,AUTOMIC REGISTRY SERVICES,"Level 5, 126 Phillip Street, SYDNEY, NSW, AUSTRALIA, 2000",02 9698 5414,2026-08-07
RDX,REDOX LIMITED,Capital Goods,2023-07-03,1801029298,2026-10-01,Computershare,COMPUTERSHARE INVESTOR SERVICES PTY LIMITED,"Yarra Falls, 452 Johnston Street, ABBOTSFORD, VIC, AUSTRALIA, 3067",03 9415 4000,2026-08-07
RDY,READYTECH HOLDINGS LIMITED,Software & Services,2019-04-17,172989750,2026-10-01,MUFG Corporate Markets,MUFG CORPORATE MARKETS (AU) LIMITED,"LIBERTY PLACE, LEVEL 41, 161 CASTLEREAGH ST, SYDNEY, NSW, AUSTRALIA, 2000",1300 554 474,2026-08-07
REA,REA GROUP LTD,Media & Entertainment,1999-12-01,20168114225,2026-10-01,MUFG Corporate Markets,MUFG CORPORATE MARKETS (AU) LIMITED,"Tower 4, 727 Collins Street, DOCKLANDS, VIC, AUSTRALIA, 3008",1300 554 474,2026-08-07
REC,RECHARGE METALS LIMITED,Materials,2021-10-11,35833022,2026-10-01,Computershare,COMPUTERSHARE INVESTOR SERVICES PTY LIMITED,"Level 17, 221 St Georges Terrace, PERTH, WA, AUSTRALIA, 6000",1300 850 505,2026-08-07
REE,RAREX LIMITED,Materials,2007-07-11,13382054,2026-10-01,,,,,2026-09-07
REG,REGIS HEALTHCARE LIMITED,Health Care Equipment & Services,2014-10-07,1321769467,2026-10-01,MUFG Corporate Markets,MUFG CORPORATE MARKETS (AU) LIMITED,"Tower 4, 727 Collins Street, DOCKLANDS, VIC, AUSTRALIA, 3008",1300 554 474,2026-08-07
REH,REECE LIMITED,Capital Goods,1974-01-01,10222828325,2026-10-01,Computershare,COMPUTERSHARE INVESTOR SERVICES PTY LIMITED,"Yarra Falls, 452 Johnston Street, ABBOTSFORD, VIC, AUSTRALIA, 3067",03 9415 4000,2026-08-07
REM,REMSENSE TECHNOLOGIES LIMITED,Capital Goods,2021-11-02,5835583,2026-10-01,Automic,AUTOMIC REGISTRY SERVICES,"LEVEL 5, 191 St Georges Terrace,, PERTH, WA, AUSTRALIA, 6000",(08) 9324 2099,2026-08-07
REP,RAM ESSENTIAL SERVICES PROPERTY FUND,Equity Real Estate Investment Trusts (REITs),2021-10-20,207942051,2026-10-01,MUFG Corporate Markets,MUFG CORPORATE MARKETS (AU) LIMITED,"LIBERTY PLACE, LEVEL 41, 161 CASTLEREAGH ST, SYDNEY, NSW, AUSTRALIA, 2000",1300 554 474,2026-08-07
REV,REVOLUTION PRIVATE CREDIT INCOME TRUST,Not Applic,2025-09-22,427492875,2026-10-01,Automic,AUTOMIC REGISTRY SERVICES,"Level 5, 126 Phillip Street, SYDNEY, NSW, AUSTRALIA, 2000",02 9698 5414,2026-08-07
REZ,RESOURCES & ENERGY GROUP LIMITED,Materials,2005-03-11,8363496,2026-10-01,Automic,AUTOMIC REGISTRY SERVICES,"Level 5, 126 Phillip Street, SYDNEY, NSW, AUSTRALIA, 2000",02 9698 5414,2026-08-07
RF1,REGAL INVESTMENT FUND,Not Applic,2019-06-17,707213277,2026-10-01,Automic,AUTOMIC REGISTRY SERVICES,"Level 5, 126 Phillip Street, SYDNEY, NSW, AUSTRALIA, 2000",02 9698 5414,2026-08-07
RFF,RURAL FUNDS GROUP,Equity Real Estate Investment Trusts (REITs),2014-02-14,744370928,2026-10-01,Boardroom,BOARDROOM PTY LIMITED,"LEVEL 8, 210 GEORGE STREET, SYDNEY, NSW, AUSTRALIA, 2000",(02) 9290 9600,2026-08-07
RFG,RETAIL FOOD GROUP LIMITED,Consumer Services,2006-06-22,65473484,2026-10-01,Computershare,COMPUTERSHARE INVESTOR SERVICES PTY LIMITED,"Level 1, 200 Mary Street, BRISBANE, QLD, AUSTRALIA, 4000",1300 552 270,2026-08-07
RFT,RECTIFIER TECHNOLOGIES LTD,Capital Goods,1994-09-22,6913903,2026-10-01,Computershare,COMPUTERSHARE INVESTOR SERVICES PTY LIMITED,"Yarra Falls, 452 Johnston Street, ABBOTSFORD, VIC, AUSTRALIA, 3067",03 9415 4000,2026-08-07
RG1,REGAL PARTNERS GLOBAL INVESTMENTS LIMITED,Not Applic,2017-09-28,581867204,2026-10-01,Boardroom,BOARDROOM PTY LIMITED,"LEVEL 8, 210 GEORGE STREET, SYDNEY, NSW, AUSTRALIA, 2000",(02) 9290 9600,2026-08-07
RG8,REGAL ASIAN INVESTMENTS LIMITED,Not Applic,2019-11-13,352044676,2026-10-01,Boardroom,BOARDROOM PTY LIMITED,"LEVEL 8, 210 GEORGE STREET, SYDNEY, NSW, AUSTRALIA, 2000",(02) 9290 9600,2026-08-07
RGL,RIVERSGOLD LIMITED,Materials,2017-10-10,23018376,2026-10-01,Automic,AUTOMIC REGISTRY SERVICES,"LEVEL 5, 191 St Georges Terrace,, PERTH, WA, AUSTRALIA, 6000",(08) 9324 2099,2026-08-07
RGN,REGION GROUP,Equity Real Estate Investment Trusts (REITs),2012-11-26,2505229264,2026-10-01,MUFG Corporate Markets,MUFG CORPORATE MARKETS (AU) LIMITED,"LIBERTY PLACE, LEVEL 41, 161 CASTLEREAGH ST, SYDNEY, NSW, AUSTRALIA, 2000",1300 554 474,2026-08-07
RGT,ARGENT BIOPHARMA LIMITED,"Pharmaceuticals, Biotechnology & Life Sciences",2006-12-21,3731507,2026-10-01,Computershare,COMPUTERSHARE INVESTOR SERVICES PTY LIMITED,"Level 17, 221 St Georges Terrace, PERTH, WA, AUSTRALIA, 6000",1300 850 505,2026-08-07
RHC,RAMSAY HEALTH CARE LIMITED,Health Care Equipment & Services,1997-09-24,12575608103,2026-10-01,Boardroom,BOARDROOM PTY LIMITED,"LEVEL 8, 210 GEORGE STREET, SYDNEY, NSW, AUSTRALIA, 2000",(02) 9290 9600,2026-08-07
RHI,RED HILL MINERALS LIMITED,Materials,2006-02-14,262054398,2026-10-01,Automic,AUTOMIC REGISTRY SERVICES,"LEVEL 5, 191 St Georges Terrace,, PERTH, WA, AUSTRALIA, 6000",(08) 9324 2099,2026-08-07
RHT,RESONANCE HEALTH LIMITED,Health Care Equipment & Services,1987-10-23,32444176,2026-10-01,Automic,AUTOMIC REGISTRY SERVICES,"Level 5, 126 Phillip Street, SYDNEY, NSW, AUSTRALIA, 2000",02 9698 5414,2026-08-07
RHY,RHYTHM BIOSCIENCES LIMITED,Health Care Equipment & Services,2017-12-07,28663215,2026-10-01,Automic,AUTOMIC REGISTRY SERVICES,"Suite 5, Level 12, 530 Collins Street, MELBOURNE, VIC, AUSTRALIA, 3000",1300 288 664,2026-08-31
RIC,RIDLEY CORPORATION LIMITED,"Food, Beverage & Tobacco",1987-08-13,940881216,2026-10-01,Computershare,COMPUTERSHARE INVESTOR SERVICES PTY LIMITED,"Yarra Falls, 452 Johnston Street, ABBOTSFORD, VIC, AUSTRALIA, 3067",03 9415 4000,2026-08-07
RIE,RIEDEL RESOURCES LIMITED,Materials,2011-01-31,8036153,2026-10-01,Computershare,COMPUTERSHARE INVESTOR SERVICES PTY LIMITED,"Level 17, 221 St Georges Terrace, PERTH, WA, AUSTRALIA, 6000",1300 850 505,2026-08-07
RIM,RIMFIRE PACIFIC MINING LIMITED,Materials,1997-03-04,32990527,2026-09-01,Computershare,COMPUTERSHARE INVESTOR SERVICES PTY LIMITED,"Level 1, 200 Mary Street, BRISBANE, QLD, AUSTRALIA, 4000",1300 552 270,2026-08-07
RIO,RIO TINTO LIMITED,Materials,1962-09-19,60551085026,2026-10-01,Computershare,COMPUTERSHARE INVESTOR SERVICES PTY LIMITED,"Yarra Falls, 452 Johnston Street, ABBOTSFORD, VIC, AUSTRALIA, 3067",03 9415 4000,2026-08-07
RIV,RIVCO AUSTRALIA LTD,Utilities,2016-09-16,189728473,2026-10-01,Computershare,COMPUTERSHARE INVESTOR SERVICES PTY LIMITED,"Level 5, 115 Grenfell Street, ADELAIDE, SA, AUSTRALIA, 5000",08 8236 2300,2026-08-07
RKB,ROKEBY RESOURCES LIMITED,Materials,2008-06-19,7441825,2026-10-01,Automic,AUTOMIC REGISTRY SERVICES,"Level 5, 126 Phillip Street, SYDNEY, NSW, AUSTRALIA, 2000",02 9698 5414,2026-08-07
RKN,RECKON LIMITED,Software & Services,1999-07-19,47583829,2026-10-01,Computershare,COMPUTERSHARE INVESTOR SERVICES PTY LIMITED,"Level 4, 44 Martin Place, SYDNEY, NSW, AUSTRALIA, 2000",02 8234 5000,2026-08-07
RKT,ROCKETDNA LTD.,Technology Hardware & Equipment,2018-06-18,25947085,2026-10-01,Automic,AUTOMIC REGISTRY SERVICES,"LEVEL 5, 191 St Georges Terrace,, PERTH, WA, AUSTRALIA, 6000",(08) 9324 2099,2026-08-07
RLC,REEDY LAGOON CORPORATION LIMITED,Materials,2007-06-22,1553413,2026-09-01,,,,,2026-09-07
RLF,RLF AGTECH LTD,Materials,2022-04-21,19310269,2026-10-01,Automic,AUTOMIC REGISTRY SERVICES,"LEVEL 5, 191 St Georges Terrace,, PERTH, WA, AUSTRALIA, 6000",(08) 9324 2099,2026-08-07
RLG,ROOLIFE GROUP LTD,Media & Entertainment,2016-11-16,11562478,2026-09-01,Computershare,COMPUTERSHARE INVESTOR SERVICES PTY LIMITED,"Level 17, 221 St Georges Terrace, PERTH, WA, AUSTRALIA, 6000",1300 850 505,2026-08-07
RMC,RESIMAC GROUP LTD,Financial Services,2001-03-19,322356145,2026-10-01,Computershare,COMPUTERSHARE INVESTOR SERVICES PTY LIMITED,"Level 17, 221 St Georges Terrace, PERTH, WA, AUSTRALIA, 6000",1300 850 505,2026-08-07
RMD,RESMED INC,Health Care Equipment & Services,1999-11-25,45136157543,2026-10-01,Computershare,COMPUTERSHARE INVESTOR SERVICES PTY LIMITED,"Level 4, 44 Martin Place, SYDNEY, NSW, AUSTRALIA, 2000",02 8234 5000,2026-08-07
RMI,RESOURCE MINERALS INTERNATIONAL LTD,Materials,1985-02-14,126847332,2026-10-01,Automic,AUTOMIC REGISTRY SERVICES,"Level 5, 126 Phillip Street, SYDNEY, NSW, AUSTRALIA, 2000",02 9698 5414,2026-08-07
RML,RESOLUTION MINERALS LTD,Materials,2017-09-22,100172059,2026-10-01,Automic,AUTOMIC REGISTRY SERVICES,"LEVEL 5, 191 St Georges Terrace,, PERTH, WA, AUSTRALIA, 6000",(08) 9324 2099,2026-08-07
RMS,RAMELIUS RESOURCES LIMITED,Materials,2003-03-31,7247115195,2026-10-01,Computershare,COMPUTERSHARE INVESTOR SERVICES PTY LIMITED,"Level 5, 115 Grenfell Street, ADELAIDE, SA, AUSTRALIA, 5000",08 8236 2300,2026-08-07
RMX,RED MOUNTAIN MINING LIMITED,Materials,2011-09-01,13312260,2026-10-01,Automic,AUTOMIC REGISTRY SERVICES,"Level 5, 126 Phillip Street, SYDNEY, NSW, AUSTRALIA, 2000",02 9698 5414,2026-08-07
RMY,RMA GLOBAL LIMITED,Media & Entertainment,2018-07-05,13286633,2026-10-01,Automic,AUTOMIC REGISTRY SERVICES,"Suite 5, Level 12, 530 Collins Street, MELBOURNE, VIC, AUSTRALIA, 3000",1300 288 664,2026-08-07
RND,RAND MINING LIMITED,Materials,1985-08-15,120008278,2026-10-01,Xcend,XCEND PTY LTD,"Level 2,, 477 Pitt Street, HAYMARKET, NSW, AUSTRALIA, 2000",61 2 8591 8509,2026-08-07
RNT,RENT.COM.AU LIMITED,Media & Entertainment,1994-05-26,72330641,2026-10-01,Automic,AUTOMIC REGISTRY SERVICES,"LEVEL 5, 191 St Georges Terrace,, PERTH, WA, AUSTRALIA, 6000",(08) 9324 2099,2026-08-07
RNU,RENASCOR RESOURCES LIMITED,Materials,2010-12-15,140043070,2026-10-01,MUFG Corporate Markets,MUFG CORPORATE MARKETS (AU) LIMITED,"Level 21, 10 Eagle Street, BRISBANE, QLD, AUSTRALIA, 4000",1300 554 474,2026-08-07
RNV,RENERVE LIMITED,Health Care Equipment & Services,2024-11-26,13862115,2026-10-01,Automic,AUTOMIC REGISTRY SERVICES,"Suite 5, Level 12, 530 Collins Street, MELBOURNE, VIC, AUSTRALIA, 3000",1300 288 664,2026-08-07
RNX,RENEGADE EXPLORATION LIMITED,Materials,2006-11-14,5174492,2026-10-01,Automic,AUTOMIC REGISTRY SERVICES,"LEVEL 5, 191 St Georges Terrace,, PERTH, WA, AUSTRALIA, 6000",(08) 9324 2099,2026-08-07
ROC,ROCKETBOOTS LIMITED,Software & Services,2021-12-07,45201937,2026-10-01,Computershare,COMPUTERSHARE INVESTOR SERVICES PTY LIMITED,"Yarra Falls, 452 Johnston Street, ABBOTSFORD, VIC, AUSTRALIA, 3067",03 9415 4000,2026-08-07
ROG,RED SKY ENERGY LIMITED.,Energy,2007-05-23,10570381,2026-10-01,Xcend,XCEND PTY LTD,"Level 2,, 477 Pitt Street, HAYMARKET, NSW, AUSTRALIA, 2000",61 2 8591 8509,2026-08-07
RON,RONIN RESOURCES LTD,Materials,2021-12-16,6460002,2026-10-01,Automic,AUTOMIC REGISTRY SERVICES,"Level 5, 126 Phillip Street, SYDNEY, NSW, AUSTRALIA, 2000",02 9698 5414,2026-08-07
RPL,REGAL PARTNERS LIMITED,Financial Services,2019-06-21,940551276,2026-10-01,Boardroom,BOARDROOM PTY LIMITED,"LEVEL 8, 210 GEORGE STREET, SYDNEY, NSW, AUSTRALIA, 2000",(02) 9290 9600,2026-08-07
RPM,RPM AUTOMOTIVE GROUP LIMITED,Automobiles & Components,1983-11-10,3269073,2026-10-01,Computershare,COMPUTERSHARE INVESTOR SERVICES PTY LIMITED,"Level 4, 44 Martin Place, SYDNEY, NSW, AUSTRALIA, 2000",02 8234 5000,2026-08-07
RR1,REACH RESOURCES LIMITED,Materials,2002-11-06,17215517,2026-10-01,Automic,AUTOMIC REGISTRY SERVICES,"Level 5, 126 Phillip Street, SYDNEY, NSW, AUSTRALIA, 2000",02 9698 5414,2026-08-07
RRE,RIGHT RESOURCES LIMITED,Materials,2025-10-29,12299348,2026-10-01,Automic,AUTOMIC REGISTRY SERVICES,"LEVEL 5, 191 St Georges Terrace,, PERTH, WA, AUSTRALIA, 6000",(08) 9324 2099,2026-08-07
RRL,REGIS RESOURCES LIMITED,Materials,1987-02-19,5447439894,2026-10-01,Computershare,COMPUTERSHARE INVESTOR SERVICES PTY LIMITED,"Level 17, 221 St Georges Terrace, PERTH, WA, AUSTRALIA, 6000",1300 850 505,2026-08-07
RRR,REVOLVER RESOURCES HOLDINGS LTD,Materials,2021-09-23,17207550,2026-10-01,Automic,AUTOMIC REGISTRY SERVICES,"LEVEL 5, 191 St Georges Terrace,, PERTH, WA, AUSTRALIA, 6000",(08) 9324 2099,2026-08-07
RSG,RESOLUTE MINING LIMITED,Materials,1979-01-11,2415281903,2026-10-01,Computershare,COMPUTERSHARE INVESTOR SERVICES PTY LIMITED,"Level 17, 221 St Georges Terrace, PERTH, WA, AUSTRALIA, 6000",1300 850 505,2026-08-07
RTG,RTG MINING INC.,Materials,2014-06-05,75044011,2026-10-01,Computershare,COMPUTERSHARE INVESTOR SERVICES PTY LIMITED,"Level 17, 221 St Georges Terrace, PERTH, WA, AUSTRALIA, 6000",1300 850 505,2026-08-07
RTH,RAS TECHNOLOGY HOLDINGS LIMITED,Commercial & Professional Services,2021-11-23,26337244,2026-10-01,MUFG Corporate Markets,MUFG CORPORATE MARKETS (AU) LIMITED,"LIBERTY PLACE, LEVEL 41, 161 CASTLEREAGH ST, SYDNEY, NSW, AUSTRALIA, 2000",1300 554 474,2026-08-26
RTR,RUMBLE RESOURCES LIMITED,Materials,2011-07-01,69000793,2026-10-01,Automic,AUTOMIC REGISTRY SERVICES,"LEVEL 5, 191 St Georges Terrace,, PERTH, WA, AUSTRALIA, 6000",(08) 9324 2099,2026-08-07
RVT,RICHMOND VANADIUM TECHNOLOGY LIMITED,Materials,2022-12-13,22031510,2026-10-01,Computershare,COMPUTERSHARE INVESTOR SERVICES PTY LIMITED,"Level 17, 221 St Georges Terrace, PERTH, WA, AUSTRALIA, 6000",1300 850 505,2026-08-07
RWC,RELIANCE WORLDWIDE CORPORATION LIMITED,Capital Goods,2016-04-29,3538223519,2026-10-01,Computershare,COMPUTERSHARE INVESTOR SERVICES PTY LIMITED,"Yarra Falls, 452 Johnston Street, ABBOTSFORD, VIC, AUSTRALIA, 3067",03 9415 4000,2026-08-07
RWD,REWARD MINERALS LTD,Materials,1991-12-12,7862948,2026-10-01,Automic,AUTOMIC REGISTRY SERVICES,"LEVEL 5, 191 St Georges Terrace,, PERTH, WA, AUSTRALIA, 6000",(08) 9324 2099,2026-08-07
RWL,RUBICON WATER LIMITED,Technology Hardware & Equipment,2021-09-02,84296743,2026-10-01,Computershare,COMPUTERSHARE INVESTOR SERVICES PTY LIMITED,"Yarra Falls, 452 Johnston Street, ABBOTSFORD, VIC, AUSTRALIA, 3067",03 9415 4000,2026-08-07
RXL,ROX RESOURCES LIMITED,Materials,2004-04-27,829292222,2026-10-01,Computershare,COMPUTERSHARE INVESTOR SERVICES PTY LIMITED,"Level 17, 221 St Georges Terrace, PERTH, WA, AUSTRALIA, 6000",1300 850 505,2026-08-07
RYD,RYDER CAPITAL LIMITED,Not Applic,2015-09-28,179626043,2026-10-01,MUFG Corporate Markets,MUFG CORPORATE MARKETS (AU) LIMITED,"LIBERTY PLACE, LEVEL 41, 161 CASTLEREAGH ST, SYDNEY, NSW, AUSTRALIA, 2000",1300 554 474,2026-08-07
RYM,RYMAN HEALTHCARE LIMITED,Health Care Equipment & Services,2025-10-01,1518539337,2026-10-01,MUFG Corporate Markets,MUFG CORPORATE MARKETS (AU) LIMITED,"Level 11, Suite11.02, Pitt Street, SYDNEY, NSW, AUSTRALIA, 2000",02 221-7155,2026-08-07
RZI,RAIZ INVEST LIMITED,Financial Services,2018-06-21,51641104,2026-10-01,Computershare,COMPUTERSHARE INVESTOR SERVICES PTY LIMITED,"Level 4, 44 Martin Place, SYDNEY, NSW, AUSTRALIA, 2000",02 8234 5000,2026-08-07
S2R,S2 RESOURCES LTD,Materials,2015-10-19,33489941,2026-09-01,Computershare,COMPUTERSHARE INVESTOR SERVICES PTY LIMITED,"Level 17, 221 St Georges Terrace, PERTH, WA, AUSTRALIA, 6000",1300 850 505,2026-08-07
S32,SOUTH32 LIMITED,Materials,2015-05-18,22013061910,2026-10-01,Computershare,COMPUTERSHARE INVESTOR SERVICES PTY LIMITED,"Yarra Falls, 452 Johnston Street, ABBOTSFORD, VIC, AUSTRALIA, 3067",03 9415 4000,2026-08-07
S66,STAR COMBO PHARMA LIMITED,Household & Personal Products,2018-05-16,17560788,2026-10-01,MUFG Corporate Markets,MUFG CORPORATE MARKETS (AU) LIMITED,"LIBERTY PLACE, LEVEL 41, 161 CASTLEREAGH ST, SYDNEY, NSW, AUSTRALIA, 2000",1300 554 474,2026-08-31
SAN,SAGALIO ENERGY LIMITED,Energy,2011-12-15,2353591,2026-10-01,Computershare,COMPUTERSHARE INVESTOR SERVICES PTY LIMITED,"Level 4, 44 Martin Place, SYDNEY, NSW, AUSTRALIA, 2000",02 8234 5000,2026-08-07
SAU,SIGMA LITHIUM CORPORATION,Materials,2026-09-04,,2026-10-01,,,,,2026-09-04
SB2,SALTER BROTHERS EMERGING COMPANIES LIMITED,Not Applic,2021-06-16,50027389,2026-10-01,Computershare,COMPUTERSHARE INVESTOR SERVICES PTY LIMITED,"Yarra Falls, 452 Johnston Street, ABBOTSFORD, VIC, AUSTRALIA, 3067",03 9415 4000,2026-08-07
SBM,ST BARBARA LIMITED,Materials,1969-05-15,980845945,2026-10-01,Computershare,COMPUTERSHARE INVESTOR SERVICES PTY LIMITED,"Yarra Falls, 452 Johnston Street, ABBOTSFORD, VIC, AUSTRALIA, 3067",03 9415 4000,2026-08-07
SBR,SABRE RESOURCES LIMITED,Materials,1987-12-17,5486772,2026-08-07,Automic,AUTOMIC REGISTRY SERVICES,"Level 5, 126 Phillip Street, SYDNEY, NSW, AUSTRALIA, 2000",02 9698 5414,2026-08-07
SBZ,SCHOOLBLAZER LIMITED,Capital Goods,1971-08-24,68306154,2026-10-01,Computershare,COMPUTERSHARE INVESTOR SERVICES PTY LIMITED,"Level 4, 44 Martin Place, SYDNEY, NSW, AUSTRALIA, 2000",02 8234 5000,2026-08-07
SCG,SCENTRE GROUP,Equity Real Estate Investment Trusts (REITs),2014-06-25,17832335356,2026-10-01,Computershare,COMPUTERSHARE INVESTOR SERVICES PTY LIMITED,"Level 4, 44 Martin Place, SYDNEY, NSW, AUSTRALIA, 2000",02 8234 5000,2026-08-07
SCN,SCORPION MINERALS LIMITED,Materials,2007-03-07,11388955,2026-10-01,Automic,AUTOMIC REGISTRY SERVICES,"Level 5, 126 Phillip Street, SYDNEY, NSW, AUSTRALIA, 2000",02 9698 5414,2026-08-07
SCP,SCALARE PARTNERS HOLDINGS LIMITED,Financial Services,2019-02-19,11799507,2026-10-01,Automic,AUTOMIC REGISTRY SERVICES,"Level 5, 126 Phillip Street, SYDNEY, NSW, AUSTRALIA, 2000",02 9698 5414,2026-08-16
SCX,SCX.AI HOLDINGS LIMITED,Software & Services,2026-08-21,93796655,2026-10-01,,,,,2026-08-21
SDF,STEADFAST GROUP LIMITED,Insurance,2013-08-02,6405071777,2026-10-01,MUFG Corporate Markets,MUFG CORPORATE MARKETS (AU) LIMITED,"LIBERTY PLACE, LEVEL 41, 161 CASTLEREAGH ST, SYDNEY, NSW, AUSTRALIA, 2000",1300 554 474,2026-08-07
SDR,SITEMINDER LIMITED,Software & Services,2021-11-08,744513200,2026-10-01,Automic,AUTOMIC REGISTRY SERVICES,"Level 5, 126 Phillip Street, SYDNEY, NSW, AUSTRALIA, 2000",02 9698 5414,2026-08-26
SDV,SCIDEV LTD,Materials,2002-05-02,30414173,2026-10-01,Boardroom,BOARDROOM PTY LIMITED,"LEVEL 8, 210 GEORGE STREET, SYDNEY, NSW, AUSTRALIA, 2000",(02) 9290 9600,2026-08-07
SEA,SEA FOREST LIMITED,"Food, Beverage & Tobacco",2025-11-26,86332046,2026-10-01,Automic,AUTOMIC REGISTRY SERVICES,"Level 5, 126 Phillip Street, SYDNEY, NSW, AUSTRALIA, 2000",02 9698 5414,2026-08-07
SEC,SPHERIA EMERGING COMPANIES LIMITED,Not Applic,2017-12-05,133063508,2026-10-01,Automic,AUTOMIC REGISTRY SERVICES,"Level 5, 126 Phillip Street, SYDNEY, NSW, AUSTRALIA, 2000",02 9698 5414,2026-08-07
SEG,SPORTS ENTERTAINMENT GROUP LIMITED,Media & Entertainment,2000-11-28,79983035,2026-10-01,Computershare,COMPUTERSHARE INVESTOR SERVICES PTY LIMITED,"Yarra Falls, 452 Johnston Street, ABBOTSFORD, VIC, AUSTRALIA, 3067",03 9415 4000,2026-08-07
SEK,SEEK LIMITED,Media & Entertainment,2005-04-19,4241946752,2026-10-01,Computershare,COMPUTERSHARE INVESTOR SERVICES PTY LIMITED,"Yarra Falls, 452 Johnston Street, ABBOTSFORD, VIC, AUSTRALIA, 3067",03 9415 4000,2026-08-07
SEN,SENETAS CORPORATION LIMITED,Technology Hardware & Equipment,1984-06-21,41443473,2026-09-01,Computershare,COMPUTERSHARE INVESTOR SERVICES PTY LIMITED,"Yarra Falls, 452 Johnston Street, ABBOTSFORD, VIC, AUSTRALIA, 3067",03 9415 4000,2026-08-07
SEQ,SEQUOIA FINANCIAL GROUP LTD,Financial Services,2000-09-19,6128763,2026-10-01,Registry Direct,REGISTRY DIRECT,"120 Collins St, MELBOURNE, VIC, AUSTRALIA, 3000",1300 556 635,2026-08-07
SER,STRATEGIC ENERGY RESOURCES LIMITED,Materials,1991-08-15,12164518,2026-10-01,MUFG Corporate Markets,MUFG CORPORATE MARKETS (AU) LIMITED,"Tower 4, 727 Collins Street, DOCKLANDS, VIC, AUSTRALIA, 3008",1300 554 474,2026-08-07
SET,SOLARIS AUSTRALIAN EQUITY INCOME PLUS LIMITED,Not Applic,2026-04-17,198754870,2026-10-01,Automic,AUTOMIC REGISTRY SERVICES,"Level 5, 126 Phillip Street, SYDNEY, NSW, AUSTRALIA, 2000",02 9698 5414,2026-08-07
SFC,SCHAFFER CORPORATION LIMITED,Automobiles & Components,1974-01-01,259280891,2026-10-01,Computershare,COMPUTERSHARE INVESTOR SERVICES PTY LIMITED,"Level 17, 221 St Georges Terrace, PERTH, WA, AUSTRALIA, 6000",1300 850 505,2026-08-07
SFG,SEAFARMS GROUP LIMITED,"Food, Beverage & Tobacco",1990-06-14,,2026-08-07,Computershare,COMPUTERSHARE INVESTOR SERVICES PTY LIMITED,"Level 17, 221 St Georges Terrace, PERTH, WA, AUSTRALIA, 6000",1300 850 505,2026-08-07
SFM,SANTA FE MINERALS LTD,Materials,2011-10-07,39076509,2026-10-01,Automic,AUTOMIC REGISTRY SERVICES,"Level 5, 126 Phillip Street, SYDNEY, NSW, AUSTRALIA, 2000",02 9698 5414,2026-08-07
SFR,SANDFIRE RESOURCES LIMITED,Materials,2004-03-04,10107818777,2026-10-01,Automic,AUTOMIC REGISTRY SERVICES,"LEVEL 5, 191 St Georges Terrace,, PERTH, WA, AUSTRALIA, 6000",(08) 9324 2099,2026-08-07
SFX,SHEFFIELD RESOURCES LIMITED,Materials,2010-12-15,14653490,2026-10-01,MUFG Corporate Markets,MUFG CORPORATE MARKETS (AU) LIMITED,"LEVEL 4 CENTRAL PARK, 152 ST GEORGES TERRACE, PERTH, WA, AUSTRALIA, 6000",1300 554 474,2026-08-07
SGA,SARYTOGAN GRAPHITE LIMITED,Materials,2022-07-18,18006461,2026-10-01,Automic,AUTOMIC REGISTRY SERVICES,"LEVEL 5, 191 St Georges Terrace,, PERTH, WA, AUSTRALIA, 6000",(08) 9324 2099,2026-08-07
SGC,SINCLAIR GOLD LTD,Materials,2012-09-19,228375597,2026-10-01,Computershare,COMPUTERSHARE INVESTOR SERVICES PTY LIMITED,"Level 17, 221 St Georges Terrace, PERTH, WA, AUSTRALIA, 6000",1300 850 505,2026-08-07
SGH,SGH LIMITED,Capital Goods,2010-04-30,14997684461,2026-10-01,Boardroom,BOARDROOM PTY LIMITED,"LEVEL 8, 210 GEORGE STREET, SYDNEY, NSW, AUSTRALIA, 2000",(02) 9290 9600,2026-08-07
SGI,STEALTH GROUP HOLDINGS LTD,Capital Goods,2018-10-02,194424216,2026-10-01,Computershare,COMPUTERSHARE INVESTOR SERVICES PTY LIMITED,"Level 17, 221 St Georges Terrace, PERTH, WA, AUSTRALIA, 6000",1300 850 505,2026-08-07
SGLLV,RICEGROWERS LIMITED,"Food, Beverage & Tobacco",2019-04-08,855215752,2026-10-01,,,,,2026-09-07
SGM,SIMS LIMITED,Materials,2005-10-21,4581554217,2026-10-01,MUFG Corporate Markets,MUFG CORPORATE MARKETS (AU) LIMITED,"LIBERTY PLACE, LEVEL 41, 161 CASTLEREAGH ST, SYDNEY, NSW, AUSTRALIA, 2000",1300 554 474,2026-08-07
SGP,STOCKLAND,Equity Real Estate Investment Trusts (REITs),1987-02-19,10091323106,2026-10-01,Computershare,COMPUTERSHARE INVESTOR SERVICES PTY LIMITED,"Level 4, 44 Martin Place, SYDNEY, NSW, AUSTRALIA, 2000",02 8234 5000,2026-08-07
SGQ,ST GEORGE MINING LIMITED,Materials,2010-11-16,300880642,2026-10-01,Computershare,COMPUTERSHARE INVESTOR SERVICES PTY LIMITED,"Level 17, 221 St Georges Terrace, PERTH, WA, AUSTRALIA, 6000",1300 850 505,2026-08-07
SGR,THE STAR ENTERTAINMENT GROUP LIMITED,Consumer Services,2011-06-06,829525347,2026-10-01,MUFG Corporate Markets,MUFG CORPORATE MARKETS (AU) LIMITED,"Level 21, 10 Eagle Street, BRISBANE, QLD, AUSTRALIA, 4000",1300 554 474,2026-08-07
SHA,SHAPE AUSTRALIA CORPORATION LIMITED,Capital Goods,2021-12-17,637355010,2026-10-01,Boardroom,BOARDROOM PTY LIMITED,"LEVEL 8, 210 GEORGE STREET, SYDNEY, NSW, AUSTRALIA, 2000",(02) 9290 9600,2026-08-07
SHE,STONEHORSE ENERGY LIMITED,Energy,2000-07-24,8213521,2026-10-01,Computershare,COMPUTERSHARE INVESTOR SERVICES PTY LIMITED,"Level 17, 221 St Georges Terrace, PERTH, WA, AUSTRALIA, 6000",1300 850 505,2026-08-07
SHG,SINGULAR HEALTH GROUP LTD,Health Care Equipment & Services,2021-02-12,60326890,2026-10-01,Automic,AUTOMIC REGISTRY SERVICES,"LEVEL 5, 191 St Georges Terrace,, PERTH, WA, AUSTRALIA, 6000",(08) 9324 2099,2026-08-07
SHJ,SHINE JUSTICE LTD,Consumer Services,2013-05-15,105868998,2026-10-01,MUFG Corporate Markets,MUFG CORPORATE MARKETS (AU) LIMITED,"Level 21, 10 Eagle Street, BRISBANE, QLD, AUSTRALIA, 4000",1300 554 474,2026-08-07
SHL,SONIC HEALTHCARE LIMITED,Health Care Equipment & Services,1987-04-30,9197768305,2026-10-01,Computershare,COMPUTERSHARE INVESTOR SERVICES PTY LIMITED,"Level 5, 115 Grenfell Street, ADELAIDE, SA, AUSTRALIA, 5000",08 8236 2300,2026-08-07
SHM,SHRIRO HOLDINGS LIMITED,Consumer Durables & Apparel,2015-06-23,47958691,2026-10-01,MUFG Corporate Markets,MUFG CORPORATE MARKETS (AU) LIMITED,"LIBERTY PLACE, LEVEL 41, 161 CASTLEREAGH ST, SYDNEY, NSW, AUSTRALIA, 2000",1300 554 474,2026-08-07
SHN,SUNSHINE METALS LIMITED,Materials,2002-01-25,122335211,2026-10-01,Automic,AUTOMIC REGISTRY SERVICES,"LEVEL 5, 191 St Georges Terrace,, PERTH, WA, AUSTRALIA, 6000",(08) 9324 2099,2026-08-07
SHO,SPORTSHERO LIMITED,Media & Entertainment,2008-06-12,44609567,2026-10-01,,,,,2026-10-10
SHV,SELECT HARVESTS LIMITED,"Food, Beverage & Tobacco",1978-06-15,580399341,2026-10-01,Computershare,COMPUTERSHARE INVESTOR SERVICES PTY LIMITED,"Yarra Falls, 452 Johnston Street, ABBOTSFORD, VIC, AUSTRALIA, 3067",03 9415 4000,2026-08-07
SIG,SIGMA HEALTHCARE LIMITED,Health Care Equipment & Services,2002-10-30,29667316289,2026-10-01,MUFG Corporate Markets,MUFG CORPORATE MARKETS (AU) LIMITED,"Tower 4, 727 Collins Street, DOCKLANDS, VIC, AUSTRALIA, 3008",1300 554 474,2026-08-07
SIO,SIMONDS GROUP LIMITED,Consumer Durables & Apparel,2014-11-17,59384564,2026-10-01,Boardroom,BOARDROOM PTY LIMITED,"LEVEL 8, 210 GEORGE STREET, SYDNEY, NSW, AUSTRALIA, 2000",(02) 9290 9600,2026-08-07
SIQ,SMARTGROUP CORPORATION LTD,Commercial & Professional Services,2014-07-02,1542057698,2026-10-01,MUFG Corporate Markets,MUFG CORPORATE MARKETS (AU) LIMITED,"LIBERTY PLACE, LEVEL 41, 161 CASTLEREAGH ST, SYDNEY, NSW, AUSTRALIA, 2000",1300 554 474,2026-08-07
SIS,SIMBLE SOLUTIONS LIMITED,Software & Services,2018-02-22,8873321,2026-10-01,Boardroom,BOARDROOM PTY LIMITED,"LEVEL 8, 210 GEORGE STREET, SYDNEY, NSW, AUSTRALIA, 2000",(02) 9290 9600,2026-08-07
SIV,SIV CAPITAL LIMITED,Capital Goods,2005-05-31,,2026-08-07,Boardroom,BOARDROOM PTY LIMITED,"LEVEL 8, 210 GEORGE STREET, SYDNEY, NSW, AUSTRALIA, 2000",(02) 9290 9600,2026-08-07
SIX,SPRINTEX LIMITED,Automobiles & Components,2008-05-29,35528475,2026-10-01,Automic,AUTOMIC REGISTRY SERVICES,"Level 5, 126 Phillip Street, SYDNEY, NSW, AUSTRALIA, 2000",02 9698 5414,2026-08-07
SK1,SKINKANDY LIMITED,Consumer Discretionary Distribution & Retail,2026-05-21,312668686,2026-10-01,MUFG Corporate Markets,MUFG CORPORATE MARKETS (AU) LIMITED,"LIBERTY PLACE, LEVEL 41, 161 CASTLEREAGH ST, SYDNEY, NSW, AUSTRALIA, 2000",1300 554 474,2026-08-07
SKC,SKYCITY ENTERTAINMENT GROUP LIMITED,Consumer Services,1999-03-29,612195551,2026-10-01,Computershare,COMPUTERSHARE INVESTOR SERVICES PTY. LIMITED,"YARRA FALLS, 452 JOHNSTON STREET, ABBOTSFORD, VIC, AUSTRALIA, 3067",1800 501 366,2026-08-07
SKG,STORAGE KING GROUP,Equity Real Estate Investment Trusts (REITs),2023-08-01,1425801714,2026-10-01,Boardroom,BOARDROOM PTY LIMITED,"LEVEL 8, 210 GEORGE STREET, SYDNEY, NSW, AUSTRALIA, 2000",(02) 9290 9600,2026-08-07
SKK,STAKK LIMITED,Telecommunication Services,2004-06-15,,2026-10-01,Automic,AUTOMIC REGISTRY SERVICES,"Level 5, 126 Phillip Street, SYDNEY, NSW, AUSTRALIA, 2000",02 9698 5414,2026-08-07
SKM,SKYLARK MINERALS LIMITED,Materials,2006-08-16,33345556,2026-10-01,Automic,AUTOMIC REGISTRY SERVICES,"LEVEL 5, 191 St Georges Terrace,, PERTH, WA, AUSTRALIA, 6000",(08) 9324 2099,2026-08-07
SKN,SKIN ELEMENTS LIMITED,Household & Personal Products,2017-01-06,10474002,2026-10-01,MUFG Corporate Markets,MUFG CORPORATE MARKETS (AU) LIMITED,"Level 12 QV1 Building, 250 St Georges Terrace, PERTH, WA, AUSTRALIA, 6000",1300 554 474,2026-08-07
SKO,SERKO LIMITED,Software & Services,2018-06-25,154520616,2026-10-01,MUFG Corporate Markets,MUFG CORPORATE MARKETS (AU) LIMITED,"LIBERTY PLACE, LEVEL 41, 161 CASTLEREAGH ST, SYDNEY, NSW, AUSTRALIA, 2000",1300 554 474,2026-08-07
SKS,SKS TECHNOLOGIES GROUP LIMITED,Capital Goods,1974-01-01,1224874325,2026-10-01,Computershare,COMPUTERSHARE INVESTOR SERVICES PTY LIMITED,"Yarra Falls, 452 Johnston Street, ABBOTSFORD, VIC, AUSTRALIA, 3067",03 9415 4000,2026-08-07
SKT,SKY NETWORK TELEVISION LIMITED.,Media & Entertainment,2005-07-04,384900502,2026-10-01,Computershare,COMPUTERSHARE INVESTOR SERVICES PTY. LIMITED,"YARRA FALLS, 452 JOHNSTON STREET, ABBOTSFORD, VIC, AUSTRALIA, 3067",1800 501 366,2026-08-07
SKY,SKY METALS LIMITED,Materials,2004-03-11,183581545,2026-10-01,Computershare,COMPUTERSHARE INVESTOR SERVICES PTY LIMITED,"Level 4, 44 Martin Place, SYDNEY, NSW, AUSTRALIA, 2000",02 8234 5000,2026-08-07
SLA,SOLARA MINERALS LTD,Materials,2021-11-17,9477572,2026-10-01,Automic,AUTOMIC REGISTRY SERVICES,"LEVEL 5, 191 St Georges Terrace,, PERTH, WA, AUSTRALIA, 6000",(08) 9324 2099,2026-08-07
SLB,STELAR METALS LIMITED,Materials,2022-03-18,21387384,2026-10-01,Automic,AUTOMIC REGISTRY SERVICES,"Suite 5, Level 12, 530 Collins Street, MELBOURNE, VIC, AUSTRALIA, 3000",1300 288 664,2026-08-07
SLC,SUPERLOOP LIMITED,Telecommunication Services,2015-06-04,1298299220,2026-10-01,MUFG Corporate Markets,MUFG CORPORATE MARKETS (AU) LIMITED,"Level 21, 10 Eagle Street, BRISBANE, QLD, AUSTRALIA, 4000",1300 554 474,2026-08-07
SLD,"SALUDA MEDICAL, INC.",Health Care Equipment & Services,2025-12-05,108370238,2026-10-01,Computershare,COMPUTERSHARE INVESTOR SERVICES PTY LIMITED,"Yarra Falls, 452 Johnston Street, ABBOTSFORD, VIC, AUSTRALIA, 3067",03 9415 4000,2026-08-07
SLM,SOLIS MINERALS LIMITED,Materials,2021-12-24,16590086,2026-10-01,Computershare,COMPUTERSHARE INVESTOR SERVICES PTY LIMITED,"Level 17, 221 St Georges Terrace, PERTH, WA, AUSTRALIA, 6000",1300 850 505,2026-08-26
SLS,SOLSTICE MINERALS LIMITED,Materials,2022-05-02,478269269,2026-10-01,Automic,AUTOMIC REGISTRY SERVICES,"LEVEL 5, 191 St Georges Terrace,, PERTH, WA, AUSTRALIA, 6000",(08) 9324 2099,2026-08-07
SLX,SILEX SYSTEMS LIMITED,Capital Goods,1998-05-07,1168066001,2026-10-01,Computershare,COMPUTERSHARE INVESTOR SERVICES PTY LIMITED,"Level 5, 115 Grenfell Street, ADELAIDE, SA, AUSTRALIA, 5000",08 8236 2300,2026-08-07
SLZ,SULTAN RESOURCES LTD,Materials,2018-08-16,5559039,2026-10-01,Automic,AUTOMIC REGISTRY SERVICES,"LEVEL 5, 191 St Georges Terrace,, PERTH, WA, AUSTRALIA, 6000",(08) 9324 2099,2026-08-07
SM1,SYNLAIT MILK LIMITED,"Food, Beverage & Tobacco",2016-11-25,202071363,2026-10-01,Computershare,COMPUTERSHARE INVESTOR SERVICES PTY LIMITED,"Level 4, 44 Martin Place, SYDNEY, NSW, AUSTRALIA, 2000",02 8234 5000,2026-08-07
SMI,SANTANA MINERALS LIMITED,Materials,2013-05-31,512595493,2026-10-01,MUFG Corporate Markets,MUFG CORPORATE MARKETS (AU) LIMITED,"LIBERTY PLACE, LEVEL 41, 161 CASTLEREAGH ST, SYDNEY, NSW, AUSTRALIA, 2000",1300 554 474,2026-08-07
SMM,SOMERSET MINERALS LIMITED,Materials,2018-08-15,16046251,2026-10-01,Automic,AUTOMIC REGISTRY SERVICES,"LEVEL 5, 191 St Georges Terrace,, PERTH, WA, AUSTRALIA, 6000",(08) 9324 2099,2026-08-07
SMN,STRUCTURAL MONITORING SYSTEMS PLC,Technology Hardware & Equipment,2004-08-16,56018440,2026-10-01,Computershare,COMPUTERSHARE INVESTOR SERVICES PTY LIMITED,"Level 17, 221 St Georges Terrace, PERTH, WA, AUSTRALIA, 6000",1300 850 505,2026-08-07
SMR,STANMORE RESOURCES LIMITED,Materials,2009-12-09,2379673914,2026-10-01,MUFG Corporate Markets,MUFG CORPORATE MARKETS (AU) LIMITED,"Level 21, 10 Eagle Street, BRISBANE, QLD, AUSTRALIA, 4000",1300 554 474,2026-08-07
SMS,STAR MINERALS LIMITED,Materials,2021-10-27,11212877,2026-10-01,Automic,AUTOMIC REGISTRY SERVICES,"LEVEL 5, 191 St Georges Terrace,, PERTH, WA, AUSTRALIA, 6000",(08) 9324 2099,2026-08-07
SMX,STRATA MINERALS LIMITED.,Materials,2021-05-07,5599344,2026-10-01,Automic,AUTOMIC REGISTRY SERVICES,"LEVEL 5, 191 St Georges Terrace,, PERTH, WA, AUSTRALIA, 6000",(08) 9324 2099,2026-08-07
SNC,SANDON CAPITAL INVESTMENTS LIMITED,Not Applic,2013-12-23,114962059,2026-10-01,MUFG Corporate Markets,MUFG CORPORATE MARKETS (AU) LIMITED,"LIBERTY PLACE, LEVEL 41, 161 CASTLEREAGH ST, SYDNEY, NSW, AUSTRALIA, 2000",1300 554 474,2026-08-07
SND,SAUNDERS INTERNATIONAL LIMITED,Capital Goods,2007-12-05,107725794,2026-10-01,MUFG Corporate Markets,MUFG CORPORATE MARKETS (AU) LIMITED,"LIBERTY PLACE, LEVEL 41, 161 CASTLEREAGH ST, SYDNEY, NSW, AUSTRALIA, 2000",1300 554 474,2026-08-07
SNG,SIREN GOLD LIMITED,Materials,2020-10-07,12341484,2026-10-01,Automic,AUTOMIC REGISTRY SERVICES,"LEVEL 5, 191 St Georges Terrace,, PERTH, WA, AUSTRALIA, 6000",(08) 9324 2099,2026-08-07
SNL,SUPPLY NETWORK LIMITED,Consumer Discretionary Distribution & Retail,1987-09-10,1528794398,2026-10-01,Computershare,COMPUTERSHARE INVESTOR SERVICES PTY LIMITED,"Level 4, 44 Martin Place, SYDNEY, NSW, AUSTRALIA, 2000",02 8234 5000,2026-08-07
SNM,SENTINEL METALS LIMITED,Materials,2025-10-30,64046485,2026-10-01,Automic,AUTOMIC REGISTRY SERVICES,"LEVEL 5, 191 St Georges Terrace,, PERTH, WA, AUSTRALIA, 6000",(08) 9324 2099,2026-08-07
SNS,SENSEN NETWORKS LIMITED,Software & Services,2007-05-31,24877495,2026-10-01,Automic,AUTOMIC REGISTRY SERVICES,"Suite 5, Level 12, 530 Collins Street, MELBOURNE, VIC, AUSTRALIA, 3000",1300 288 664,2026-08-26
SNT,SYNTARA LIMITED,"Pharmaceuticals, Biotechnology & Life Sciences",2003-11-10,41254905,2026-10-01,Boardroom,BOARDROOM PTY LIMITED,"LEVEL 8, 210 GEORGE STREET, SYDNEY, NSW, AUSTRALIA, 2000",(02) 9290 9600,2026-08-07
SNX,SIERRA NEVADA GOLD INC.,Materials,2022-05-03,68349419,2026-10-01,Computershare,COMPUTERSHARE INVESTOR SERVICES PTY LIMITED,"Yarra Falls, 452 Johnston Street, ABBOTSFORD, VIC, AUSTRALIA, 3067",03 9415 4000,2026-08-07
SNZ,SUMMERSET GROUP HOLDINGS LIMITED,Health Care Equipment & Services,2013-07-18,1449900020,2026-10-01,MUFG Corporate Markets,MUFG CORPORATE MARKETS (AU) LIMITED,"LIBERTY PLACE, LEVEL 41, 161 CASTLEREAGH ST, SYDNEY, NSW, AUSTRALIA, 2000",1300 554 474,2026-08-07
SOC,SOCO CORPORATION LTD,Software & Services,2022-12-23,5295493,2026-10-01,Automic,AUTOMIC REGISTRY SERVICES,"Level 5, 126 Phillip Street, SYDNEY, NSW, AUSTRALIA, 2000",02 9698 5414,2026-08-07
SOL,WASHINGTON H. SOUL PATTINSON AND COMPANY LIMITED,Financial Services,1903-01-21,17377526255,2026-10-01,Computershare,COMPUTERSHARE INVESTOR SERVICES PTY LIMITED,"Level 4, 44 Martin Place, SYDNEY, NSW, AUSTRALIA, 2000",02 8234 5000,2026-08-07
SOM,SOMNOMED LIMITED,Health Care Equipment & Services,2004-08-27,69227000,2026-10-01,Boardroom,BOARDROOM PTY LIMITED,"LEVEL 8, 210 GEORGE STREET, SYDNEY, NSW, AUSTRALIA, 2000",(02) 9290 9600,2026-08-07
SOP,SYNERTEC CORPORATION LIMITED,Commercial & Professional Services,2013-05-28,60174813,2026-10-01,Boardroom,BOARDROOM PTY LIMITED,"LEVEL 8, 210 GEORGE STREET, SYDNEY, NSW, AUSTRALIA, 2000",(02) 9290 9600,2026-08-07
SOR,STRATEGIC ELEMENTS LIMITED,Financial Services,2011-08-11,21824492,2026-10-01,Automic,AUTOMIC REGISTRY SERVICES,"LEVEL 5, 191 St Georges Terrace,, PERTH, WA, AUSTRALIA, 6000",(08) 9324 2099,2026-08-07
SP3,SPECTUR LIMITED,Technology Hardware & Equipment,2017-08-01,3743304,2026-09-01,Automic,AUTOMIC REGISTRY SERVICES,"LEVEL 5, 191 St Georges Terrace,, PERTH, WA, AUSTRALIA, 6000",(08) 9324 2099,2026-08-07
SP8,STREAMPLAY STUDIO LIMITED,Media & Entertainment,1971-06-09,9318780,2026-10-01,Automic,AUTOMIC REGISTRY SERVICES,"LEVEL 5, 191 St Georges Terrace,, PERTH, WA, AUSTRALIA, 6000",(08) 9324 2099,2026-08-07
SPA,SPACETALK LTD,Software & Services,2001-07-17,28593311,2026-10-01,Boardroom,BOARDROOM PTY LIMITED,"LEVEL 8, 210 GEORGE STREET, SYDNEY, NSW, AUSTRALIA, 2000",(02) 9290 9600,2026-08-07
SPD,SOUTHERN PALLADIUM LIMITED,Materials,2022-06-08,238853684,2026-10-01,Computershare,COMPUTERSHARE INVESTOR SERVICES PTY LIMITED,"Yarra Falls, 452 Johnston Street, ABBOTSFORD, VIC, AUSTRALIA, 3067",03 9415 4000,2026-08-07
SPG,SPC GLOBAL HOLDINGS LTD,"Food, Beverage & Tobacco",2012-06-29,91885070,2026-10-01,Automic,AUTOMIC REGISTRY SERVICES,"Level 5, 126 Phillip Street, SYDNEY, NSW, AUSTRALIA, 2000",02 9698 5414,2026-08-07
SPK,SPARK NEW ZEALAND LIMITED,Telecommunication Services,1991-08-22,2986958041,2026-10-01,MUFG Corporate Markets,MUFG CORPORATE MARKETS (AU) LIMITED,"LIBERTY PLACE, LEVEL 41, 161 CASTLEREAGH ST, SYDNEY, NSW, AUSTRALIA, 2000",1300 554 474,2026-08-07
SPL,STARPHARMA HOLDINGS LIMITED,"Pharmaceuticals, Biotechnology & Life Sciences",2000-09-28,379258684,2026-10-01,Computershare,COMPUTERSHARE INVESTOR SERVICES PTY LIMITED,"Yarra Falls, 452 Johnston Street, ABBOTSFORD, VIC, AUSTRALIA, 3067",03 9415 4000,2026-08-07
SPN,SPARC TECHNOLOGIES LIMITED,Materials,1986-07-03,20944617,2026-10-01,Xcend,XCEND PTY LTD,"Level 2,, 477 Pitt Street, HAYMARKET, NSW, AUSTRALIA, 2000",61 2 8591 8509,2026-08-07
SPQ,SUPERIOR RESOURCES LIMITED,Materials,2007-11-12,10562683,2026-10-01,MUFG Corporate Markets,MUFG CORPORATE MARKETS (AU) LIMITED,"Level 21, 10 Eagle Street, BRISBANE, QLD, AUSTRALIA, 4000",1300 554 474,2026-08-07
SPX,SPENDA LIMITED,Software & Services,2002-05-29,2477802,2026-10-01,Automic,AUTOMIC REGISTRY SERVICES,"Level 5, 126 Phillip Street, SYDNEY, NSW, AUSTRALIA, 2000",02 9698 5414,2026-08-07
SPZ,SMART PARKING LIMITED,Commercial & Professional Services,2007-01-09,298385828,2026-10-01,Computershare,COMPUTERSHARE INVESTOR SERVICES PTY LIMITED,"Yarra Falls, 452 Johnston Street, ABBOTSFORD, VIC, AUSTRALIA, 3067",03 9415 4000,2026-08-07
SQX,SQX RESOURCES LIMITED,Materials,2023-02-20,7095500,2026-10-01,MUFG Corporate Markets,MUFG CORPORATE MARKETS (AU) LIMITED,"Level 21, 10 Eagle Street, BRISBANE, QLD, AUSTRALIA, 4000",1300 554 474,2026-08-07
SRG,SRG GLOBAL LIMITED,Capital Goods,2007-08-17,2520801544,2026-10-01,Computershare,COMPUTERSHARE INVESTOR SERVICES PTY LIMITED,"Level 17, 221 St Georges Terrace, PERTH, WA, AUSTRALIA, 6000",1300 850 505,2026-08-07
SRH,SAFEROADS HOLDINGS LIMITED,Transportation,2005-12-15,4551378,2026-10-01,Automic,AUTOMIC REGISTRY SERVICES,"Level 5, 126 Phillip Street, SYDNEY, NSW, AUSTRALIA, 2000",02 9698 5414,2026-08-07
SRJ,SRJ TECHNOLOGIES GROUP PLC,Energy,2020-09-18,8705005,2026-10-01,Computershare,COMPUTERSHARE INVESTOR SERVICES PTY LIMITED,"Level 17, 221 St Georges Terrace, PERTH, WA, AUSTRALIA, 6000",1300 850 505,2026-08-07
SRK,STRIKE RESOURCES LIMITED,Materials,2000-03-07,5958750,2026-09-01,Automic,AUTOMIC REGISTRY SERVICES,"Level 5, 126 Phillip Street, SYDNEY, NSW, AUSTRALIA, 2000",02 9698 5414,2026-08-07
SRL,SUNRISE ENERGY METALS LIMITED,Materials,2007-11-09,3657857541,2026-10-01,Computershare,COMPUTERSHARE INVESTOR SERVICES PTY LIMITED,"Yarra Falls, 452 Johnston Street, ABBOTSFORD, VIC, AUSTRALIA, 3067",03 9415 4000,2026-08-07
SRN,SUREFIRE RESOURCES NL,Materials,1999-06-11,3623584,2026-10-01,Automic,AUTOMIC REGISTRY SERVICES,"Level 5, 126 Phillip Street, SYDNEY, NSW, AUSTRALIA, 2000",02 9698 5414,2026-08-07
SRR,SARAMA RESOURCES LTD,Materials,2022-05-02,14604166,2026-10-01,Computershare,COMPUTERSHARE INVESTOR SERVICES PTY LIMITED,"Level 17, 221 St Georges Terrace, PERTH, WA, AUSTRALIA, 6000",1300 850 505,2026-08-07
SRV,SERVCORP LIMITED,Real Estate Management & Development,1999-12-06,566314289,2026-10-01,Boardroom,BOARDROOM PTY LIMITED,"LEVEL 8, 210 GEORGE STREET, SYDNEY, NSW, AUSTRALIA, 2000",(02) 9290 9600,2026-08-07
SRZ,STELLAR RESOURCES LIMITED,Materials,2005-04-28,134309318,2026-10-01,Boardroom,BOARDROOM PTY LIMITED,"LEVEL 8, 210 GEORGE STREET, SYDNEY, NSW, AUSTRALIA, 2000",(02) 9290 9600,2026-08-07
SS1,SUN SILVER LIMITED,Materials,2024-05-15,178091445,2026-10-01,Automic,AUTOMIC REGISTRY SERVICES,"Level 5, 126 Phillip Street, SYDNEY, NSW, AUSTRALIA, 2000",02 9698 5414,2026-08-07
SSG,SHAVER SHOP GROUP LIMITED,Consumer Discretionary Distribution & Retail,2016-07-01,173591555,2026-10-01,MUFG Corporate Markets,MUFG CORPORATE MARKETS (AU) LIMITED,"LIBERTY PLACE, LEVEL 41, 161 CASTLEREAGH ST, SYDNEY, NSW, AUSTRALIA, 2000",1300 554 474,2026-08-07
SSH,SSH GROUP LTD,Energy,2021-09-17,14880824,2026-10-01,Automic,AUTOMIC REGISTRY SERVICES,"LEVEL 5, 191 St Georges Terrace,, PERTH, WA, AUSTRALIA, 6000",(08) 9324 2099,2026-08-07
SSL,SIETEL LIMITED,Real Estate Management & Development,1974-01-01,,2026-10-01,Boardroom,BOARDROOM PTY LIMITED,"LEVEL 8, 210 GEORGE STREET, SYDNEY, NSW, AUSTRALIA, 2000",(02) 9290 9600,2026-08-07
SSM,SERVICE STREAM LIMITED,Capital Goods,2004-12-09,1465620822,2026-10-01,Computershare,COMPUTERSHARE INVESTOR SERVICES PTY LIMITED,"Yarra Falls, 452 Johnston Street, ABBOTSFORD, VIC, AUSTRALIA, 3067",03 9415 4000,2026-08-07
SST,STEAMSHIPS TRADING COMPANY LIMITED,Capital Goods,1962-06-30,,2026-10-01,Computershare,COMPUTERSHARE INVESTOR SERVICES PTY LIMITED,"Level 4, 44 Martin Place, SYDNEY, NSW, AUSTRALIA, 2000",02 8234 5000,2026-08-07
STH,STEPCHANGE HOLDINGS LIMITED,Software & Services,2025-07-10,21368665,2026-10-01,Automic,AUTOMIC REGISTRY SERVICES,"LEVEL 5, 191 St Georges Terrace,, PERTH, WA, AUSTRALIA, 6000",(08) 9324 2099,2026-08-07
STK,STRICKLAND METALS LIMITED,Materials,2006-04-06,158503126,2026-10-01,Xcend,XCEND PTY LTD,"Level 2,, 477 Pitt Street, HAYMARKET, NSW, AUSTRALIA, 2000",61 2 8591 8509,2026-08-07
STM,SUNSTONE METALS LTD,Materials,2007-03-22,49704998,2026-10-01,Computershare,COMPUTERSHARE INVESTOR SERVICES PTY LIMITED,"Level 1, 200 Mary Street, BRISBANE, QLD, AUSTRALIA, 4000",1300 552 270,2026-08-07
STN,SATURN METALS LIMITED,Materials,2018-03-09,376092448,2026-10-01,Automic,AUTOMIC REGISTRY SERVICES,"LEVEL 5, 191 St Georges Terrace,, PERTH, WA, AUSTRALIA, 6000",(08) 9324 2099,2026-08-07
STO,SANTOS LIMITED,Energy,1954-10-01,27248815143,2026-10-01,Computershare,COMPUTERSHARE INVESTOR SERVICES PTY LIMITED,"Level 4, 44 Martin Place, SYDNEY, NSW, AUSTRALIA, 2000",02 8234 5000,2026-08-07
STP,STEP ONE CLOTHING LIMITED,Consumer Discretionary Distribution & Retail,2021-11-01,25020939,2026-10-01,MUFG Corporate Markets,MUFG CORPORATE MARKETS (AU) LIMITED,"LIBERTY PLACE, LEVEL 41, 161 CASTLEREAGH ST, SYDNEY, NSW, AUSTRALIA, 2000",1300 554 474,2026-08-07
STV,SWIFT TV LTD,Media & Entertainment,1994-06-30,8702012,2026-10-01,Automic,AUTOMIC REGISTRY SERVICES,"LEVEL 5, 191 St Georges Terrace,, PERTH, WA, AUSTRALIA, 6000",(08) 9324 2099,2026-08-07
STX,STRIKE ENERGY LIMITED,Energy,2004-08-05,396686975,2026-10-01,Boardroom,BOARDROOM PTY LIMITED,"LEVEL 8, 210 GEORGE STREET, SYDNEY, NSW, AUSTRALIA, 2000",(02) 9290 9600,2026-08-07
SUH,SOUTHERN HEMISPHERE MINING LIMITED,Materials,2010-01-05,24295921,2026-09-01,Automic,AUTOMIC REGISTRY SERVICES,"LEVEL 5, 191 St Georges Terrace,, PERTH, WA, AUSTRALIA, 6000",(08) 9324 2099,2026-08-07
SUL,SUPER RETAIL GROUP LIMITED,Consumer Discretionary Distribution & Retail,2004-07-06,2867996550,2026-10-01,MUFG Corporate Markets,MUFG CORPORATE MARKETS (AU) LIMITED,"Level 21, 10 Eagle Street, BRISBANE, QLD, AUSTRALIA, 4000",1300 554 474,2026-08-07
SUN,SUNCORP GROUP LIMITED,Insurance,1988-07-07,19610951011,2026-10-01,MUFG Corporate Markets,MUFG CORPORATE MARKETS (AU) LIMITED,"Level 21, 10 Eagle Street, BRISBANE, QLD, AUSTRALIA, 4000",1300 554 474,2026-08-07
SVG,SAVANNAH GOLDFIELDS LIMITED,Materials,1987-04-02,,2026-10-01,MUFG Corporate Markets,MUFG CORPORATE MARKETS (AU) LIMITED,"Level 21, 10 Eagle Street, BRISBANE, QLD, AUSTRALIA, 4000",1300 554 474,2026-08-07
SVL,SILVER MINES LIMITED,Materials,2007-01-19,344557842,2026-10-01,Xcend,XCEND PTY LTD,"Level 2,, 477 Pitt Street, HAYMARKET, NSW, AUSTRALIA, 2000",61 2 8591 8509,2026-08-07
SVM,SOVEREIGN METALS LIMITED,Materials,2007-01-22,324700795,2026-10-01,Computershare,COMPUTERSHARE INVESTOR SERVICES PTY LIMITED,"Level 17, 221 St Georges Terrace, PERTH, WA, AUSTRALIA, 6000",1300 850 505,2026-08-07
SVR,SOLVAR LIMITED,Financial Services,2006-10-19,269371519,2026-10-01,Computershare,COMPUTERSHARE INVESTOR SERVICES PTY LIMITED,"Yarra Falls, 452 Johnston Street, ABBOTSFORD, VIC, AUSTRALIA, 3067",03 9415 4000,2026-08-07
SVY,STAVELY MINERALS LIMITED,Materials,2014-05-07,14456575,2026-10-01,Computershare,COMPUTERSHARE INVESTOR SERVICES PTY LIMITED,"Level 17, 221 St Georges Terrace, PERTH, WA, AUSTRALIA, 6000",1300 850 505,2026-08-07
SWP,SWOOP HOLDINGS LIMITED,Telecommunication Services,1988-10-06,24262775,2026-10-01,Automic,AUTOMIC REGISTRY SERVICES,"Level 5, 126 Phillip Street, SYDNEY, NSW, AUSTRALIA, 2000",02 9698 5414,2026-08-07
SX2,SOUTHERN CROSS GOLD CONSOLIDATED LTD.,Materials,2025-01-16,3173860006,2026-10-01,Computershare,COMPUTERSHARE INVESTOR SERVICES PTY LIMITED,"Yarra Falls, 452 Johnston Street, ABBOTSFORD, VIC, AUSTRALIA, 3067",03 9415 4000,2026-08-07
SXE,SOUTHERN CROSS ELECTRICAL ENGINEERING LTD,Capital Goods,2007-11-28,1514683612,2026-10-01,Computershare,COMPUTERSHARE INVESTOR SERVICES PTY LIMITED,"Level 17, 221 St Georges Terrace, PERTH, WA, AUSTRALIA, 6000",1300 850 505,2026-08-07
SXL,SOUTHERN CROSS MEDIA GROUP LIMITED,Media & Entertainment,2005-11-17,263328526,2026-10-01,Computershare,COMPUTERSHARE INVESTOR SERVICES PTY LIMITED,"Level 4, 44 Martin Place, SYDNEY, NSW, AUSTRALIA, 2000",02 8234 5000,2026-08-07
SYL,SYMAL GROUP LIMITED,Capital Goods,2024-11-21,648081039,2026-10-01,Computershare,COMPUTERSHARE INVESTOR SERVICES PTY LIMITED,"Yarra Falls, 452 Johnston Street, ABBOTSFORD, VIC, AUSTRALIA, 3067",03 9415 4000,2026-08-07
SYR,SYRAH RESOURCES LIMITED,Materials,2007-09-11,162534925,2026-10-01,Computershare,COMPUTERSHARE INVESTOR SERVICES PTY LIMITED,"Yarra Falls, 452 Johnston Street, ABBOTSFORD, VIC, AUSTRALIA, 3067",03 9415 4000,2026-08-07
T3D,333D LIMITED,Commercial & Professional Services,2006-12-27,7398842,2026-10-01,Automic,AUTOMIC REGISTRY SERVICES,"Level 5, 126 Phillip Street, SYDNEY, NSW, AUSTRALIA, 2000",02 9698 5414,2026-08-07
T88,TAITON RESOURCES LIMITED,Materials,2022-12-19,5325497,2026-10-01,Automic,AUTOMIC REGISTRY SERVICES,"Level 5, 126 Phillip Street, SYDNEY, NSW, AUSTRALIA, 2000",02 9698 5414,2026-08-07
T92,TERRA CRITICAL MINERALS LIMITED,Energy,2022-09-08,,2026-10-01,Automic,AUTOMIC REGISTRY SERVICES,"Level 5, 126 Phillip Street, SYDNEY, NSW, AUSTRALIA, 2000",02 9698 5414,2026-08-07
TAH,TABCORP HOLDINGS LIMITED,Consumer Services,1994-08-15,2019080415,2026-10-01,MUFG Corporate Markets,MUFG CORPORATE MARKETS (AU) LIMITED.,"Tower 4., 727 Collins Street, DOCKLANDS, VIC, AUSTRALIA, 3008",1300 665 661,2026-08-07
TAL,TALIUS GROUP LIMITED,Software & Services,2006-06-02,15492254,2026-10-01,Automic,AUTOMIC REGISTRY SERVICES,"LEVEL 5, 191 St Georges Terrace,, PERTH, WA, AUSTRALIA, 6000",(08) 9324 2099,2026-08-07
TAM,TANAMI GOLD NL,Materials,1986-12-11,166863781,2026-10-01,Automic,AUTOMIC REGISTRY SERVICES,"LEVEL 5, 191 St Georges Terrace,, PERTH, WA, AUSTRALIA, 6000",(08) 9324 2099,2026-08-07
TAR,TARUGA MINERALS LIMITED,Materials,2012-02-07,20058979,2026-10-01,Automic,AUTOMIC REGISTRY SERVICES,"LEVEL 5, 191 St Georges Terrace,, PERTH, WA, AUSTRALIA, 6000",(08) 9324 2099,2026-08-07
TAS,TASMAN RESOURCES LTD,Materials,2001-12-18,14403765,2026-10-01,Automic,AUTOMIC REGISTRY SERVICES,"Level 5, 126 Phillip Street, SYDNEY, NSW, AUSTRALIA, 2000",02 9698 5414,2026-08-07
TAT,TARTANA MINERALS LIMITED,Materials,2004-12-17,6953709,2026-10-01,Computershare,COMPUTERSHARE INVESTOR SERVICES PTY LIMITED,"Yarra Falls, 452 Johnston Street, ABBOTSFORD, VIC, AUSTRALIA, 3067",03 9415 4000,2026-08-07
TBN,TAMBORAN RESOURCES CORPORATION,Energy,2021-07-02,1608160276,2026-10-01,Boardroom,BOARDROOM PTY LIMITED,"LEVEL 8, 210 GEORGE STREET, SYDNEY, NSW, AUSTRALIA, 2000",(02) 9290 9600,2026-08-07
TBR,TRIBUNE RESOURCES LIMITED,Materials,1989-05-04,257093577,2026-10-01,Xcend,XCEND PTY LTD,"Level 2,, 477 Pitt Street, HAYMARKET, NSW, AUSTRALIA, 2000",61 2 8591 8509,2026-08-07
TCF,360 CAPITAL MORTGAGE REIT,Not Applic,2006-10-17,40589593,2026-10-01,Boardroom,BOARDROOM PTY LIMITED,"LEVEL 8, 210 GEORGE STREET, SYDNEY, NSW, AUSTRALIA, 2000",(02) 9290 9600,2026-08-07
TCG,TURACO GOLD LIMITED,Materials,2008-07-22,908110451,2026-10-10,,,,,2026-10-10
TCL,TRANSURBAN GROUP,Transportation,1996-03-14,40598382548,2026-10-01,Computershare,COMPUTERSHARE INVESTOR SERVICES PTY LIMITED,"Yarra Falls, 452 Johnston Street, ABBOTSFORD, VIC, AUSTRALIA, 3067",03 9415 4000,2026-08-07
TCO,TRANSMETRO CORPORATION LIMITED,Consumer Services,1987-09-17,36133501,2026-10-01,Computershare,COMPUTERSHARE INVESTOR SERVICES PTY LIMITED,"Level 4, 44 Martin Place, SYDNEY, NSW, AUSTRALIA, 2000",02 8234 5000,2026-08-07
TD1,TALI DIGITAL LIMITED,Health Care Equipment & Services,2004-09-23,10508743,2026-10-01,Automic,AUTOMIC REGISTRY SERVICES,"Level 5, 126 Phillip Street, SYDNEY, NSW, AUSTRALIA, 2000",02 9698 5414,2026-08-07
TDO,3D ENERGI LIMITED,Energy,2007-05-22,,2026-08-07,Computershare,COMPUTERSHARE INVESTOR SERVICES PTY LIMITED,"Yarra Falls, 452 Johnston Street, ABBOTSFORD, VIC, AUSTRALIA, 3067",03 9415 4000,2026-08-07
TEA,TASMEA LIMITED,Capital Goods,2024-04-29,3032497605,2026-10-01,MUFG Corporate Markets,MUFG CORPORATE MARKETS (AU) LIMITED,"LIBERTY PLACE, LEVEL 41, 161 CASTLEREAGH ST, SYDNEY, NSW, AUSTRALIA, 2000",1300 554 474,2026-08-07
TEE,TOP END ENERGY LIMITED,Energy,2022-04-04,,2026-08-07,Automic,AUTOMIC REGISTRY SERVICES,"LEVEL 5, 191 St Georges Terrace,, PERTH, WA, AUSTRALIA, 6000",(08) 9324 2099,2026-08-26
TEK,THORNEY TECHNOLOGIES LTD,Not Applic,2005-05-10,37003333,2026-10-01,Computershare,COMPUTERSHARE INVESTOR SERVICES PTY LIMITED,"Yarra Falls, 452 Johnston Street, ABBOTSFORD, VIC, AUSTRALIA, 3067",03 9415 4000,2026-08-07
TEM,TEMPEST MINERALS LIMITED,Materials,2017-03-28,4407505,2026-08-07,Automic,AUTOMIC REGISTRY SERVICES,"LEVEL 5, 191 St Georges Terrace,, PERTH, WA, AUSTRALIA, 6000",(08) 9324 2099,2026-08-07
TER,TERRACOM LIMITED,Energy,2010-07-22,,2026-10-01,MUFG Corporate Markets,MUFG CORPORATE MARKETS (AU) LIMITED,"LIBERTY PLACE, LEVEL 41, 161 CASTLEREAGH ST, SYDNEY, NSW, AUSTRALIA, 2000",1300 554 474,2026-08-07
TET,TETRAGON ENERGY LIMITED,Energy,2026-07-09,16475669,2026-10-01,Automic,AUTOMIC REGISTRY SERVICES,"LEVEL 5, 191 St Georges Terrace,, PERTH, WA, AUSTRALIA, 6000",(08) 9324 2099,2026-08-07
TFL,TASFOODS LIMITED,"Food, Beverage & Tobacco",1999-12-16,,2026-08-07,MUFG Corporate Markets,MUFG CORPORATE MARKETS (AU) LIMITED,"Tower 4, 727 Collins Street, DOCKLANDS, VIC, AUSTRALIA, 3008",1300 554 474,2026-08-07
TG1,TECHGEN METALS LTD,Materials,2021-04-07,5997186,2026-10-01,Computershare,COMPUTERSHARE INVESTOR SERVICES PTY LIMITED,"Level 17, 221 St Georges Terrace, PERTH, WA, AUSTRALIA, 6000",1300 850 505,2026-08-07
TG6,TG METALS LIMITED,Materials,2022-05-26,27911839,2026-10-01,Automic,AUTOMIC REGISTRY SERVICES,"LEVEL 5, 191 St Georges Terrace,, PERTH, WA, AUSTRALIA, 6000",(08) 9324 2099,2026-08-07
TGF,TRIBECA GLOBAL NATURAL RESOURCES LIMITED,Not Applic,2018-10-12,190867009,2026-10-01,Boardroom,BOARDROOM PTY LIMITED,"LEVEL 8, 210 GEORGE STREET, SYDNEY, NSW, AUSTRALIA, 2000",(02) 9290 9600,2026-08-07
TGH,TERRAGEN HOLDINGS LIMITED,Materials,2019-12-11,18110378,2026-10-01,MUFG Corporate Markets,MUFG CORPORATE MARKETS (AU) LIMITED,"LIBERTY PLACE, LEVEL 41, 161 CASTLEREAGH ST, SYDNEY, NSW, AUSTRALIA, 2000",1300 554 474,2026-08-07
TGM,THETA GOLD MINES LIMITED,Materials,2011-04-07,254579445,2026-10-01,Boardroom,BOARDROOM PTY LIMITED,"LEVEL 8, 210 GEORGE STREET, SYDNEY, NSW, AUSTRALIA, 2000",(02) 9290 9600,2026-08-07
TGN,TUNGSTEN MINING NL,Materials,2012-12-17,395910503,2026-10-01,Automic,AUTOMIC REGISTRY SERVICES,"LEVEL 5, 191 St Georges Terrace,, PERTH, WA, AUSTRALIA, 6000",(08) 9324 2099,2026-08-07
THL,TOURISM HOLDINGS RENTALS LIMITED,Transportation,2022-12-02,498364954,2026-10-01,MUFG Corporate Markets,MUFG CORPORATE MARKETS (AU) LIMITED,"LIBERTY PLACE, LEVEL 41, 161 CASTLEREAGH ST, SYDNEY, NSW, AUSTRALIA, 2000",1300 554 474,2026-08-07
THR,THOR ENERGY PLC,Materials,2006-09-27,10300726,2026-10-01,Computershare,COMPUTERSHARE INVESTOR SERVICES PTY LIMITED,"Level 5, 115 Grenfell Street, ADELAIDE, SA, AUSTRALIA, 5000",08 8236 2300,2026-08-07
TIA,TIAN AN AUSTRALIA LIMITED,Real Estate Management & Development,1985-12-11,14723501,2026-08-07,Computershare,COMPUTERSHARE INVESTOR SERVICES PTY LIMITED,"Level 4, 44 Martin Place, SYDNEY, NSW, AUSTRALIA, 2000",02 8234 5000,2026-08-07
TIO,TEMAS RESOURCES CORP.,Materials,2025-10-27,9130576,2026-10-01,MUFG Corporate Markets,MUFG CORPORATE MARKETS (AU) LIMITED,"Level 12 QV1 Building, 250 St Georges Terrace, PERTH, WA, AUSTRALIA, 6000",1300 554 474,2026-08-07
TIP,TEAMINVEST PRIVATE GROUP LIMITED,Financial Services,2019-05-24,36949548,2026-10-01,Computershare,COMPUTERSHARE INVESTOR SERVICES PTY LIMITED,"Yarra Falls, 452 Johnston Street, ABBOTSFORD, VIC, AUSTRALIA, 3067",03 9415 4000,2026-08-07
TKM,TREK METALS LIMITED,Materials,2007-07-05,36558690,2026-10-01,Automic,AUTOMIC REGISTRY SERVICES,"Level 5, 126 Phillip Street, SYDNEY, NSW, AUSTRALIA, 2000",02 9698 5414,2026-08-07
TLC,THE LOTTERY CORPORATION LIMITED,Consumer Services,2022-05-24,10839508194,2026-10-01,MUFG Corporate Markets,MUFG CORPORATE MARKETS (AU) LIMITED,"LIBERTY PLACE, LEVEL 41, 161 CASTLEREAGH ST, SYDNEY, NSW, AUSTRALIA, 2000",1300 554 474,2026-08-07
TLG,TALGA GROUP LTD,Materials,2010-07-09,132840967,2026-10-01,Automic,AUTOMIC REGISTRY SERVICES,"LEVEL 5, 191 St Georges Terrace,, PERTH, WA, AUSTRALIA, 6000",(08) 9324 2099,2026-08-07
TLM,TALISMAN MINING LIMITED,Materials,2005-11-25,16001784,2026-10-01,MUFG Corporate Markets,MUFG CORPORATE MARKETS (AU) LIMITED,"LEVEL 4 CENTRAL PARK, 152 ST GEORGES TERRACE, PERTH, WA, AUSTRALIA, 6000",1300 554 474,2026-08-07
TLS,TELSTRA GROUP LIMITED,Telecommunication Services,1997-11-17,53579245348,2026-10-01,MUFG Corporate Markets,MUFG CORPORATE MARKETS (AU) LIMITED,"TELSTRA CORPORATION LIMITED, Tower 4, 727 Collins Street, DOCKLANDS, VIC, AUSTRALIA, 3008",1300 886 677,2026-08-07
TLX,TELIX PHARMACEUTICALS LIMITED,"Pharmaceuticals, Biotechnology & Life Sciences",2017-11-15,5305745637,2026-10-01,MUFG Corporate Markets,MUFG CORPORATE MARKETS (AU) LIMITED,"LIBERTY PLACE, LEVEL 41, 161 CASTLEREAGH ST, SYDNEY, NSW, AUSTRALIA, 2000",1300 554 474,2026-08-07
TM1,TERRA METALS LIMITED,Energy,2012-12-20,159787375,2026-10-01,Computershare,COMPUTERSHARE INVESTOR SERVICES PTY LIMITED,"Level 17, 221 St Georges Terrace, PERTH, WA, AUSTRALIA, 6000",1300 850 505,2026-08-07
TMB,TAMBOURAH METALS LTD,Materials,2021-08-12,8811320,2026-10-01,Automic,AUTOMIC REGISTRY SERVICES,"LEVEL 5, 191 St Georges Terrace,, PERTH, WA, AUSTRALIA, 6000",(08) 9324 2099,2026-08-07
TMK,TMK ENERGY LIMITED,Energy,2008-07-10,31018848,2026-10-01,Automic,AUTOMIC REGISTRY SERVICES,"LEVEL 5, 191 St Georges Terrace,, PERTH, WA, AUSTRALIA, 6000",(08) 9324 2099,2026-08-07
TML,TIMAH RESOURCES LIMITED,Utilities,2015-09-16,4171709,2026-08-07,Boardroom,BOARDROOM PTY LIMITED,"LEVEL 8, 210 GEORGE STREET, SYDNEY, NSW, AUSTRALIA, 2000",(02) 9290 9600,2026-08-07
TMS,TENNANT MINERALS LIMITED,Materials,2004-08-17,11973277,2026-10-01,Automic,AUTOMIC REGISTRY SERVICES,"Level 5, 126 Phillip Street, SYDNEY, NSW, AUSTRALIA, 2000",02 9698 5414,2026-08-07
TMX,TERRAIN MINERALS LIMITED,Materials,2006-03-23,11820685,2026-10-01,Computershare,COMPUTERSHARE INVESTOR SERVICES PTY LIMITED,"Level 17, 221 St Georges Terrace, PERTH, WA, AUSTRALIA, 6000",1300 850 505,2026-08-07
TNC,TRUE NORTH COPPER LIMITED,Materials,2020-11-10,62865022,2026-10-01,Automic,AUTOMIC REGISTRY SERVICES,"Level 5, 126 Phillip Street, SYDNEY, NSW, AUSTRALIA, 2000",02 9698 5414,2026-08-07
TNE,TECHNOLOGY ONE LIMITED,Software & Services,1999-12-08,9565708768,2026-10-01,MUFG Corporate Markets,MUFG CORPORATE MARKETS (AU) LIMITED,"Level 21, 10 Eagle Street, BRISBANE, QLD, AUSTRALIA, 4000",1300 554 474,2026-08-07
TNY,TINYBEANS GROUP LTD,Media & Entertainment,2017-04-21,9167011,2026-10-01,Automic,AUTOMIC REGISTRY SERVICES,"Level 5, 126 Phillip Street, SYDNEY, NSW, AUSTRALIA, 2000",02 9698 5414,2026-08-07
TOK,TOLU MINERALS LIMITED.,Materials,2023-11-10,365281710,2026-10-01,MUFG Corporate Markets,MUFG CORPORATE MARKETS (AU) LIMITED,"LIBERTY PLACE, LEVEL 41, 161 CASTLEREAGH ST, SYDNEY, NSW, AUSTRALIA, 2000",1300 554 474,2026-08-07
TON,TRITON MINERALS LTD,Materials,2009-08-14,9410332,2026-10-01,Computershare,COMPUTERSHARE INVESTOR SERVICES PTY LIMITED,"Level 17, 221 St Georges Terrace, PERTH, WA, AUSTRALIA, 6000",1300 850 505,2026-08-07
TOP,THORNEY OPPORTUNITIES LTD,Not Applic,2000-03-22,93139638,2026-10-01,Computershare,COMPUTERSHARE INVESTOR SERVICES PTY LIMITED,"Yarra Falls, 452 Johnston Street, ABBOTSFORD, VIC, AUSTRALIA, 3067",03 9415 4000,2026-08-07
TOR,TORQUE METALS LIMITED..,Materials,2021-06-25,121861057,2026-10-01,Automic,AUTOMIC REGISTRY SERVICES,"Level 5, 126 Phillip Street, SYDNEY, NSW, AUSTRALIA, 2000",02 9698 5414,2026-08-07
TOT,360 CAPITAL REIT,Equity Real Estate Investment Trusts (REITs),2015-04-22,87224355,2026-09-01,Boardroom,BOARDROOM PTY LIMITED,"LEVEL 8, 210 GEORGE STREET, SYDNEY, NSW, AUSTRALIA, 2000",(02) 9290 9600,2026-08-07
TOU,TLOU ENERGY LIMITED,Energy,2013-04-09,3895753,2026-10-01,MUFG Corporate Markets,MUFG CORPORATE MARKETS (AU) LIMITED,"Level 21, 10 Eagle Street, BRISBANE, QLD, AUSTRALIA, 4000",1300 554 474,2026-08-07
TPC,TPC CONSOLIDATED LIMITED,Utilities,2007-07-16,54012857,2026-10-01,Computershare,COMPUTERSHARE INVESTOR SERVICES PTY LIMITED,"Level 4, 44 Martin Place, SYDNEY, NSW, AUSTRALIA, 2000",02 8234 5000,2026-08-07
TPG,TPG TELECOM LIMITED.,Telecommunication Services,2020-06-30,7479142014,2026-10-01,Computershare,COMPUTERSHARE INVESTOR SERVICES PTY LIMITED,"Level 4, 44 Martin Place, SYDNEY, NSW, AUSTRALIA, 2000",02 8234 5000,2026-08-07
TPW,TEMPLE & WEBSTER GROUP LTD,Consumer Discretionary Distribution & Retail,2015-12-10,509309214,2026-10-01,MUFG Corporate Markets,MUFG CORPORATE MARKETS (AU) LIMITED,"LIBERTY PLACE, LEVEL 41, 161 CASTLEREAGH ST, SYDNEY, NSW, AUSTRALIA, 2000",1300 554 474,2026-08-07
TR2,TALI RESOURCES LTD,Materials,2025-07-18,42510856,2026-10-01,Automic,AUTOMIC REGISTRY SERVICES,"LEVEL 5, 191 St Georges Terrace,, PERTH, WA, AUSTRALIA, 6000",(08) 9324 2099,2026-08-07
TR8,TARRINA RESOURCES LIMITED,Materials,2022-01-07,6292489,2026-09-01,Automic,AUTOMIC REGISTRY SERVICES,"LEVEL 5, 191 St Georges Terrace,, PERTH, WA, AUSTRALIA, 6000",(08) 9324 2099,2026-08-07
TRA,TURNERS AUTOMOTIVE GROUP LIMITED,Consumer Discretionary Distribution & Retail,2017-07-28,641737607,2026-10-01,Computershare,COMPUTERSHARE INVESTOR SERVICES LIMITED,"LEVEL 2, 159 HURSTMERE ROAD, TAKAPUNA   AUCKLAND, NEW ZEALAND, 1039",(64) 9 488 8700,2026-08-07
TRE,TOUBANI RESOURCES LIMITED,Materials,2022-11-28,332881286,2026-10-01,Automic,AUTOMIC REGISTRY SERVICES,"Level 5, 126 Phillip Street, SYDNEY, NSW, AUSTRALIA, 2000",02 9698 5414,2026-08-07
TRI,TRIVARX LTD,Health Care Equipment & Services,2001-01-29,11536935,2026-10-01,Automic,AUTOMIC REGISTRY SERVICES,"Level 5, 126 Phillip Street, SYDNEY, NSW, AUSTRALIA, 2000",02 9698 5414,2026-08-07
TRJ,TRAJAN GROUP HOLDINGS LIMITED,"Pharmaceuticals, Biotechnology & Life Sciences",2021-06-07,38215909,2026-10-01,Computershare,COMPUTERSHARE INVESTOR SERVICES PTY LIMITED,"Yarra Falls, 452 Johnston Street, ABBOTSFORD, VIC, AUSTRALIA, 3067",03 9415 4000,2026-08-07
TRM,TRUSCOTT MINING CORPORATION LIMITED,Materials,2007-04-18,,2026-08-07,Automic,AUTOMIC REGISTRY SERVICES,"LEVEL 5, 191 St Georges Terrace,, PERTH, WA, AUSTRALIA, 6000",(08) 9324 2099,2026-08-07
TRP,TISSUE REPAIR LTD,"Pharmaceuticals, Biotechnology & Life Sciences",2021-11-18,5139512,2026-10-01,Automic,AUTOMIC REGISTRY SERVICES,"Level 5, 126 Phillip Street, SYDNEY, NSW, AUSTRALIA, 2000",02 9698 5414,2026-08-07
TRU,TRUSCREEN GROUP LIMITED,Health Care Equipment & Services,2021-01-06,10477189,2026-10-01,MUFG Corporate Markets,MUFG CORPORATE MARKETS (AU) LIMITED,"LIBERTY PLACE, LEVEL 41, 161 CASTLEREAGH ST, SYDNEY, NSW, AUSTRALIA, 2000",1300 554 474,2026-08-07
TSK,TUSKER MINERALS LTD,Materials,2023-06-29,7152603,2026-10-01,Computershare,COMPUTERSHARE INVESTOR SERVICES PTY LIMITED,"Level 17, 221 St Georges Terrace, PERTH, WA, AUSTRALIA, 6000",1300 850 505,2026-08-07
TSL,TITANIUM SANDS LIMITED,Materials,1988-12-22,14068483,2026-10-01,Computershare,COMPUTERSHARE INVESTOR SERVICES PTY LIMITED,"Level 17, 221 St Georges Terrace, PERTH, WA, AUSTRALIA, 6000",1300 850 505,2026-08-07
TSO,TESORO GOLD LTD,Materials,2004-01-28,155471784,2026-10-01,Automic,AUTOMIC REGISTRY SERVICES,"LEVEL 5, 191 St Georges Terrace,, PERTH, WA, AUSTRALIA, 6000",(08) 9324 2099,2026-08-07
TSR,TURNSTONE RESOURCES LTD,Materials,2017-01-20,5076158,2026-10-01,Automic,AUTOMIC REGISTRY SERVICES,"LEVEL 5, 191 St Georges Terrace,, PERTH, WA, AUSTRALIA, 6000",(08) 9324 2099,2026-08-07
TTM,TITAN MINERALS LIMITED,Materials,2006-11-15,164169431,2026-10-01,Xcend,XCEND PTY LTD,"Level 2,, 477 Pitt Street, HAYMARKET, NSW, AUSTRALIA, 2000",61 2 8591 8509,2026-08-07
TTT,TITOMIC LIMITED,Materials,2017-09-21,196564873,2026-10-01,Computershare,COMPUTERSHARE INVESTOR SERVICES PTY LIMITED,"Yarra Falls, 452 Johnston Street, ABBOTSFORD, VIC, AUSTRALIA, 3067",03 9415 4000,2026-08-07
TTX,TETRATHERIX LIMITED,"Pharmaceuticals, Biotechnology & Life Sciences",2025-06-30,338512024,2026-10-01,Automic,AUTOMIC REGISTRY SERVICES,"Level 5, 126 Phillip Street, SYDNEY, NSW, AUSTRALIA, 2000",02 9698 5414,2026-08-07
TUA,TUAS LIMITED,Telecommunication Services,2020-06-30,918563586,2026-10-01,MUFG Corporate Markets,MUFG CORPORATE MARKETS (AU) LIMITED,"LIBERTY PLACE, LEVEL 41, 161 CASTLEREAGH ST, SYDNEY, NSW, AUSTRALIA, 2000",1300 554 474,2026-08-07
TVL,TOUCH VENTURES LIMITED,Financial Services,2021-09-29,41085907,2026-10-01,MUFG Corporate Markets,MUFG CORPORATE MARKETS (AU) LIMITED,"LIBERTY PLACE, LEVEL 41, 161 CASTLEREAGH ST, SYDNEY, NSW, AUSTRALIA, 2000",1300 554 474,2026-08-07
TVN,TIVAN LIMITED,Materials,1971-02-18,422547732,2026-10-01,Computershare,COMPUTERSHARE INVESTOR SERVICES PTY LIMITED,"Level 17, 221 St Georges Terrace, PERTH, WA, AUSTRALIA, 6000",1300 850 505,2026-08-07
TWD,TAMAWOOD LIMITED,Consumer Durables & Apparel,2000-08-14,108091715,2026-10-01,Automic,AUTOMIC REGISTRY SERVICES,"Level 5, 126 Phillip Street, SYDNEY, NSW, AUSTRALIA, 2000",02 9698 5414,2026-08-07
TWE,TREASURY WINE ESTATES LIMITED,"Food, Beverage & Tobacco",2011-05-10,4360171831,2026-10-01,Computershare,COMPUTERSHARE INVESTOR SERVICES PTY LIMITED,"Yarra Falls, 452 Johnston Street, ABBOTSFORD, VIC, AUSTRALIA, 3067",03 9415 4000,2026-08-07
TWL,TRADE WINDOW HOLDINGS LIMITED,Class Pend,2025-12-19,17996580,2026-10-01,Computershare,COMPUTERSHARE INVESTOR SERVICES LIMITED,"LEVEL 2, 159 HURSTMERE ROAD, TAKAPUNA   AUCKLAND, NEW ZEALAND, 1039",(64) 9 488 8700,2026-08-07
TWR,TOWER LIMITED,Insurance,1999-09-28,547741105,2026-10-01,Computershare,COMPUTERSHARE INVESTOR SERVICES PTY. LIMITED,"YARRA FALLS, 452 JOHNSTON STREET, ABBOTSFORD, VIC, AUSTRALIA, 3067",1800 501 366,2026-08-07
TXR,TALONX RESOURCES LIMITED,Materials,1985-09-05,4659985,2026-10-01,Automic,AUTOMIC REGISTRY SERVICES,"Level 5, 126 Phillip Street, SYDNEY, NSW, AUSTRALIA, 2000",02 9698 5414,2026-08-07
TYR,TYRO PAYMENTS LIMITED,Financial Services,2019-12-06,351419801,2026-10-01,MUFG Corporate Markets,MUFG CORPORATE MARKETS (AU) LIMITED,"LIBERTY PLACE, LEVEL 41, 161 CASTLEREAGH ST, SYDNEY, NSW, AUSTRALIA, 2000",1300 554 474,2026-08-07
TYX,TYRANNA RESOURCES LIMITED,Materials,2007-07-11,7832300,2026-10-01,Automic,AUTOMIC REGISTRY SERVICES,"Level 5, 126 Phillip Street, SYDNEY, NSW, AUSTRALIA, 2000",02 9698 5414,2026-08-07
TZL,TZ LIMITED,Technology Hardware & Equipment,1987-01-22,11209864,2026-10-01,Computershare,COMPUTERSHARE INVESTOR SERVICES PTY LIMITED,"Yarra Falls, 452 Johnston Street, ABBOTSFORD, VIC, AUSTRALIA, 3067",03 9415 4000,2026-08-07
TZN,TERRAMIN AUSTRALIA LIMITED.,Materials,2003-12-23,45365608,2026-10-01,Computershare,COMPUTERSHARE INVESTOR SERVICES PTY LIMITED,"Level 5, 115 Grenfell Street, ADELAIDE, SA, AUSTRALIA, 5000",08 8236 2300,2026-08-07
TZNN,TERRAMIN AUSTRALIA LIMITED.,Materials,2003-12-23,,2026-10-06,,,,,2026-10-06
UBN,URBANISE.COM LIMITED,Software & Services,2014-09-22,51484107,2026-10-01,Boardroom,BOARDROOM PTY LIMITED,"LEVEL 8, 210 GEORGE STREET, SYDNEY, NSW, AUSTRALIA, 2000",(02) 9290 9600,2026-08-07
UCM,USCOM LIMITED,Health Care Equipment & Services,2003-12-10,,2026-08-07,Boardroom,BOARDROOM PTY LIMITED,"LEVEL 8, 210 GEORGE STREET, SYDNEY, NSW, AUSTRALIA, 2000",(02) 9290 9600,2026-08-07
UM1,UNITY METALS LIMITED,Materials,2026-01-12,25112378,2026-10-01,Computershare,COMPUTERSHARE INVESTOR SERVICES PTY LIMITED,"Level 17, 221 St Georges Terrace, PERTH, WA, AUSTRALIA, 6000",1300 850 505,2026-08-07
UNI,UNIVERSAL STORE HOLDINGS LIMITED,Consumer Discretionary Distribution & Retail,2020-11-16,581543740,2026-10-01,MUFG Corporate Markets,MUFG CORPORATE MARKETS (AU) LIMITED,"LIBERTY PLACE, LEVEL 41, 161 CASTLEREAGH ST, SYDNEY, NSW, AUSTRALIA, 2000",1300 554 474,2026-08-07
UNT,UNITH LTD,Media & Entertainment,1999-12-16,9227551,2026-10-01,Automic,AUTOMIC REGISTRY SERVICES,"Level 5, 126 Phillip Street, SYDNEY, NSW, AUSTRALIA, 2000",02 9698 5414,2026-08-07
UOS,UNITED OVERSEAS AUSTRALIA LIMITED,Real Estate Management & Development,1988-02-17,1095461551,2026-10-01,Xcend,XCEND PTY LTD,"Level 2,, 477 Pitt Street, HAYMARKET, NSW, AUSTRALIA, 2000",61 2 8591 8509,2026-08-07
URF,US MASTERS RESIDENTIAL PROPERTY FUND,Equity Real Estate Investment Trusts (REITs),2012-07-23,75729642,2026-10-01,Boardroom,BOARDROOM PTY LIMITED,"LEVEL 8, 210 GEORGE STREET, SYDNEY, NSW, AUSTRALIA, 2000",(02) 9290 9600,2026-08-07
USC,US1 CRITICAL MINERALS LIMITED,Materials,2006-06-27,22304906,2026-10-01,Boardroom,BOARDROOM PTY LIMITED,"LEVEL 8, 210 GEORGE STREET, SYDNEY, NSW, AUSTRALIA, 2000",(02) 9290 9600,2026-08-07
USL,UNICO SILVER LIMITED,Materials,2017-04-19,519302940,2026-10-01,MUFG Corporate Markets,MUFG CORPORATE MARKETS (AU) LIMITED,"Tower 4, 727 Collins Street, DOCKLANDS, VIC, AUSTRALIA, 3008",1300 554 474,2026-08-07
USM,UNION STAR METALS LTD,Materials,2009-11-12,5179366,2026-10-01,Automic,AUTOMIC REGISTRY SERVICES,"Level 5, 126 Phillip Street, SYDNEY, NSW, AUSTRALIA, 2000",02 9698 5414,2026-08-07
UWC,UNDERWOOD CAPITAL LIMITED,Not Applic,2015-01-22,10937965,2026-10-01,Automic,AUTOMIC REGISTRY SERVICES,"LEVEL 5, 191 St Georges Terrace,, PERTH, WA, AUSTRALIA, 6000",(08) 9324 2099,2026-08-07
VAL,VALIANT GOLD LIMITED,Materials,2026-03-27,143100027,2026-10-01,Computershare,COMPUTERSHARE INVESTOR SERVICES PTY LIMITED,"Level 17, 221 St Georges Terrace, PERTH, WA, AUSTRALIA, 6000",1300 850 505,2026-08-07
VAN,VANTAGE METALS LIMITED,Materials,2022-01-28,11685311,2026-10-01,Computershare,COMPUTERSHARE INVESTOR SERVICES PTY LIMITED,"Level 17, 221 St Georges Terrace, PERTH, WA, AUSTRALIA, 6000",1300 850 505,2026-08-07
VAU,VAULT MINERALS LIMITED,Materials,1996-10-16,6083247463,2026-10-01,Automic,AUTOMIC REGISTRY SERVICES,"LEVEL 5, 191 St Georges Terrace,, PERTH, WA, AUSTRALIA, 6000",(08) 9324 2099,2026-08-07
VBC,VERBREC LIMITED,Capital Goods,2007-12-11,56699052,2026-10-01,Computershare,COMPUTERSHARE INVESTOR SERVICES PTY LIMITED,"Level 1, 200 Mary Street, BRISBANE, QLD, AUSTRALIA, 4000",1300 552 270,2026-08-07
VBS,VECTUS BIOSYSTEMS LIMITED,"Pharmaceuticals, Biotechnology & Life Sciences",2016-02-23,6840136,2026-10-01,Computershare,COMPUTERSHARE INVESTOR SERVICES PTY LIMITED,"Yarra Falls, 452 Johnston Street, ABBOTSFORD, VIC, AUSTRALIA, 3067",03 9415 4000,2026-08-07
VBX,VBX LIMITED,Materials,2025-06-17,50109078,2026-10-01,Automic,AUTOMIC REGISTRY SERVICES,"LEVEL 5, 191 St Georges Terrace,, PERTH, WA, AUSTRALIA, 6000",(08) 9324 2099,2026-08-07
VCX,VICINITY CENTRES,Equity Real Estate Investment Trusts (REITs),2011-12-05,10905487253,2026-10-01,MUFG Corporate Markets,MUFG CORPORATE MARKETS (AU) LIMITED,"Tower 4, 727 Collins Street, DOCKLANDS, VIC, AUSTRALIA, 3008",1300 554 474,2026-08-07
VEA,VIVA ENERGY GROUP LIMITED,Energy,2018-07-13,5193819458,2026-10-01,MUFG Corporate Markets,MUFG CORPORATE MARKETS (AU) LIMITED,"Tower 4, 727 Collins Street, DOCKLANDS, VIC, AUSTRALIA, 3008",1300 554 474,2026-08-07
VEE,VEEM LTD,Capital Goods,2016-10-26,77777167,2026-10-01,Computershare,COMPUTERSHARE INVESTOR SERVICES PTY LIMITED,"Level 17, 221 St Georges Terrace, PERTH, WA, AUSTRALIA, 6000",1300 850 505,2026-08-07
VEN,VINTAGE ENERGY LTD,Energy,2018-09-17,3660504,2026-09-01,Automic,AUTOMIC REGISTRY SERVICES,"Level 5, 126 Phillip Street, SYDNEY, NSW, AUSTRALIA, 2000",02 9698 5414,2026-08-07
VFX,VISIONFLEX GROUP LIMITED,Health Care Equipment & Services,2015-06-09,3124454,2026-10-01,Automic,AUTOMIC REGISTRY SERVICES,"Level 5, 126 Phillip Street, SYDNEY, NSW, AUSTRALIA, 2000",02 9698 5414,2026-08-07
VFY,VITRAFY LIFE SCIENCES LIMITED,"Pharmaceuticals, Biotechnology & Life Sciences",2024-11-26,295051165,2026-10-01,Xcend,XCEND PTY LTD,"Level 2,, 477 Pitt Street, HAYMARKET, NSW, AUSTRALIA, 2000",61 2 8591 8509,2026-08-07
VGL,VISTA GROUP INTERNATIONAL LIMITED.,Software & Services,2014-08-11,569507108,2026-10-01,MUFG Corporate Markets,MUFG CORPORATE MARKETS (AU) LIMITED,"LIBERTY PLACE, LEVEL 41, 161 CASTLEREAGH ST, SYDNEY, NSW, AUSTRALIA, 2000",1300 554 474,2026-08-07
VGN,VIRGIN AUSTRALIA HOLDINGS LIMITED.,Transportation,2025-06-24,2180164529,2026-10-01,Computershare,COMPUTERSHARE INVESTOR SERVICES PTY LIMITED,"Level 1, 200 Mary Street, BRISBANE, QLD, AUSTRALIA, 4000",1300 552 270,2026-08-07
VHL,VITASORA HEALTH LIMITED,Health Care Equipment & Services,2000-07-14,30532804,2026-10-01,Computershare,COMPUTERSHARE INVESTOR SERVICES PTY LIMITED,"Computershare Investor Services Pty Ltd, 452 Johnston Street, ABBOTSFORD, VIC, AUSTRALIA, 3067",1300 171 785,2026-08-07
VHM,VHM LIMITED,Materials,2023-01-09,68589818,2026-10-01,Automic,AUTOMIC REGISTRY SERVICES,"Level 5, 126 Phillip Street, SYDNEY, NSW, AUSTRALIA, 2000",02 9698 5414,2026-08-07
VIG,VICTOR GROUP HOLDINGS LIMITED,Software & Services,2014-05-09,,2026-08-07,,,,,2026-08-07
VIT,VITURA HEALTH LIMITED,Health Care Equipment & Services,2019-11-07,12592095,2026-10-01,Computershare,COMPUTERSHARE INVESTOR SERVICES PTY LIMITED,"Yarra Falls, 452 Johnston Street, ABBOTSFORD, VIC, AUSTRALIA, 3067",03 9415 4000,2026-08-07
VKA,VIKING MINES LIMITED,Materials,2010-05-12,33489861,2026-10-01,Automic,AUTOMIC REGISTRY SERVICES,"LEVEL 5, 191 St Georges Terrace,, PERTH, WA, AUSTRALIA, 6000",(08) 9324 2099,2026-08-07
VLS,VITA LIFE SCIENCES LIMITED..,"Pharmaceuticals, Biotechnology & Life Sciences",2007-08-23,148180178,2026-10-01,Automic,AUTOMIC REGISTRY SERVICES,"Level 5, 126 Phillip Street, SYDNEY, NSW, AUSTRALIA, 2000",02 9698 5414,2026-08-07
VMC,VENUS METALS CORPORATION LIMITED,Materials,2007-06-12,24860541,2026-10-01,Automic,AUTOMIC REGISTRY SERVICES,"LEVEL 5, 191 St Georges Terrace,, PERTH, WA, AUSTRALIA, 6000",(08) 9324 2099,2026-08-07
VML,VITAL METALS LIMITED,Materials,2005-10-11,24787965,2026-08-07,Xcend,XCEND PTY LTD,"Level 2,, 477 Pitt Street, HAYMARKET, NSW, AUSTRALIA, 2000",61 2 8591 8509,2026-08-07
VMM,VIRIDIS MINING AND MINERALS LIMITED,Materials,2022-01-24,617024004,2026-10-01,Automic,AUTOMIC REGISTRY SERVICES,"LEVEL 5, 191 St Georges Terrace,, PERTH, WA, AUSTRALIA, 6000",(08) 9324 2099,2026-08-07
VMS,VENARI MINERALS NL,Materials,1986-08-14,16809164,2026-10-01,Xcend,XCEND PTY LTD,"Level 2,, 477 Pitt Street, HAYMARKET, NSW, AUSTRALIA, 2000",61 2 8591 8509,2026-08-07
VMT,VMOTO LIMITED,Automobiles & Components,2002-01-31,38282960,2026-10-01,Computershare,COMPUTERSHARE INVESTOR SERVICES PTY LIMITED,"Level 17, 221 St Georges Terrace, PERTH, WA, AUSTRALIA, 6000",1300 850 505,2026-08-07
VNL,VINYL GROUP LTD,Software & Services,2010-09-21,53394339,2026-10-01,Automic,AUTOMIC REGISTRY SERVICES,"Level 5, 126 Phillip Street, SYDNEY, NSW, AUSTRALIA, 2000",02 9698 5414,2026-08-07
VNT,VENTIA SERVICES GROUP LIMITED,Capital Goods,2021-11-19,4958907098,2026-10-01,Computershare,COMPUTERSHARE INVESTOR SERVICES PTY LIMITED,"Level 4, 44 Martin Place, SYDNEY, NSW, AUSTRALIA, 2000",02 8234 5000,2026-08-26
VPR,VOLT GROUP LIMITED,Utilities,1991-04-18,20383210,2026-09-01,MUFG Corporate Markets,MUFG CORPORATE MARKETS (AU) LIMITED,"LEVEL 4 CENTRAL PARK, 152 ST GEORGES TERRACE, PERTH, WA, AUSTRALIA, 6000",1300 554 474,2026-08-07
VR1,VECTION TECHNOLOGIES LTD,Software & Services,2017-03-17,40176999,2026-10-01,Automic,AUTOMIC REGISTRY SERVICES,"LEVEL 5, 191 St Georges Terrace,, PERTH, WA, AUSTRALIA, 6000",(08) 9324 2099,2026-08-07
VR8,VANADIUM RESOURCES LIMITED,Materials,2017-11-03,42758969,2026-10-01,Automic,AUTOMIC REGISTRY SERVICES,"LEVEL 5, 191 St Georges Terrace,, PERTH, WA, AUSTRALIA, 6000",(08) 9324 2099,2026-08-07
VRC,VOLT RESOURCES LIMITED,Materials,2003-12-19,,2026-08-07,MUFG Corporate Markets,MUFG CORPORATE MARKETS (AU) LIMITED,"Level 12 QV1 Building, 250 St Georges Terrace, PERTH, WA, AUSTRALIA, 6000",1300 554 474,2026-08-07
VRL,VERITY RESOURCES LIMITED,Materials,2008-01-18,5400592,2026-10-01,Automic,AUTOMIC REGISTRY SERVICES,"LEVEL 5, 191 St Georges Terrace,, PERTH, WA, AUSTRALIA, 6000",(08) 9324 2099,2026-08-07
VRS,VERIS LIMITED,Commercial & Professional Services,2008-06-25,26016959,2026-10-01,Computershare,COMPUTERSHARE INVESTOR SERVICES PTY LIMITED,"Level 17, 221 St Georges Terrace, PERTH, WA, AUSTRALIA, 6000",1300 850 505,2026-08-07
VRX,VRX SILICA LIMITED,Materials,2011-02-24,34450762,2026-10-01,Computershare,COMPUTERSHARE INVESTOR SERVICES PTY LIMITED,"Level 17, 221 St Georges Terrace, PERTH, WA, AUSTRALIA, 6000",1300 850 505,2026-08-26
VSL,VULCAN STEEL LIMITED,Materials,2021-11-04,811775978,2026-10-01,MUFG Corporate Markets,MUFG CORPORATE MARKETS (AU) LIMITED,"LIBERTY PLACE, LEVEL 41, 161 CASTLEREAGH ST, SYDNEY, NSW, AUSTRALIA, 2000",1300 554 474,2026-08-07
VSR,VOLTAIC STRATEGIC RESOURCES LTD,Energy,2011-01-21,12836445,2026-10-01,Automic,AUTOMIC REGISTRY SERVICES,"Level 5, 126 Phillip Street, SYDNEY, NSW, AUSTRALIA, 2000",02 9698 5414,2026-08-07
VTA,VITA RESOURCES NL,Materials,2021-03-16,2680819,2026-10-01,Boardroom,BOARDROOM PTY LIMITED,"LEVEL 8, 210 GEORGE STREET, SYDNEY, NSW, AUSTRALIA, 2000",(02) 9290 9600,2026-08-07
VTM,VICTORY METALS LIMITED,Materials,2021-07-22,179963454,2026-10-01,Xcend,XCEND PTY LTD,"Level 2,, 477 Pitt Street, HAYMARKET, NSW, AUSTRALIA, 2000",61 2 8591 8509,2026-08-07
VTX,VERTEX MINERALS LIMITED,Materials,2022-01-17,,2026-10-01,Automic,AUTOMIC REGISTRY SERVICES,"LEVEL 5, 191 St Georges Terrace,, PERTH, WA, AUSTRALIA, 6000",(08) 9324 2099,2026-08-26
VUL,VULCAN ENERGY RESOURCES LIMITED,Materials,2018-05-30,813723253,2026-10-01,Automic,AUTOMIC REGISTRY SERVICES,"LEVEL 5, 191 St Georges Terrace,, PERTH, WA, AUSTRALIA, 6000",(08) 9324 2099,2026-08-07
VVA,VIVA LEISURE LIMITED,Consumer Services,2019-06-07,148296207,2026-10-01,Automic,AUTOMIC REGISTRY SERVICES,"Level 5, 126 Phillip Street, SYDNEY, NSW, AUSTRALIA, 2000",02 9698 5414,2026-08-07
VYS,VYSARN LIMITED,Materials,2007-12-14,475421722,2026-10-01,Automic,AUTOMIC REGISTRY SERVICES,"LEVEL 5, 191 St Georges Terrace,, PERTH, WA, AUSTRALIA, 6000",(08) 9324 2099,2026-08-07
W2V,WAY 2 VAT LTD.,Software & Services,2021-09-17,12431523,2026-10-01,Automic,AUTOMIC REGISTRY SERVICES,"Level 5, 126 Phillip Street, SYDNEY, NSW, AUSTRALIA, 2000",02 9698 5414,2026-08-07
WA1,WA1 RESOURCES LTD,Materials,2022-02-08,724955195,2026-10-01,Automic,AUTOMIC REGISTRY SERVICES,"LEVEL 5, 191 St Georges Terrace,, PERTH, WA, AUSTRALIA, 6000",(08) 9324 2099,2026-08-07
WAA,WAM ACTIVE LIMITED,Not Applic,2008-01-11,155287137,2026-10-01,Boardroom,BOARDROOM PTY LIMITED,"LEVEL 8, 210 GEORGE STREET, SYDNEY, NSW, AUSTRALIA, 2000",(02) 9290 9600,2026-08-07
WAF,WEST AFRICAN RESOURCES LIMITED,Materials,2010-06-11,3950090900,2026-10-01,Computershare,COMPUTERSHARE INVESTOR SERVICES PTY LIMITED,"Level 17, 221 St Georges Terrace, PERTH, WA, AUSTRALIA, 6000",1300 850 505,2026-08-07
WAG,THE AUSTRALIAN WEALTH ADVISORS GROUP LIMITED,Financial Services,2024-02-16,44639000,2026-10-01,Registry Direct,REGISTRY DIRECT,"120 Collins St, MELBOURNE, VIC, AUSTRALIA, 3000",1300 556 635,2026-08-07
WAM,WAM CAPITAL LIMITED,Not Applic,1999-08-12,1308930865,2026-10-01,Boardroom,BOARDROOM PTY LIMITED,"LEVEL 8, 210 GEORGE STREET, SYDNEY, NSW, AUSTRALIA, 2000",(02) 9290 9600,2026-08-07
WAR,WAM STRATEGIC VALUE LIMITED,Not Applic,2021-06-28,198138337,2026-10-01,Boardroom,BOARDROOM PTY LIMITED,"LEVEL 8, 210 GEORGE STREET, SYDNEY, NSW, AUSTRALIA, 2000",(02) 9290 9600,2026-08-07
WAT,WATERCO LIMITED,Consumer Durables & Apparel,1989-03-23,226830851,2026-10-01,Computershare,COMPUTERSHARE INVESTOR SERVICES PTY LIMITED,"Level 4, 44 Martin Place, SYDNEY, NSW, AUSTRALIA, 2000",02 8234 5000,2026-08-07
WAU,WA GOLD LIMITED,Materials,2004-05-12,16420347,2026-10-01,Automic,AUTOMIC REGISTRY SERVICES,"LEVEL 5, 191 St Georges Terrace,, PERTH, WA, AUSTRALIA, 6000",(08) 9324 2099,2026-08-07
WAX,WAM RESEARCH LIMITED,Not Applic,2003-08-19,181685870,2026-10-01,Boardroom,BOARDROOM PTY LIMITED,"LEVEL 8, 210 GEORGE STREET, SYDNEY, NSW, AUSTRALIA, 2000",(02) 9290 9600,2026-08-07
WBC,WESTPAC BANKING CORPORATION,Banks,1970-07-18,115948282040,2026-10-01,MUFG Corporate Markets,MUFG CORPORATE MARKETS (AU) LIMITED,"LIBERTY PLACE, LEVEL 41, 161 CASTLEREAGH ST, SYDNEY, NSW, AUSTRALIA, 2000",1300 554 474,2026-08-07
WBT,WEEBIT NANO LTD,Semiconductors & Semiconductor Equipment,2010-12-21,900573785,2026-10-01,Computershare,COMPUTERSHARE INVESTOR SERVICES PTY LIMITED,"Yarra Falls, 452 Johnston Street, ABBOTSFORD, VIC, AUSTRALIA, 3067",03 9415 4000,2026-08-07
WC1,WEST COBAR METALS LIMITED,Materials,2021-10-01,6654765,2026-10-01,Automic,AUTOMIC REGISTRY SERVICES,"LEVEL 5, 191 St Georges Terrace,, PERTH, WA, AUSTRALIA, 6000",(08) 9324 2099,2026-08-07
WC8,WILDCAT RESOURCES LIMITED,Materials,2004-08-04,438497922,2026-10-01,Automic,AUTOMIC REGISTRY SERVICES,"LEVEL 5, 191 St Georges Terrace,, PERTH, WA, AUSTRALIA, 6000",(08) 9324 2099,2026-08-07
WCE,WEST COAST SILVER LIMITED,Materials,2020-12-14,30066208,2026-10-01,Automic,AUTOMIC REGISTRY SERVICES,"LEVEL 5, 191 St Georges Terrace,, PERTH, WA, AUSTRALIA, 6000",(08) 9324 2099,2026-08-07
WCN,WHITE CLIFF MINERALS LIMITED,Materials,2007-12-14,87643060,2026-10-01,Computershare,COMPUTERSHARE INVESTOR SERVICES PTY LIMITED,"Level 17, 221 St Georges Terrace, PERTH, WA, AUSTRALIA, 6000",1300 850 505,2026-08-07
WDS,WOODSIDE ENERGY GROUP LTD,Energy,1971-11-18,58724983417,2026-10-01,Computershare,COMPUTERSHARE INVESTOR SERVICES PTY LIMITED,"Level 17, 221 St Georges Terrace, PERTH, WA, AUSTRALIA, 6000",1300 850 505,2026-08-07
WEB,WEBBEDS GROUP LIMITED,Consumer Services,1997-11-19,1212999148,2026-10-01,Automic,AUTOMIC REGISTRY SERVICES,"Suite 5, Level 12, 530 Collins Street, MELBOURNE, VIC, AUSTRALIA, 3000",1300 288 664,2026-08-07
WEC,WHITE ENERGY COMPANY LIMITED,Energy,1999-07-23,225154285,2026-10-01,Automic,AUTOMIC REGISTRY SERVICES,"Level 5, 126 Phillip Street, SYDNEY, NSW, AUSTRALIA, 2000",02 9698 5414,2026-08-07
WEL,WINCHESTER ENERGY LTD,Energy,2014-09-23,1713019,2026-09-01,Automic,AUTOMIC REGISTRY SERVICES,"LEVEL 5, 191 St Georges Terrace,, PERTH, WA, AUSTRALIA, 6000",(08) 9324 2099,2026-08-07
WES,WESFARMERS LIMITED,Consumer Discretionary Distribution & Retail,1984-11-15,85974960991,2026-10-01,Computershare,COMPUTERSHARE INVESTOR SERVICES PTY LIMITED,"Level 17, 221 St Georges Terrace, PERTH, WA, AUSTRALIA, 6000",1300 850 505,2026-08-07
WGB,WAM GLOBAL LIMITED,Not Applic,2018-06-22,715602714,2026-10-01,Boardroom,BOARDROOM PTY LIMITED,"LEVEL 8, 210 GEORGE STREET, SYDNEY, NSW, AUSTRALIA, 2000",(02) 9290 9600,2026-08-07
WGN,WAGNERS HOLDING COMPANY LIMITED,Materials,2017-12-08,891470038,2026-10-01,Computershare,COMPUTERSHARE INVESTOR SERVICES PTY LIMITED,"Level 1, 200 Mary Street, BRISBANE, QLD, AUSTRALIA, 4000",1300 552 270,2026-08-07
WGR,WESTERN GOLD RESOURCES LIMITED.,Materials,2021-07-23,21628773,2026-10-01,Automic,AUTOMIC REGISTRY SERVICES,"LEVEL 5, 191 St Georges Terrace,, PERTH, WA, AUSTRALIA, 6000",(08) 9324 2099,2026-08-07
WGX,WESTGOLD RESOURCES LIMITED.,Materials,2016-12-06,4904875923,2026-10-01,Computershare,COMPUTERSHARE INVESTOR SERVICES PTY LIMITED,"Level 17, 221 St Georges Terrace, PERTH, WA, AUSTRALIA, 6000",1300 850 505,2026-08-07
WHC,WHITEHAVEN COAL LIMITED,Energy,2007-06-01,6047860709,2026-10-01,Computershare,COMPUTERSHARE INVESTOR SERVICES PTY LIMITED,"Level 1, 200 Mary Street, BRISBANE, QLD, AUSTRALIA, 4000",1300 552 270,2026-08-07
WHF,WHITEFIELD INDUSTRIALS LIMITED,Not Applic,1971-08-02,568225950,2026-10-01,Computershare,COMPUTERSHARE INVESTOR SERVICES PTY LIMITED,"Level 4, 44 Martin Place, SYDNEY, NSW, AUSTRALIA, 2000",02 8234 5000,2026-08-07
WHI,WHITEFIELD INCOME LIMITED,Not Applic,2024-12-11,385519035,2026-10-01,Computershare,COMPUTERSHARE INVESTOR SERVICES PTY LIMITED,"Level 4, 44 Martin Place, SYDNEY, NSW, AUSTRALIA, 2000",02 8234 5000,2026-08-07
WHK,WHITEHAWK LIMITED,Software & Services,2018-01-24,3446985,2026-10-01,Computershare,COMPUTERSHARE INVESTOR SERVICES PTY LIMITED,"Level 17, 221 St Georges Terrace, PERTH, WA, AUSTRALIA, 6000",1300 850 505,2026-08-07
WIA,WIA GOLD LIMITED,Materials,2011-03-09,918478377,2026-10-01,Automic,AUTOMIC REGISTRY SERVICES,"Level 5, 126 Phillip Street, SYDNEY, NSW, AUSTRALIA, 2000",02 9698 5414,2026-08-07
WIN,WIN METALS LTD,Materials,2021-09-22,18040582,2026-10-01,Xcend,XCEND PTY LTD,"Level 2,, 477 Pitt Street, HAYMARKET, NSW, AUSTRALIA, 2000",61 2 8591 8509,2026-08-07
WJL,WEBJET GROUP LIMITED,Consumer Services,2024-09-23,113833804,2026-10-01,Automic,AUTOMIC REGISTRY SERVICES,"Level 5, 126 Phillip Street, SYDNEY, NSW, AUSTRALIA, 2000",02 9698 5414,2026-08-07
WLE,WAM LEADERS LIMITED,Not Applic,2016-05-30,2071090863,2026-10-01,Boardroom,BOARDROOM PTY LIMITED,"LEVEL 8, 210 GEORGE STREET, SYDNEY, NSW, AUSTRALIA, 2000",(02) 9290 9600,2026-08-07
WMA,WAM ALTERNATIVE ASSETS LIMITED,Not Applic,2014-06-16,193497857,2026-10-01,Boardroom,BOARDROOM PTY LIMITED,"LEVEL 8, 210 GEORGE STREET, SYDNEY, NSW, AUSTRALIA, 2000",(02) 9290 9600,2026-08-07
WMG,WESTERN MINES GROUP LTD,Materials,2021-07-20,20859444,2026-10-01,Automic,AUTOMIC REGISTRY SERVICES,"Level 5, 126 Phillip Street, SYDNEY, NSW, AUSTRALIA, 2000",02 9698 5414,2026-08-07
WMI,WAM MICROCAP LIMITED,Not Applic,2017-06-28,371365297,2026-10-01,Boardroom,BOARDROOM PTY LIMITED,"LEVEL 8, 210 GEORGE STREET, SYDNEY, NSW, AUSTRALIA, 2000",(02) 9290 9600,2026-08-07
WMX,WAM INCOME MAXIMISER LIMITED,Not Applic,2025-04-30,475595181,2026-10-01,Boardroom,BOARDROOM PTY LIMITED,"LEVEL 8, 210 GEORGE STREET, SYDNEY, NSW, AUSTRALIA, 2000",(02) 9290 9600,2026-08-07
WNR,WINGARA AG LTD,"Food, Beverage & Tobacco",1990-01-31,,2026-08-07,Computershare,COMPUTERSHARE INVESTOR SERVICES PTY LIMITED,"Level 17, 221 St Georges Terrace, PERTH, WA, AUSTRALIA, 6000",1300 850 505,2026-08-07
WNX,WELLNEX LIFE LIMITED,"Food, Beverage & Tobacco",2017-03-15,5550038,2026-10-01,Computershare,COMPUTERSHARE INVESTOR SERVICES PTY LIMITED,"Yarra Falls, 452 Johnston Street, ABBOTSFORD, VIC, AUSTRALIA, 3067",03 9415 4000,2026-08-07
WOA,WIDE OPEN AGRICULTURE LTD,"Food, Beverage & Tobacco",2018-07-06,7853362,2026-09-01,Automic,AUTOMIC REGISTRY SERVICES,"Level 5, 126 Phillip Street, SYDNEY, NSW, AUSTRALIA, 2000",02 9698 5414,2026-08-07
WOR,WORLEY LIMITED,Capital Goods,2002-11-28,4612558543,2026-10-01,Computershare,COMPUTERSHARE INVESTOR SERVICES PTY LIMITED,"Level 4, 44 Martin Place, SYDNEY, NSW, AUSTRALIA, 2000",02 8234 5000,2026-08-07
WOT,WOTSO,Real Estate Management & Development,2011-10-28,85150026,2026-10-01,Computershare,COMPUTERSHARE INVESTOR SERVICES PTY LIMITED,"Level 4, 44 Martin Place, SYDNEY, NSW, AUSTRALIA, 2000",02 8234 5000,2026-08-07
WOW,WOOLWORTHS GROUP LIMITED,Consumer Staples Distribution & Retail,1993-07-12,46494065248,2026-10-01,MUFG Corporate Markets,MUFG CORPORATE MARKETS (AU) LIMITED,"LIBERTY PLACE, LEVEL 41, 161 CASTLEREAGH ST, SYDNEY, NSW, AUSTRALIA, 2000",1300 554 474,2026-08-07
WPR,WAYPOINT REIT,Equity Real Estate Investment Trusts (REITs),2016-08-03,1391046655,2026-10-01,MUFG Corporate Markets,MUFG CORPORATE MARKETS (AU) LIMITED,"LIBERTY PLACE, LEVEL 41, 161 CASTLEREAGH ST, SYDNEY, NSW, AUSTRALIA, 2000",1300 554 474,2026-08-07
WQG,WCM GLOBAL GROWTH LIMITED,Not Applic,2017-06-23,573748139,2026-10-01,MUFG Corporate Markets,MUFG CORPORATE MARKETS (AU) LIMITED,"LIBERTY PLACE, LEVEL 41, 161 CASTLEREAGH ST, SYDNEY, NSW, AUSTRALIA, 2000",1300 554 474,2026-08-07
WRK,WRKR LTD,Software & Services,2016-12-19,159589826,2026-10-01,Boardroom,BOARDROOM PTY LIMITED,"LEVEL 8, 210 GEORGE STREET, SYDNEY, NSW, AUSTRALIA, 2000",(02) 9290 9600,2026-08-07
WRX,WESTERN RIDGE RESOURCES LIMITED,Materials,2022-08-05,7292355,2026-10-01,Automic,AUTOMIC REGISTRY SERVICES,"LEVEL 5, 191 St Georges Terrace,, PERTH, WA, AUSTRALIA, 6000",(08) 9324 2099,2026-08-07
WSI,WESTSTAR INDUSTRIAL LIMITED,Materials,2006-06-07,8742210,2026-10-01,Xcend,XCEND PTY LTD,"Level 2,, 477 Pitt Street, HAYMARKET, NSW, AUSTRALIA, 2000",61 2 8591 8509,2026-08-07
WSR,WESTAR RESOURCES LIMITED,Materials,2020-12-17,4848012,2026-09-01,Computershare,COMPUTERSHARE INVESTOR SERVICES PTY LIMITED,"Level 17, 221 St Georges Terrace, PERTH, WA, AUSTRALIA, 6000",1300 850 505,2026-08-07
WTC,WISETECH GLOBAL LIMITED,Software & Services,2016-04-11,10539737462,2026-10-01,MUFG Corporate Markets,MUFG CORPORATE MARKETS (AU) LIMITED,"LIBERTY PLACE, LEVEL 41, 161 CASTLEREAGH ST, SYDNEY, NSW, AUSTRALIA, 2000",1300 554 474,2026-08-07
WTL,WT FINANCIAL GROUP LIMITED,Financial Services,2015-03-09,53038798,2026-10-01,Boardroom,BOARDROOM PTY LIMITED,"LEVEL 8, 210 GEORGE STREET, SYDNEY, NSW, AUSTRALIA, 2000",(02) 9290 9600,2026-08-07
WTM,WARATAH MINERALS LIMITED,Materials,2012-10-29,298954291,2026-10-01,Automic,AUTOMIC REGISTRY SERVICES,"LEVEL 5, 191 St Georges Terrace,, PERTH, WA, AUSTRALIA, 6000",(08) 9324 2099,2026-08-07
WTN,WINTON LAND LIMITED,Real Estate Management & Development,2021-12-17,255087813,2026-10-01,MUFG Corporate Markets,MUFG CORPORATE MARKETS (AU) LIMITED,"Level 11, Suite11.02, Pitt Street, SYDNEY, NSW, AUSTRALIA, 2000",02 221-7155,2026-08-07
WWG,WISEWAY GROUP LIMITED,Transportation,2018-10-31,48117524,2026-10-01,MUFG Corporate Markets,MUFG CORPORATE MARKETS (AU) LIMITED,"LIBERTY PLACE, LEVEL 41, 161 CASTLEREAGH ST, SYDNEY, NSW, AUSTRALIA, 2000",1300 554 474,2026-08-07
WWI,WEST WITS MINING LIMITED,Materials,2007-12-19,156561844,2026-10-10,,,,,2026-10-10
WYX,WESTERN YILGARN NL,Materials,2007-05-25,6536092,2026-10-01,Automic,AUTOMIC REGISTRY SERVICES,"Level 5, 126 Phillip Street, SYDNEY, NSW, AUSTRALIA, 2000",02 9698 5414,2026-08-07
WZR,WISR LIMITED,Financial Services,1989-03-16,54652458,2026-10-01,MUFG Corporate Markets,MUFG CORPORATE MARKETS (AU) LIMITED,"LIBERTY PLACE, LEVEL 41, 161 CASTLEREAGH ST, SYDNEY, NSW, AUSTRALIA, 2000",1300 554 474,2026-08-07
X2M,X2M CONNECT LIMITED,Technology Hardware & Equipment,2021-09-22,15567288,2026-10-01,Automic,AUTOMIC REGISTRY SERVICES,"Level 5, 126 Phillip Street, SYDNEY, NSW, AUSTRALIA, 2000",02 9698 5414,2026-08-07
XEN,XENITRA LIMITED,Consumer Discretionary Distribution & Retail,2011-12-07,9389718,2026-10-01,Boardroom,BOARDROOM PTY LIMITED,"LEVEL 8, 210 GEORGE STREET, SYDNEY, NSW, AUSTRALIA, 2000",(02) 9290 9600,2026-08-07
XF1,XREF LIMITED,Software & Services,2007-04-18,11114533,2026-10-01,Automic,AUTOMIC REGISTRY SERVICES,"Level 5, 126 Phillip Street, SYDNEY, NSW, AUSTRALIA, 2000",02 9698 5414,2026-08-07
XGL,XAMBLE GROUP LIMITED,Media & Entertainment,2015-07-06,3588279,2026-10-01,Automic,AUTOMIC REGISTRY SERVICES,"Level 5, 126 Phillip Street, SYDNEY, NSW, AUSTRALIA, 2000",02 9698 5414,2026-08-07
XPD,XPEDRA RESOURCES LIMITED,Materials,1997-08-29,17390392,2026-10-01,Automic,AUTOMIC REGISTRY SERVICES,"LEVEL 5, 191 St Georges Terrace,, PERTH, WA, AUSTRALIA, 6000",(08) 9324 2099,2026-08-07
XPN,XPON TECHNOLOGIES GROUP LIMITED,Software & Services,2021-12-16,6068276,2026-10-01,Automic,AUTOMIC REGISTRY SERVICES,"Level 5, 126 Phillip Street, SYDNEY, NSW, AUSTRALIA, 2000",02 9698 5414,2026-08-07
XRA,XENORA MINERALS LTD,Materials,2017-04-06,16747601,2026-10-01,Automic,AUTOMIC REGISTRY SERVICES,"LEVEL 5, 191 St Georges Terrace,, PERTH, WA, AUSTRALIA, 6000",(08) 9324 2099,2026-08-07
XRF,XRF SCIENTIFIC LIMITED,Capital Goods,2006-10-31,257450845,2026-10-01,Automic,AUTOMIC REGISTRY SERVICES,"LEVEL 5, 191 St Georges Terrace,, PERTH, WA, AUSTRALIA, 6000",(08) 9324 2099,2026-08-07
XRG,XREALITY GROUP LTD,Consumer Services,2013-01-18,,2026-10-01,Boardroom,BOARDROOM PTY LIMITED,"LEVEL 8, 210 GEORGE STREET, SYDNEY, NSW, AUSTRALIA, 2000",(02) 9290 9600,2026-08-07
XRO,XERO LIMITED,Software & Services,2012-11-08,9438808359,2026-10-01,MUFG Corporate Markets,MUFG CORPORATE MARKETS (AU) LIMITED,"LIBERTY PLACE, LEVEL 41, 161 CASTLEREAGH ST, SYDNEY, NSW, AUSTRALIA, 2000",1300 554 474,2026-08-07
XST,XSTATE RESOURCES LIMITED,Energy,1988-01-14,5518769,2026-10-01,Boardroom,BOARDROOM PTY LIMITED,"LEVEL 8, 210 GEORGE STREET, SYDNEY, NSW, AUSTRALIA, 2000",(02) 9290 9600,2026-08-07
XYZ,"BLOCK, INC.",Financial Services,2022-01-20,4098863512,2026-10-01,Computershare,COMPUTERSHARE INVESTOR SERVICES PTY LIMITED,"Yarra Falls, 452 Johnston Street, ABBOTSFORD, VIC, AUSTRALIA, 3067",03 9415 4000,2026-08-26
YAL,YANCOAL AUSTRALIA LIMITED,Energy,2012-06-28,7394460847,2026-10-01,Computershare,COMPUTERSHARE INVESTOR SERVICES PTY LIMITED,"Level 4, 44 Martin Place, SYDNEY, NSW, AUSTRALIA, 2000",02 8234 5000,2026-08-07
YAR,YARI RESOURCES LTD,Materials,2006-06-19,4426932,2026-10-01,Automic,AUTOMIC REGISTRY SERVICES,"LEVEL 5, 191 St Georges Terrace,, PERTH, WA, AUSTRALIA, 6000",(08) 9324 2099,2026-08-07
YOJ,YOJEE LIMITED,Software & Services,2010-12-02,91472212,2026-10-01,Computershare,COMPUTERSHARE INVESTOR SERVICES PTY LIMITED,"Level 17, 221 St Georges Terrace, PERTH, WA, AUSTRALIA, 6000",1300 850 505,2026-08-07
YOW,YOWIE GROUP LTD,"Food, Beverage & Tobacco",1999-09-15,,2026-08-07,MUFG Corporate Markets,MUFG CORPORATE MARKETS (AU) LIMITED,"LEVEL 4 CENTRAL PARK, 152 ST GEORGES TERRACE, PERTH, WA, AUSTRALIA, 6000",1300 554 474,2026-08-07
YRL,YANDAL RESOURCES LIMITED,Materials,2018-12-14,47829986,2026-10-01,Automic,AUTOMIC REGISTRY SERVICES,"LEVEL 5, 191 St Georges Terrace,, PERTH, WA, AUSTRALIA, 6000",(08) 9324 2099,2026-08-07
YUG,YUGO METALS LIMITED,Materials,2021-10-21,24786035,2026-10-01,Computershare,COMPUTERSHARE INVESTOR SERVICES PTY LIMITED,"Level 17, 221 St Georges Terrace, PERTH, WA, AUSTRALIA, 6000",1300 850 505,2026-08-07
ZAG,ZULEIKA GOLD LIMITED,Materials,2010-08-23,31197445,2026-10-01,Automic,AUTOMIC REGISTRY SERVICES,"Level 5, 126 Phillip Street, SYDNEY, NSW, AUSTRALIA, 2000",02 9698 5414,2026-08-07
ZEO,ZEOTECH LIMITED,Materials,2009-10-16,135783166,2026-10-01,Automic,AUTOMIC REGISTRY SERVICES,"LEVEL 5, 191 St Georges Terrace,, PERTH, WA, AUSTRALIA, 6000",(08) 9324 2099,2026-08-07
ZEU,ZEUS RESOURCES LIMITED,Energy,2013-01-21,7357448,2026-10-01,Xcend,XCEND PTY LTD,"Level 2,, 477 Pitt Street, HAYMARKET, NSW, AUSTRALIA, 2000",61 2 8591 8509,2026-08-07
ZGL,ZICOM GROUP LIMITED,Capital Goods,1970-11-12,32337031,2026-10-01,MUFG Corporate Markets,MUFG CORPORATE MARKETS (AU) LIMITED,"Level 21, 10 Eagle Street, BRISBANE, QLD, AUSTRALIA, 4000",1300 554 474,2026-08-07
ZIM,ZIMPLATS HOLDINGS LIMITED,Materials,1998-10-15,1540294757,2026-10-01,Computershare,COMPUTERSHARE INVESTOR SERVICES PTY LIMITED,"Level 4, 44 Martin Place, SYDNEY, NSW, AUSTRALIA, 2000",02 8234 5000,2026-08-07
ZIP,ZIP CO LIMITED..,Financial Services,2009-12-09,2485613995,2026-10-01,Computershare,COMPUTERSHARE INVESTOR SERVICES PTY LIMITED,"Level 17, 221 St Georges Terrace, PERTH, WA, AUSTRALIA, 6000",1300 850 505,2026-08-07
ZLD,ZELIRA THERAPEUTICS LIMITED,"Pharmaceuticals, Biotechnology & Life Sciences",2003-07-28,,2026-08-07,Computershare,COMPUTERSHARE INVESTOR SERVICES PTY LIMITED,"Level 17, 221 St Georges Terrace, PERTH, WA, AUSTRALIA, 6000",1300 850 505,2026-08-07
ZMI,ZINC OF IRELAND LIMITED,Materials,2007-09-18,24415203,2026-10-01,Automic,AUTOMIC REGISTRY SERVICES,"LEVEL 5, 191 St Georges Terrace,, PERTH, WA, AUSTRALIA, 6000",(08) 9324 2099,2026-08-07
ZMM,ZIMI LIMITED,Technology Hardware & Equipment,2007-09-10,3449511,2026-09-01,Automic,AUTOMIC REGISTRY SERVICES,"LEVEL 5, 191 St Georges Terrace,, PERTH, WA, AUSTRALIA, 6000",(08) 9324 2099,2026-08-07
ZNC,ZENITH MINERALS LIMITED,Materials,2007-05-29,46758088,2026-10-01,Automic,AUTOMIC REGISTRY SERVICES,"LEVEL 5, 191 St Georges Terrace,, PERTH, WA, AUSTRALIA, 6000",(08) 9324 2099,2026-08-07
ZNO,ZOONO GROUP LIMITED,Materials,1988-07-21,20716800,2026-10-01,Boardroom,BOARDROOM PTY LIMITED,"LEVEL 8, 210 GEORGE STREET, SYDNEY, NSW, AUSTRALIA, 2000",(02) 9290 9600,2026-08-26
