code,current_code,announced_on,old_registry,new_registry,headline,classification,method,pdf_url
OVT,OVT,2026-08-10,Automic,Boardroom,Change of Share Registry,provider_change,from_to,https://announcements.asx.com.au/asxpdf/20260810/pdf/072l6cxv7fr51s.pdf
HLS,HLS,2026-08-06,Computershare,MUFG Corporate Markets,Change of Share Registry Provider,provider_change,one_brand+prior_doc,https://announcements.asx.com.au/asxpdf/20260806/pdf/072hj1501rg1j0.pdf
ECS,ECS,2026-07-30,Automic,Xcend,Change of Share Registry,provider_change,cease_plus_one,https://announcements.asx.com.au/asxpdf/20260730/pdf/07274j0tczfgf8.pdf
GHY,GHY,2026-07-27,MUFG Corporate Markets,Automic,Change of Share Registry Details,provider_change,from_to,https://announcements.asx.com.au/asxpdf/20260727/pdf/07229ww0w5dp65.pdf
M79,M79,2026-07-17,Registry Direct,Automic,Change of Share Registry,provider_change,from_to,https://announcements.asx.com.au/asxpdf/20260717/pdf/071t3m7qcv7klv.pdf
MRT,MRT,2026-07-17,Computershare,Automic,Change of Share Registry,provider_change,from_to,https://announcements.asx.com.au/asxpdf/20260717/pdf/071sprz9zjfq7k.pdf
BWN,BWN,2026-07-10,MUFG Corporate Markets,Automic,Change of Share Registry Details,provider_change,from_to,https://announcements.asx.com.au/asxpdf/20260710/pdf/071ldjzplp5xj5.pdf
JIN,JIN,2026-07-06,Computershare,Automic,Change of Share Registry,provider_change,from_to,https://announcements.asx.com.au/asxpdf/20260706/pdf/071djdqhqqh6x0.pdf
RAP,RAP,2026-06-26,Boardroom,Xcend,Details of Share Registry address,address_only,cease_plus_one,https://announcements.asx.com.au/asxpdf/20260626/pdf/0711hnck6qthjb.pdf
WEB,WEB,2026-06-22,Computershare,Automic,Change of share registry details,provider_change,from_to,https://announcements.asx.com.au/asxpdf/20260622/pdf/070vmcs398vscq.pdf
WSR,WSR,2026-06-22,Automic,Computershare,Change of Share Registry,provider_change,from_to,https://announcements.asx.com.au/asxpdf/20260622/pdf/070w5p66pqgp5c.pdf
AM3,AM3,2026-06-19,Computershare,Xcend,Change of Share Registry,provider_change,cease_plus_one,https://announcements.asx.com.au/asxpdf/20260619/pdf/070t83jplz4wpz.pdf
3DA,3DA,2026-06-17,Automic,Computershare,Change of Share Registry Details,provider_change,from_to,https://announcements.asx.com.au/asxpdf/20260617/pdf/070q3tgcht0zzf.pdf
AUV,AUV,2026-05-29,Computershare,Automic,Change of Share Registry,provider_change,from_to,https://announcements.asx.com.au/asxpdf/20260529/pdf/0703c8rm4qfk5z.pdf
CAA,CAA,2026-05-29,Computershare,Automic,Details of Share Registry address,address_only,two_brands,https://announcements.asx.com.au/asxpdf/20260529/pdf/0702s4pmkl3bw2.pdf
FG1,FG1,2026-05-26,Computershare,Boardroom,Change of Share Registry Provider,provider_change,from_to,https://announcements.asx.com.au/asxpdf/20260526/pdf/06zyzfc5cf3pn6.pdf
RF1,RF1,2026-05-25,MUFG Corporate Markets,Automic,RF1 change of unit registry 25.5.26,registry_other,from_to,https://announcements.asx.com.au/asxpdf/20260525/pdf/06zxmpzygnz19m.pdf
ARI,ARI,2026-05-22,MUFG Corporate Markets,Automic,Change of Share Registry,provider_change,from_to,https://announcements.asx.com.au/asxpdf/20260522/pdf/06zw11cn0m8dk6.pdf
M3M,M3M,2026-05-15,Automic,Computershare,Change of Share Registry,provider_change,from_to,https://announcements.asx.com.au/asxpdf/20260515/pdf/06zmbglr8rs3rh.pdf
MTS,MTS,2026-05-15,Boardroom,Automic,Change of Share Registry Details,provider_change,from_to,https://announcements.asx.com.au/asxpdf/20260515/pdf/06zmxshb3mwpd6.pdf
LCY,LCY,2026-04-24,Automic,Computershare,Details of Share Registry address,address_only,from_to,https://announcements.asx.com.au/asxpdf/20260424/pdf/06yv1hkd0719f2.pdf
COY,COY,2026-04-17,Boardroom,Xcend,Change of Share Registry,provider_change,cease_plus_one,https://announcements.asx.com.au/asxpdf/20260417/pdf/06ylxdq067b6ds.pdf
BGE,BGE,2026-04-14,Automic,Boardroom,Change of Share Registry,provider_change,from_to,https://announcements.asx.com.au/asxpdf/20260414/pdf/06yggyjzwfxxl3.pdf
UNT,UNT,2026-04-13,Boardroom,Automic,Change of Share Registry,provider_change,from_to,https://announcements.asx.com.au/asxpdf/20260413/pdf/06ydwkx59x7s0s.pdf
NRX,NRX,2026-04-10,Automic,Xcend,Change of Share Registry,provider_change,cease_plus_one,https://announcements.asx.com.au/asxpdf/20260410/pdf/06ybkqj21ft2xh.pdf
OSL,OSL,2026-04-10,Boardroom,Automic,Change of Share Registry Details,provider_change,from_to,https://announcements.asx.com.au/asxpdf/20260410/pdf/06ybx46q34zhpd.pdf
EXL,EXL,2026-03-30,Automic,Boardroom,Change of Share Registrar,provider_change,from_to,https://announcements.asx.com.au/asxpdf/20260330/pdf/06xyn9rkj0zp8h.pdf
NAE,NAE,2026-03-27,MUFG Corporate Markets,Xcend,Change of Share Registry,provider_change,cease_plus_one,https://announcements.asx.com.au/asxpdf/20260327/pdf/06xwlfjkc0p274.pdf
PKY,PKY,2026-03-27,Automic,Xcend,Change of Share Registry,provider_change,cease_plus_one,https://announcements.asx.com.au/asxpdf/20260327/pdf/06xx038jr6sttv.pdf
RCM,RCM,2026-03-27,Boardroom,Automic,Change of Share Registry,provider_change,from_to,https://announcements.asx.com.au/asxpdf/20260327/pdf/06xvw5gcqt3vcp.pdf
SNG,SNG,2026-03-23,Automic,Computershare,Change of Share Registry,provider_change,one_brand+prior_doc,https://announcements.asx.com.au/asxpdf/20260323/pdf/06xqfwyr91zyvf.pdf
AKN,AKN,2026-03-20,MUFG Corporate Markets,Automic,Change of Share Registry,provider_change,from_to,https://announcements.asx.com.au/asxpdf/20260320/pdf/06xmy4p5mv0rxs.pdf
PAB,PAB,2026-03-13,Computershare,Automic,Change of Share Registry Details,provider_change,from_to,https://announcements.asx.com.au/asxpdf/20260313/pdf/06xdxscsx1yhdq.pdf
ORP,ORP,2026-02-27,Boardroom,Automic,Change of Share Registry Details,provider_change,from_to,https://announcements.asx.com.au/asxpdf/20260227/pdf/06wvmzk5pmj8rk.pdf
ABV,ABV,2026-02-17,Computershare,Automic,Change of Share Registry,provider_change,from_to,https://announcements.asx.com.au/asxpdf/20260217/pdf/06wcw5pv7mlgnj.pdf
MGT,MGT,2026-02-13,Computershare,Automic,Change of Share Registry Details,provider_change,from_to,https://announcements.asx.com.au/asxpdf/20260213/pdf/06w8qx77fkk9kv.pdf
MX1,MX1,2026-02-13,Computershare,Automic,Change of Share Registry Details,provider_change,from_to,https://announcements.asx.com.au/asxpdf/20260213/pdf/06w8q2kb27v353.pdf
XST,XST,2026-02-05,Automic,Boardroom,Notification of Change of Share Registry,provider_change,from_to,https://announcements.asx.com.au/asxpdf/20260205/pdf/06vzym96rfxy03.pdf
BFG,BFG,2026-01-16,Computershare,Automic,Change of share registry,provider_change,from_to,https://announcements.asx.com.au/asxpdf/20260116/pdf/06vbd63xbk0f8c.pdf
CAE,CAE,2026-01-16,Boardroom,Xcend,Change of Share Registry Details,provider_change,cease_plus_one,https://announcements.asx.com.au/asxpdf/20260116/pdf/06v9s8tgfdvsh8.pdf
POD,POD,2026-01-16,Computershare,Automic,Change of Share Registry,provider_change,from_to,https://announcements.asx.com.au/asxpdf/20260116/pdf/06vbckcjgkv0pc.pdf
ADS,ADS,2026-01-15,Computershare,Boardroom,Change of Share Registry,provider_change,from_to,https://announcements.asx.com.au/asxpdf/20260115/pdf/06v90s5g8lp4gp.pdf
AAM,AAM,2025-12-08,Automic,Computershare,AuMEGA Metals Announces Capital Market Changes,registry_other,from_to,https://announcements.asx.com.au/asxpdf/20251208/pdf/06t2mdm7g7cx1k.pdf
DAI,DAI,2025-12-08,Computershare,Automic,Change of Share Registry,provider_change,from_to,https://announcements.asx.com.au/asxpdf/20251208/pdf/06t23pcbx4nhs1.pdf
IND,IND,2025-12-05,Automic,Xcend,Change of Share Registry,provider_change,cease_plus_one,https://announcements.asx.com.au/asxpdf/20251205/pdf/06sz6835757354.pdf
FGH,FGH,2025-12-04,MUFG Corporate Markets,Boardroom,Change of Share Registry Details,provider_change,from_to,https://announcements.asx.com.au/asxpdf/20251204/pdf/06sxyhh0bhhn8y.pdf
IMC,IMC,2025-12-04,Automic,Boardroom,Change of Share Registry,provider_change,from_to,https://announcements.asx.com.au/asxpdf/20251204/pdf/06sxxfrdl6bspn.pdf
EFE,EFE,2025-11-28,Automic,Computershare,Change of share registry details,provider_change,from_to,https://announcements.asx.com.au/asxpdf/20251128/pdf/06snpzyz0crqgv.pdf
CPO,CPO,2025-11-21,Computershare,Automic,CPO Change of Share Registry,provider_change,from_to,https://announcements.asx.com.au/asxpdf/20251121/pdf/06sb41qzx8jlck.pdf
KFM,KFM,2025-10-31,Automic,Xcend,Change of Share Registry,provider_change,cease_plus_one,https://announcements.asx.com.au/asxpdf/20251031/pdf/06rc0srx99d07x.pdf
WYX,WYX,2025-10-24,Computershare,Automic,Change of Share Registry,provider_change,from_to,https://announcements.asx.com.au/asxpdf/20251024/pdf/06r0gp1cmt6wvm.pdf
MFD,MFD,2025-10-01,MUFG Corporate Markets,Xcend,Change of Share Registry,provider_change,from_to,https://announcements.asx.com.au/asxpdf/20251001/pdf/06pzzh3f7ds5zz.pdf
VML,VML,2025-09-12,Automic,Xcend,Change of Share Registry,provider_change,cease_plus_one,https://announcements.asx.com.au/asxpdf/20250912/pdf/06p4zzj2vz2v9n.pdf
NUC,NUC,2025-09-09,Automic,Xcend,Change of Share Registry,provider_change,from_to,https://announcements.asx.com.au/asxpdf/20250909/pdf/06p08lkr7hkpmv.pdf
EMU,EMU,2025-09-05,Automic,Xcend,Change of Share Registry,provider_change,cease_plus_one,https://announcements.asx.com.au/asxpdf/20250905/pdf/06nx21lvgfq5tz.pdf
SPN,SPN,2025-09-05,MUFG Corporate Markets,Xcend,Change of Share Registry,provider_change,cease_plus_one,https://announcements.asx.com.au/asxpdf/20250905/pdf/06nwxf2bx5j2ff.pdf
ATG,ATG,2025-09-01,MUFG Corporate Markets,Boardroom,Change of Share Registry,provider_change,from_to,https://announcements.asx.com.au/asxpdf/20250901/pdf/06npl754kh8s6p.pdf
ODE,ODE,2025-08-22,Automic,Xcend,Change of Share Registry,provider_change,cease_plus_one,https://announcements.asx.com.au/asxpdf/20250822/pdf/06n6qxg7m1l1vh.pdf
CPM,CPM,2025-08-21,Automic,Computershare,Change of Share Registry,provider_change,from_to,https://announcements.asx.com.au/asxpdf/20250821/pdf/06n4fxsj2c7yv0.pdf
CTN,CTN,2025-08-15,Boardroom,Automic,Change of Share Registry,provider_change,from_to,https://announcements.asx.com.au/asxpdf/20250815/pdf/06mxy52pzk7x39.pdf
GDG,GDG,2025-08-15,Boardroom,Automic,Change of share registry,provider_change,from_to,https://announcements.asx.com.au/asxpdf/20250815/pdf/06mxv555xgbrj7.pdf
FL1,FL1,2025-08-11,Automic,Xcend,Change of Share Registry,provider_change,two_brands,https://announcements.asx.com.au/asxpdf/20250811/pdf/06mrd8j7l5sjz2.pdf
GL1,GL1,2025-08-11,Computershare,Automic,Change of Share Registry Details,provider_change,from_to,https://announcements.asx.com.au/asxpdf/20250811/pdf/06mqp00bvgm33f.pdf
5GN,5GN,2025-08-01,MUFG Corporate Markets,Automic,Change of Share Registry Details,provider_change,from_to,https://announcements.asx.com.au/asxpdf/20250801/pdf/06mf332hdztblz.pdf
ALK,ALK,2025-07-25,Automic,Computershare,Change of Registrar,provider_change,from_to,https://announcements.asx.com.au/asxpdf/20250725/pdf/06m4lc79xq3snh.pdf
CTE,CTE,2025-07-14,MUFG Corporate Markets,Automic,Change of Share Registry Details,provider_change,from_to,https://announcements.asx.com.au/asxpdf/20250714/pdf/06lrsnjr1khc2m.pdf
ASE,VMS,2025-07-14,MUFG Corporate Markets,Xcend,Change of Share Registry and Registered Address,address_only,two_brands,https://announcements.asx.com.au/asxpdf/20250714/pdf/06lrvn6lzzg820.pdf
C1X,C1X,2025-06-27,Automic,Xcend,Change of Share Registry,provider_change,cease_plus_one,https://announcements.asx.com.au/asxpdf/20250627/pdf/06l5p7lc7m050d.pdf
GML,GML,2025-06-23,Automic,Xcend,Change of Share Registry,provider_change,two_brands,https://announcements.asx.com.au/asxpdf/20250623/pdf/06l0054g5vkk9k.pdf
STK,STK,2025-06-23,Automic,Xcend,Change of Share Registry,provider_change,two_brands,https://announcements.asx.com.au/asxpdf/20250623/pdf/06kzz45dp0rwxf.pdf
SVL,SVL,2025-06-23,Automic,Xcend,Change of Share Registry,provider_change,two_brands,https://announcements.asx.com.au/asxpdf/20250623/pdf/06kzzp7wr94nbj.pdf
IMD,IMD,2025-06-20,Computershare,Automic,Change of Share Registry,provider_change,from_to,https://announcements.asx.com.au/asxpdf/20250620/pdf/06ky8bgfdp1gmf.pdf
HTG,NS1,2025-06-13,Computershare,Xcend,Change of Share Registry,provider_change,cease_plus_one,https://announcements.asx.com.au/asxpdf/20250613/pdf/06kqs2hjwvc8s3.pdf
STN,STN,2025-06-13,MUFG Corporate Markets,Automic,Change of Share Registry,provider_change,from_to,https://announcements.asx.com.au/asxpdf/20250613/pdf/06kq5n7s9wmjy9.pdf
WIN,WIN,2025-06-13,Computershare,Xcend,Change of Share Registry,provider_change,cease_plus_one,https://announcements.asx.com.au/asxpdf/20250613/pdf/06kpphwm2sjr1l.pdf
CVC,CVC,2025-06-06,Registry Direct,Computershare,Change of Registrar,provider_change,from_to,https://announcements.asx.com.au/asxpdf/20250606/pdf/06khvbn2dbkvts.pdf
MYE,MYE,2025-06-06,MUFG Corporate Markets,Computershare,Change of Registry notification,provider_change,from_to,https://announcements.asx.com.au/asxpdf/20250606/pdf/06khspyxbd9qg5.pdf
ARX,ARX,2025-05-30,Boardroom,Automic,Change of Share Registry Details,provider_change,from_to,https://announcements.asx.com.au/asxpdf/20250530/pdf/06k8fz748gxpgb.pdf
KCN,KCN,2025-05-30,Automic,MUFG Corporate Markets,Change of Share Register Notification (KCN),provider_change,one_brand+prior_doc,https://announcements.asx.com.au/asxpdf/20250530/pdf/06k8cxnp454shc.pdf
MLG,MLG,2025-05-30,MUFG Corporate Markets,Computershare,Change of Share Registry,provider_change,from_to,https://announcements.asx.com.au/asxpdf/20250530/pdf/06k8lg1mtw0q12.pdf
AQI,SGC,2025-05-16,Automic,Computershare,Change of Share Registry,provider_change,from_to,https://announcements.asx.com.au/asxpdf/20250516/pdf/06jtl05k5fnq4c.pdf
HE8,HE8,2025-05-09,Computershare,Automic,Change of Share Registry Details,provider_change,from_to,https://announcements.asx.com.au/asxpdf/20250509/pdf/06jlg0qh7bb2dl.pdf
ABB,ABB,2025-05-05,MUFG Corporate Markets,Computershare,Change of Share Registry,provider_change,from_to,https://announcements.asx.com.au/asxpdf/20250505/pdf/06jdfv6zrw0kwq.pdf
NST,NST,2025-04-04,MUFG Corporate Markets,Automic,Change of Share Registry,provider_change,from_to,https://announcements.asx.com.au/asxpdf/20250404/pdf/06hdp98gqppjr7.pdf
NHE,NHE,2025-03-28,Automic,Computershare,Change of Share Registry,provider_change,from_to,https://announcements.asx.com.au/asxpdf/20250328/pdf/06h3cb85qqt5n0.pdf
NVO,NVO,2025-03-28,MUFG Corporate Markets,Automic,Change in Australian Shareholder registry services,registry_other,from_to,https://announcements.asx.com.au/asxpdf/20250328/pdf/06h3xb6td2fh06.pdf
PWN,PWN,2025-03-28,Automic,Xcend,Change of Share Registry,provider_change,cease_plus_one,https://announcements.asx.com.au/asxpdf/20250328/pdf/06h367wmgr0s39.pdf
AGN,AGN,2025-03-21,MUFG Corporate Markets,Automic,Change of Share Registry Details,provider_change,from_to,https://announcements.asx.com.au/asxpdf/20250321/pdf/06gw9t5h797yqt.pdf
EMV,EMV,2025-03-21,MUFG Corporate Markets,Automic,Change of Share Registry Details,provider_change,from_to,https://announcements.asx.com.au/asxpdf/20250321/pdf/06gwblr457bgdz.pdf
PNN,PNN,2025-03-14,MUFG Corporate Markets,Automic,Change of Share Registry Details,provider_change,from_to,https://announcements.asx.com.au/asxpdf/20250314/pdf/06gmgxsfdght2x.pdf
WHK,WHK,2025-03-14,Automic,Computershare,Change of Registrar,provider_change,from_to,https://announcements.asx.com.au/asxpdf/20250314/pdf/06gmbp9n1wd3f4.pdf
A3D,A3D,2025-03-07,Automic,Xcend,Change of Share Registry,provider_change,cease_plus_one,https://announcements.asx.com.au/asxpdf/20250307/pdf/06gchhk2vnl14j.pdf
CCE,CCE,2025-03-07,Automic,Xcend,Change of Share Registry,provider_change,cease_plus_one,https://announcements.asx.com.au/asxpdf/20250307/pdf/06gcfwxh42zm56.pdf
CP8,CP8,2025-03-07,Automic,Computershare,Change of Share Registry,provider_change,from_to,https://announcements.asx.com.au/asxpdf/20250307/pdf/06gcs0wnf6pwgz.pdf
SLB,SLB,2025-03-03,MUFG Corporate Markets,Automic,Change of Share Registry,provider_change,from_to,https://announcements.asx.com.au/asxpdf/20250303/pdf/06g5rl93n53v9s.pdf
AR3,AR3,2025-02-24,Computershare,Automic,Details of Share Registry address,address_only,from_to,https://announcements.asx.com.au/asxpdf/20250224/pdf/06fvjc8x9d157n.pdf
OCT,OCT,2025-02-24,Boardroom,Automic,Change of Share Registry,provider_change,from_to,https://announcements.asx.com.au/asxpdf/20250224/pdf/06fvymr1wh7r33.pdf
ZEU,ZEU,2025-02-24,Boardroom,Xcend,Change of Share Registry,provider_change,two_brands,https://announcements.asx.com.au/asxpdf/20250224/pdf/06ftvhfb6fn5s0.pdf
AS1,AS1,2025-02-21,MUFG Corporate Markets,Computershare,Change of Registrar,provider_change,from_to,https://announcements.asx.com.au/asxpdf/20250221/pdf/06fsrs1kfkn268.pdf
CML,CML,2025-02-21,Computershare,Xcend,Change of Share Registry,provider_change,cease_plus_one,https://announcements.asx.com.au/asxpdf/20250221/pdf/06fsdtjx3lk851.pdf
BGD,BGD,2025-02-14,Automic,Computershare,Change of Share Registry,provider_change,from_to,https://announcements.asx.com.au/asxpdf/20250214/pdf/06fhvqd8yz21j0.pdf
C29,C29,2025-02-14,Automic,Computershare,Change of Registrar,provider_change,from_to,https://announcements.asx.com.au/asxpdf/20250214/pdf/06fj3c3m6kk6rt.pdf
KAI,PGL,2025-02-14,Automic,Xcend,Change of Share Registry,provider_change,cease_plus_one,https://announcements.asx.com.au/asxpdf/20250214/pdf/06fjm91zkzny8s.pdf
GMD,GMD,2025-02-05,Computershare,Automic,Change of Share Registry,provider_change,from_to,https://announcements.asx.com.au/asxpdf/20250205/pdf/06f6wldvv47gk9.pdf
CT1,CT1,2025-01-31,Automic,Computershare,Details of Share Registry address,address_only,from_to,https://announcements.asx.com.au/asxpdf/20250131/pdf/06f1dctqbl5713.pdf
PGO,PGO,2025-01-20,Computershare,MUFG Corporate Markets,Change of Share Registry,provider_change,from_to,https://announcements.asx.com.au/asxpdf/20250120/pdf/06dnptbksy8y94.pdf
NUZ,NUZ,2025-01-16,Computershare,Automic,Change of Share Registry,provider_change,from_to,https://announcements.asx.com.au/asxpdf/20250116/pdf/06dl0nprl5jq8l.pdf
VAR,ARO,2025-01-10,Boardroom,Automic,Change of Share Registry Details,provider_change,from_to,https://announcements.asx.com.au/asxpdf/20250110/pdf/06dfj711kwzh7f.pdf
RAG,RAG,2025-01-10,Automic,Computershare,Change of Share Registry,provider_change,from_to,https://announcements.asx.com.au/asxpdf/20250110/pdf/06dfpwk72jy45k.pdf
PVE,PVE,2024-12-13,MUFG Corporate Markets,Automic,Change of Share Registry Details,provider_change,from_to,https://announcements.asx.com.au/asxpdf/20241213/pdf/06cmhnpdb5g3kf.pdf
HUB,HUB,2024-12-09,MUFG Corporate Markets,Automic,HUB24 Change of Share Registry Details,provider_change,from_to,https://announcements.asx.com.au/asxpdf/20241209/pdf/06cdlzzj5nfn59.pdf
IGL,IGL,2024-12-09,MUFG Corporate Markets,Automic,Change of Share Registry Details,provider_change,from_to,https://announcements.asx.com.au/asxpdf/20241209/pdf/06cf05pwxljpzj.pdf
PVT,PVT,2024-12-06,Automic,Xcend,Change of Share Registry,provider_change,cease_plus_one,https://announcements.asx.com.au/asxpdf/20241206/pdf/06cc8pfjws7kpf.pdf
WOA,WOA,2024-12-05,MUFG Corporate Markets,Automic,Change of Share Registry,provider_change,from_to,https://announcements.asx.com.au/asxpdf/20241205/pdf/06c9j7mqvqf979.pdf
MCA,MCA,2024-12-03,Automic,MUFG Corporate Markets,Change of Share Registry Notification,provider_change,one_brand+prior_doc,https://announcements.asx.com.au/asxpdf/20241203/pdf/06c60vhlr1mfls.pdf
ROG,ROG,2024-11-29,Automic,Xcend,Change of Share Registry,provider_change,cease_plus_one,https://announcements.asx.com.au/asxpdf/20241129/pdf/06c27pmlws5bp9.pdf
LVE,LVE,2024-11-18,Automic,Xcend,Change of Share Registry Details,provider_change,from_to,https://announcements.asx.com.au/asxpdf/20241118/pdf/06bj0b6nbvl9r2.pdf
AFI,AFI,2024-10-30,Computershare,MUFG Corporate Markets,Change of Share Register Notification,provider_change,one_brand+prior_doc,https://announcements.asx.com.au/asxpdf/20241030/pdf/069t6105xpp2r5.pdf
AMH,AMH,2024-10-30,Computershare,MUFG Corporate Markets,Change of Share Register Notification,provider_change,one_brand+prior_doc,https://announcements.asx.com.au/asxpdf/20241030/pdf/069t704h1kzlx2.pdf
DJW,DJW,2024-10-30,Computershare,MUFG Corporate Markets,Change of Share Register Notification,provider_change,one_brand+prior_doc,https://announcements.asx.com.au/asxpdf/20241030/pdf/069t74py0c2y61.pdf
MIR,MIR,2024-10-30,Computershare,MUFG Corporate Markets,Change of Share Register Notification,provider_change,one_brand+prior_doc,https://announcements.asx.com.au/asxpdf/20241030/pdf/069t72jbm7yrq2.pdf
LKO,LKO,2024-10-23,Computershare,Boardroom,Change of Registry,provider_change,from_to,https://announcements.asx.com.au/asxpdf/20241023/pdf/069gkfq0qfnnz4.pdf
GLH,GLH,2024-10-07,MUFG Corporate Markets,Boardroom,Change of Share Registry Provider,provider_change,from_to,https://announcements.asx.com.au/asxpdf/20241007/pdf/068tlrpct0s4rb.pdf
ATH,ATH,2024-10-04,Computershare,Automic,Change of Share Registry,provider_change,from_to,https://announcements.asx.com.au/asxpdf/20241004/pdf/068rm0g0lngkts.pdf
TKM,TKM,2024-09-20,Computershare,Automic,Change of Share Registry details,provider_change,from_to,https://announcements.asx.com.au/asxpdf/20240920/pdf/06831q9c2yw9kv.pdf
VTM,VTM,2024-09-20,Computershare,Xcend,Change of Share Registry,provider_change,cease_plus_one,https://announcements.asx.com.au/asxpdf/20240920/pdf/0683yqz6ctqrlf.pdf
NMR,NMR,2024-09-13,Boardroom,Automic,Change of Share Registry,provider_change,from_to,https://announcements.asx.com.au/asxpdf/20240913/pdf/067vhtnv0m17yw.pdf
PAM,FLG,2024-09-12,Automic,MUFG Corporate Markets,Change of Registry,provider_change,from_to,https://announcements.asx.com.au/asxpdf/20240912/pdf/067sp6p8r1pztw.pdf
WOT,WOT,2024-09-06,Automic,Computershare,Change of Share Registry,provider_change,from_to,https://announcements.asx.com.au/asxpdf/20240906/pdf/067ll2bywj5y94.pdf
AFL,AFL,2024-08-30,Automic,Computershare,AFL Change of Share Registry,provider_change,from_to,https://announcements.asx.com.au/asxpdf/20240830/pdf/067b7g0l0n8x3q.pdf
DVP,DVP,2024-08-30,MUFG Corporate Markets,Automic,Change of Share Registry,provider_change,from_to,https://announcements.asx.com.au/asxpdf/20240830/pdf/067b17v434c9dz.pdf
TTM,TTM,2024-08-30,Automic,Xcend,Change of Share Registry,provider_change,cease_plus_one,https://announcements.asx.com.au/asxpdf/20240830/pdf/0679v71sgx8zpm.pdf
ARC,ARC,2024-08-29,Boardroom,Registry Direct,Change of share registry,provider_change,from_to,https://announcements.asx.com.au/asxpdf/20240829/pdf/0677wc96tn3sjq.pdf
AX8,AX8,2024-08-23,Automic,Xcend,Change of Share Registry,provider_change,cease_plus_one,https://announcements.asx.com.au/asxpdf/20240823/pdf/066z7swcpnw1cm.pdf
UOS,UOS,2024-08-16,Automic,Xcend,Change of Share Registry Details,provider_change,cease_plus_one,https://announcements.asx.com.au/asxpdf/20240816/pdf/066pncz84pfnl2.pdf
RND,RND,2024-08-15,Automic,Xcend,Change of Share Registry,provider_change,cease_plus_one,https://announcements.asx.com.au/asxpdf/20240815/pdf/066nn823w1qlp0.pdf
TBR,TBR,2024-08-15,Automic,Xcend,Change of Share Registry,provider_change,cease_plus_one,https://announcements.asx.com.au/asxpdf/20240815/pdf/066nc6m851qsqx.pdf
PVL,PVL,2024-07-29,Computershare,Xcend,Change of Share Registry,provider_change,cease_plus_one,https://announcements.asx.com.au/asxpdf/20240729/pdf/0660mnfrx4yrcl.pdf
EOS,EOS,2024-07-26,Computershare,MUFG Corporate Markets,Change of Share Registry,provider_change,one_brand+prior_doc,https://announcements.asx.com.au/asxpdf/20240726/pdf/065ynn98vb8nx4.pdf
EE1,EE1,2024-07-22,MUFG Corporate Markets,Automic,Change of Share Registry,provider_change,from_to,https://announcements.asx.com.au/asxpdf/20240722/pdf/065snhnmq4p120.pdf
LYK,YUG,2024-07-19,Automic,Computershare,Change of Share Registry,provider_change,from_to,https://announcements.asx.com.au/asxpdf/20240719/pdf/065r2rz9q1l010.pdf
FCL,FCL,2024-07-15,Boardroom,Automic,Change of Share Registry Details,provider_change,prior_doc+next_doc,https://announcements.asx.com.au/asxpdf/20240715/pdf/065l6z4sksx6s0.pdf
TG1,TG1,2024-07-08,Automic,Computershare,Change of Share Registry Notification,provider_change,from_to,https://announcements.asx.com.au/asxpdf/20240708/pdf/065cwjgy837fc0.pdf
IPB,FEL,2024-07-05,MUFG Corporate Markets,Computershare,Change of Share Registry,provider_change,from_to,https://announcements.asx.com.au/asxpdf/20240705/pdf/0659z96nkhkdjq.pdf
IVX,IVX,2024-07-01,MUFG Corporate Markets,Boardroom,Change of Share Registry,provider_change,from_to,https://announcements.asx.com.au/asxpdf/20240701/pdf/0653qznvj7wvfp.pdf
SPA,SPA,2024-07-01,Computershare,Boardroom,Change of Share Registry,provider_change,from_to,https://announcements.asx.com.au/asxpdf/20240701/pdf/06539zkct7yw3r.pdf
IPG,IPG,2024-06-28,Automic,Computershare,Change of Share Registry,provider_change,from_to,https://announcements.asx.com.au/asxpdf/20240628/pdf/065191j3m3w73d.pdf
BOL,BOL,2024-06-24,Computershare,Automic,Change of Share Registry Details,provider_change,from_to,https://announcements.asx.com.au/asxpdf/20240624/pdf/064vpd00lm4v03.pdf
SNT,SNT,2024-06-24,Computershare,Boardroom,Change of Share Registry Management Services,provider_change,from_to,https://announcements.asx.com.au/asxpdf/20240624/pdf/064vybnwwcn3qg.pdf
IVZ,IVZ,2024-06-17,Computershare,MUFG Corporate Markets,Change in Share Registry,provider_change,two_brands,https://announcements.asx.com.au/asxpdf/20240617/pdf/064n7ly1tj2trb.pdf
IEC,BTM,2024-05-31,MUFG Corporate Markets,Automic,Change of Share Registry,provider_change,from_to,https://announcements.asx.com.au/asxpdf/20240531/pdf/0644jcgwxy3d7m.pdf
FDV,FDV,2024-05-27,Computershare,MUFG Corporate Markets,Change of share registry provider,provider_change,from_to,https://announcements.asx.com.au/asxpdf/20240527/pdf/063ylmllz6z2r2.pdf
CAA,CAA,2024-05-24,Computershare,Automic,Change of Share Registry address,address_only,two_brands,https://announcements.asx.com.au/asxpdf/20240524/pdf/063x0vyqtwngq8.pdf
MMC,ASL,2024-05-17,Automic,Computershare,Change of Share Registry,provider_change,from_to,https://announcements.asx.com.au/asxpdf/20240517/pdf/063nj68h6nyv2r.pdf
BPT,BPT,2024-05-13,Computershare,Boardroom,Change of share registry provider,provider_change,appoint_plus_one,https://announcements.asx.com.au/asxpdf/20240513/pdf/063hlt0hq46g4l.pdf
KCN,KCN,2024-05-10,MUFG Corporate Markets,Automic,Change of Share Registry,provider_change,from_to,https://announcements.asx.com.au/asxpdf/20240510/pdf/063fmb50h939tr.pdf
RMY,RMY,2024-04-26,Computershare,Automic,Change of Share Registry,provider_change,from_to,https://announcements.asx.com.au/asxpdf/20240426/pdf/062x49ckkydckv.pdf
CR9,M96,2024-04-22,Automic,Xcend,Change of share registry,provider_change,cease_plus_one,https://announcements.asx.com.au/asxpdf/20240422/pdf/062qx90rkmbwh4.pdf
WSI,WSI,2024-04-22,Automic,Xcend,Change of share registry,provider_change,cease_plus_one,https://announcements.asx.com.au/asxpdf/20240422/pdf/062qx4q1124jx2.pdf
CLZ,CLZ,2024-04-19,MUFG Corporate Markets,Automic,Change of Share Registry,provider_change,two_brands,https://announcements.asx.com.au/asxpdf/20240419/pdf/062npgfwpw9t53.pdf
HLX,HLX,2024-04-12,Computershare,Automic,Details of Share Registry address,address_only,from_to,https://announcements.asx.com.au/asxpdf/20240412/pdf/062g3snt8q91kn.pdf
RMI,RMI,2024-04-12,Computershare,Automic,Change of Share Registry Details,provider_change,from_to,https://announcements.asx.com.au/asxpdf/20240412/pdf/062gfbm8brv6nr.pdf
PKD,PKD,2024-04-05,MUFG Corporate Markets,Automic,Change of Share Registry Details,provider_change,from_to,https://announcements.asx.com.au/asxpdf/20240405/pdf/062714zl7ldbq7.pdf
ETM,ETM,2024-04-02,Automic,Computershare,Change of Share Registry details,provider_change,from_to,https://announcements.asx.com.au/asxpdf/20240402/pdf/0622sp9h9p2hj5.pdf
JGH,JGH,2024-03-28,Automic,Computershare,Change of Share Registry Details,provider_change,from_to,https://announcements.asx.com.au/asxpdf/20240328/pdf/061z8v1mqr5jg7.pdf
BUR,BUR,2024-03-25,Advanced Share Registry,Automic,Change of Share Registry Details,provider_change,from_to,https://announcements.asx.com.au/asxpdf/20240325/pdf/061vl4cf6271pg.pdf
SRK,SRK,2024-03-25,Advanced Share Registry,Automic,Change of Share Registry Details,provider_change,from_to,https://announcements.asx.com.au/asxpdf/20240325/pdf/061v83d4zyhqsn.pdf
GCM,GCM,2024-03-22,MUFG Corporate Markets,Automic,Change of Share Registry,provider_change,from_to,https://announcements.asx.com.au/asxpdf/20240322/pdf/061rxntc8jr9xw.pdf
HMY,HMY,2024-03-22,MUFG Corporate Markets,Automic,Change of Share Registry Details,provider_change,from_to,https://announcements.asx.com.au/asxpdf/20240322/pdf/061rl3ctw9hf2w.pdf
ICG,RKB,2024-03-22,Advanced Share Registry,Automic,Change of Share Registry,provider_change,from_to,https://announcements.asx.com.au/asxpdf/20240322/pdf/061s8p5ypb4mhk.pdf
TMG,AT4,2024-03-19,Computershare,Automic,Change of Share Registry,provider_change,from_to,https://announcements.asx.com.au/asxpdf/20240319/pdf/061nssj8bbbdfj.pdf
FIN,FIN,2024-03-18,Automic,Computershare,Change of Share Registry Details,provider_change,from_to,https://announcements.asx.com.au/asxpdf/20240318/pdf/061m7vs34glp6m.pdf
AYA,AYA,2024-03-15,Computershare,Automic,Change of Share Registry Details,provider_change,from_to,https://announcements.asx.com.au/asxpdf/20240315/pdf/061kbt0hm237t0.pdf
NME,NME,2024-03-15,Advanced Share Registry,Automic,Share Registry Change,provider_change,from_to,https://announcements.asx.com.au/asxpdf/20240315/pdf/061k0jglc9ffjs.pdf
TOR,TOR,2024-03-15,Advanced Share Registry,Automic,Change of Share Registry Details,provider_change,from_to,https://announcements.asx.com.au/asxpdf/20240315/pdf/061ktv2zhlnf0q.pdf
TX3,XRA,2024-03-15,Computershare,Automic,Change of Share Registry Details,provider_change,from_to,https://announcements.asx.com.au/asxpdf/20240315/pdf/061k8sw8jzj0df.pdf
SIX,SIX,2024-03-14,Advanced Share Registry,Automic,Change of Share Registry,provider_change,from_to,https://announcements.asx.com.au/asxpdf/20240314/pdf/061j7p9s1934gv.pdf
DAL,DAL,2024-03-13,Advanced Share Registry,Automic,Change of Share Registry Details,provider_change,from_to,https://announcements.asx.com.au/asxpdf/20240313/pdf/061g25nxt930cf.pdf
GRR,GRR,2024-03-12,Advanced Share Registry,Automic,Change of Share Registry,provider_change,from_to,https://announcements.asx.com.au/asxpdf/20240312/pdf/061f7z4v0ffhqn.pdf
LNU,IOV,2024-03-12,Advanced Share Registry,Automic,Change of Share Registry Details,provider_change,from_to,https://announcements.asx.com.au/asxpdf/20240312/pdf/061dfj8jf4xhmy.pdf
MRD,MRD,2024-03-12,Advanced Share Registry,Automic,Change of Share Registry Details,provider_change,from_to,https://announcements.asx.com.au/asxpdf/20240312/pdf/061f7d4qbztt7l.pdf
MTL,MTL,2024-03-12,Advanced Share Registry,Automic,Change of Share Registry,provider_change,from_to,https://announcements.asx.com.au/asxpdf/20240312/pdf/061f5zs2x6k5yv.pdf
HMD,HMD,2024-03-08,Automic,Xcend,Change of Share Registry,provider_change,cease_plus_one,https://announcements.asx.com.au/asxpdf/20240308/pdf/0619ts7mky01xz.pdf
CR9,M96,2024-03-07,Advanced Share Registry,Automic,Change of share registry,provider_change,from_to,https://announcements.asx.com.au/asxpdf/20240307/pdf/0618fjs6zky9lf.pdf
WSI,WSI,2024-03-07,Advanced Share Registry,Automic,Change of share registry,provider_change,from_to,https://announcements.asx.com.au/asxpdf/20240307/pdf/0618j01652dbqc.pdf
ACS,ACS,2024-03-06,Advanced Share Registry,Automic,Details of Share Registry details,registry_other,from_to,https://announcements.asx.com.au/asxpdf/20240306/pdf/0616zqgf0czq8k.pdf
BBC,BBC,2024-03-06,Advanced Share Registry,Automic,Change of share registry,provider_change,from_to,https://announcements.asx.com.au/asxpdf/20240306/pdf/061720n1lh11n8.pdf
CTM,CTM,2024-03-06,Advanced Share Registry,Automic,CTM Change of Share Registry Details,provider_change,from_to,https://announcements.asx.com.au/asxpdf/20240306/pdf/06179qn82h2t48.pdf
KM1,KM1,2024-03-06,Advanced Share Registry,Automic,Change of Share Registry and Trading Policy,provider_change,from_to,https://announcements.asx.com.au/asxpdf/20240306/pdf/0616l221dnzb4q.pdf
RHT,RHT,2024-03-06,Advanced Share Registry,Automic,Change of Share Registry Details,provider_change,from_to,https://announcements.asx.com.au/asxpdf/20240306/pdf/0616813gqgw8lm.pdf
RR1,RR1,2024-03-06,Advanced Share Registry,Automic,Change of Share Registry Details,provider_change,from_to,https://announcements.asx.com.au/asxpdf/20240306/pdf/06178fhllrztmf.pdf
ASM,ASM,2024-03-05,Advanced Share Registry,Automic,Details of Share Registry address,address_only,from_to,https://announcements.asx.com.au/asxpdf/20240305/pdf/0615wh6yc3jmb2.pdf
AUQ,AUQ,2024-03-05,Advanced Share Registry,Automic,Change of Share Registry,provider_change,from_to,https://announcements.asx.com.au/asxpdf/20240305/pdf/0615db8rl9v0s1.pdf
HFR,HFR,2024-03-05,Advanced Share Registry,Automic,Change of Share Registry Details,provider_change,from_to,https://announcements.asx.com.au/asxpdf/20240305/pdf/0615wczvfhkh1r.pdf
IEQ,IEQ,2024-03-05,Advanced Share Registry,Automic,Change of Share Registry Details to Atomic,provider_change,from_to,https://announcements.asx.com.au/asxpdf/20240305/pdf/0615j38qc1ykks.pdf
MDX,MDX,2024-03-05,Advanced Share Registry,Automic,Details of Share Registry address,address_only,from_to,https://announcements.asx.com.au/asxpdf/20240305/pdf/0615wkb4dn9d2d.pdf
CKA,CKA,2024-03-04,Advanced Share Registry,Automic,Change of Share Registry Details,provider_change,from_to,https://announcements.asx.com.au/asxpdf/20240304/pdf/0613spvs8n4l5g.pdf
HFY,HFY,2024-03-04,Advanced Share Registry,Automic,HFY Change of Share Registry - Details for Shareholders,provider_change,from_to,https://announcements.asx.com.au/asxpdf/20240304/pdf/0614g58wc610tz.pdf
CAG,PFM,2024-03-04,Advanced Share Registry,Automic,Details of Share Registry address,address_only,two_brands,https://announcements.asx.com.au/asxpdf/20240304/pdf/0613fr7wgx93kr.pdf
KIN,PTN,2024-03-04,Advanced Share Registry,Automic,Change of Share Registry Details,provider_change,from_to,https://announcements.asx.com.au/asxpdf/20240304/pdf/0613ggmgtbpnx5.pdf
ZAG,ZAG,2024-03-04,Advanced Share Registry,Automic,Details of Share Registry address,address_only,two_brands,https://announcements.asx.com.au/asxpdf/20240304/pdf/0613ft9184zbd0.pdf
AAJ,AAJ,2024-03-01,Advanced Share Registry,Automic,Change of Share Registry,provider_change,from_to,https://announcements.asx.com.au/asxpdf/20240301/pdf/0611t478xcqbpj.pdf
ACP,ACP,2024-03-01,Advanced Share Registry,Automic,Change of share registry,provider_change,from_to,https://announcements.asx.com.au/asxpdf/20240301/pdf/0611y6qkqdp2j0.pdf
AMD,AMD,2024-03-01,Advanced Share Registry,Automic,Change of Share Registry Details,provider_change,from_to,https://announcements.asx.com.au/asxpdf/20240301/pdf/06127zh2wtpbjz.pdf
AQD,AQD,2024-03-01,Advanced Share Registry,Automic,Change of Share Registry Details,provider_change,from_to,https://announcements.asx.com.au/asxpdf/20240301/pdf/0611b2j1t02sr3.pdf
AU1,AU1,2024-03-01,Advanced Share Registry,Automic,Change of share registry details,provider_change,from_to,https://announcements.asx.com.au/asxpdf/20240301/pdf/06127hy10cp6y6.pdf
AX8,AX8,2024-03-01,Advanced Share Registry,Automic,Change of Share Registry Details,provider_change,from_to,https://announcements.asx.com.au/asxpdf/20240301/pdf/06126r4jlbpg9x.pdf
BMM,BMM,2024-03-01,Advanced Share Registry,Automic,Change of Share Registry Details,provider_change,from_to,https://announcements.asx.com.au/asxpdf/20240301/pdf/0612jrt8xjtjp0.pdf
CAQ,CAQ,2024-03-01,Advanced Share Registry,Automic,Details of Share Registry address,address_only,from_to,https://announcements.asx.com.au/asxpdf/20240301/pdf/0612jgyh45pjl0.pdf
EL8,EL8,2024-03-01,Advanced Share Registry,Automic,Change of Share Registry,provider_change,from_to,https://announcements.asx.com.au/asxpdf/20240301/pdf/06120cy823hmxv.pdf
EQN,EMA,2024-03-01,Advanced Share Registry,Automic,Change of Share Registry Detail,provider_change,from_to,https://announcements.asx.com.au/asxpdf/20240301/pdf/0612bd4lg2q611.pdf
ETM,ETM,2024-03-01,Advanced Share Registry,Automic,Change of Share Registry Provider,provider_change,from_to,https://announcements.asx.com.au/asxpdf/20240301/pdf/0612fhqxpzv5t0.pdf
EVR,EVR,2024-03-01,Advanced Share Registry,Automic,Change of Share Registry Details,provider_change,from_to,https://announcements.asx.com.au/asxpdf/20240301/pdf/0612d9rsy49zgl.pdf
FIN,FIN,2024-03-01,Advanced Share Registry,Automic,Change of Share Registry Details,provider_change,from_to,https://announcements.asx.com.au/asxpdf/20240301/pdf/0611cfxt1km7yx.pdf
PAM,FLG,2024-03-01,Advanced Share Registry,Automic,Change of Registry,provider_change,from_to,https://announcements.asx.com.au/asxpdf/20240301/pdf/06129txpzfh104.pdf
FND,FND,2024-03-01,Advanced Share Registry,Automic,Change of Share Registry Details,provider_change,from_to,https://announcements.asx.com.au/asxpdf/20240301/pdf/0611h77jv0cs6d.pdf
HMX,HMX,2024-03-01,Advanced Share Registry,Automic,Change of Share Registry,provider_change,from_to,https://announcements.asx.com.au/asxpdf/20240301/pdf/06123ygplvqfwf.pdf
HOR,HOR,2024-03-01,Advanced Share Registry,Automic,Change of Share Registry Details,provider_change,from_to,https://announcements.asx.com.au/asxpdf/20240301/pdf/061249c4dwsj3v.pdf
IPT,IPT,2024-03-01,Advanced Share Registry,Automic,Change of Share Registry Details,provider_change,from_to,https://announcements.asx.com.au/asxpdf/20240301/pdf/0612byml66xm18.pdf
JGH,JGH,2024-03-01,Advanced Share Registry,Automic,Change of Share Registry Details,provider_change,from_to,https://announcements.asx.com.au/asxpdf/20240301/pdf/0611ckz28cshrr.pdf
JLL,JLL,2024-03-01,Advanced Share Registry,Automic,Change of Share Registry Details,provider_change,from_to,https://announcements.asx.com.au/asxpdf/20240301/pdf/0612mr628np0w5.pdf
KNG,KNG,2024-03-01,Advanced Share Registry,Automic,Change of Share Registry Details,provider_change,from_to,https://announcements.asx.com.au/asxpdf/20240301/pdf/0612jk0mpx8039.pdf
KZR,KZR,2024-03-01,Advanced Share Registry,Automic,Change of Share Registry,provider_change,from_to,https://announcements.asx.com.au/asxpdf/20240301/pdf/0612lr6pkmvwcp.pdf
LEG,LEG,2024-03-01,Advanced Share Registry,Automic,Change of Share Registry Details,provider_change,from_to,https://announcements.asx.com.au/asxpdf/20240301/pdf/0612m1sqbzvv9k.pdf
LIT,LIT,2024-03-01,Advanced Share Registry,Automic,Change of Share Registry Details,provider_change,from_to,https://announcements.asx.com.au/asxpdf/20240301/pdf/06128xqtnkr2kc.pdf
M2M,M2M,2024-03-01,Advanced Share Registry,Automic,Change of Share Registry Details,provider_change,from_to,https://announcements.asx.com.au/asxpdf/20240301/pdf/06121xxd9b9yfq.pdf
MCA,MCA,2024-03-01,Advanced Share Registry,Automic,Change of Share Registry Details,provider_change,from_to,https://announcements.asx.com.au/asxpdf/20240301/pdf/0612m72d85hq9d.pdf
MOH,MOH,2024-03-01,Advanced Share Registry,Automic,Change of Share Registry Details,provider_change,from_to,https://announcements.asx.com.au/asxpdf/20240301/pdf/0612md0z9xnm04.pdf
MOM,MOM,2024-03-01,Advanced Share Registry,Automic,Change of Share Registry Details,provider_change,from_to,https://announcements.asx.com.au/asxpdf/20240301/pdf/0612cmk4tjdzt7.pdf
NOR,NOR,2024-03-01,Advanced Share Registry,Automic,Change of share registry details,provider_change,from_to,https://announcements.asx.com.au/asxpdf/20240301/pdf/06127cmpdvj8m2.pdf
NXM,NXM,2024-03-01,Advanced Share Registry,Automic,Change of Share Registry,provider_change,from_to,https://announcements.asx.com.au/asxpdf/20240301/pdf/0611tbl8z83hzr.pdf
OKJ,OKJ,2024-03-01,Advanced Share Registry,Automic,Change of Share Registry Details,provider_change,from_to,https://announcements.asx.com.au/asxpdf/20240301/pdf/0611zckw6v508b.pdf
PCL,PCL,2024-03-01,Advanced Share Registry,Automic,Change of Share Registry Details,provider_change,from_to,https://announcements.asx.com.au/asxpdf/20240301/pdf/0611kvj0qksbql.pdf
PWN,PWN,2024-03-01,Advanced Share Registry,Automic,Details of Share Registry address,address_only,from_to,https://announcements.asx.com.au/asxpdf/20240301/pdf/0612hnvkwfsbcx.pdf
RND,RND,2024-03-01,Advanced Share Registry,Automic,Change of Share Registry Details,provider_change,from_to,https://announcements.asx.com.au/asxpdf/20240301/pdf/0612mjqhrw9dc5.pdf
SFM,SFM,2024-03-01,Advanced Share Registry,Automic,Change of Share Registry Details,provider_change,from_to,https://announcements.asx.com.au/asxpdf/20240301/pdf/0611zfxmfk57hv.pdf
SHO,SHO,2024-03-01,Advanced Share Registry,Automic,Change of Share Registry details,provider_change,from_to,https://announcements.asx.com.au/asxpdf/20240301/pdf/0612kmjr74kn84.pdf
OJC,SPG,2024-03-01,Advanced Share Registry,Automic,Change of Share Registry Details,provider_change,from_to,https://announcements.asx.com.au/asxpdf/20240301/pdf/061298h6ll66vg.pdf
SRN,SRN,2024-03-01,Advanced Share Registry,Automic,Change of Share Registry,provider_change,from_to,https://announcements.asx.com.au/asxpdf/20240301/pdf/0611r19ybpd7nx.pdf
TMS,TMS,2024-03-01,Advanced Share Registry,Automic,Change of share registry details,provider_change,from_to,https://announcements.asx.com.au/asxpdf/20240301/pdf/061270xv8wbsc5.pdf
3DP,3DP,2024-02-29,Advanced Share Registry,Automic,Change of Share Registry Details,provider_change,from_to,https://announcements.asx.com.au/asxpdf/20240229/pdf/0610xzlm1wm16s.pdf
ASN,ASN,2024-02-29,Advanced Share Registry,Automic,Change of Share Registry Details,provider_change,from_to,https://announcements.asx.com.au/asxpdf/20240229/pdf/060zjxhgybr066.pdf
CAZ,CAZ,2024-02-29,Advanced Share Registry,Automic,Change of Share Registry Details,provider_change,from_to,https://announcements.asx.com.au/asxpdf/20240229/pdf/060zhqp1bb6z5s.pdf
CZN,CZN,2024-02-29,Advanced Share Registry,Automic,Share registry change,provider_change,from_to,https://announcements.asx.com.au/asxpdf/20240229/pdf/0610fs3tm16rpg.pdf
GED,GED,2024-02-29,Advanced Share Registry,Automic,Change in Share Registry,provider_change,from_to,https://announcements.asx.com.au/asxpdf/20240229/pdf/06112b57j9bvzl.pdf
GLN,GLN,2024-02-29,Advanced Share Registry,Automic,Change of Share Registry Details,provider_change,from_to,https://announcements.asx.com.au/asxpdf/20240229/pdf/060zgy8g3r8ywj.pdf
HYT,HYT,2024-02-29,Advanced Share Registry,Automic,Change of Share Registry Details,provider_change,from_to,https://announcements.asx.com.au/asxpdf/20240229/pdf/06101fyxg0ddfc.pdf
LVE,LVE,2024-02-29,Advanced Share Registry,Automic,Change of Share Registry Details,provider_change,from_to,https://announcements.asx.com.au/asxpdf/20240229/pdf/060zqmx4y1gxp3.pdf
MAT,MAT,2024-02-29,Advanced Share Registry,Automic,Change of Share Registry Address,address_only,from_to,https://announcements.asx.com.au/asxpdf/20240229/pdf/06103p8jjg9ptx.pdf
MLS,MLS,2024-02-29,Advanced Share Registry,Automic,Change of Share Registry,provider_change,from_to,https://announcements.asx.com.au/asxpdf/20240229/pdf/061126wq4q6nps.pdf
KAI,PGL,2024-02-29,Advanced Share Registry,Automic,Change of Share Registry,provider_change,from_to,https://announcements.asx.com.au/asxpdf/20240229/pdf/060zqz5ctrz5yb.pdf
RDS,RDS,2024-02-29,Advanced Share Registry,Automic,Change of Share Registry Details,provider_change,from_to,https://announcements.asx.com.au/asxpdf/20240229/pdf/0610qhwwsn5wh3.pdf
SBR,SBR,2024-02-29,Advanced Share Registry,Automic,Change in Share Registry,provider_change,from_to,https://announcements.asx.com.au/asxpdf/20240229/pdf/06112dnjgmwj4q.pdf
SCN,SCN,2024-02-29,Advanced Share Registry,Automic,Change of Share Registry Details,provider_change,from_to,https://announcements.asx.com.au/asxpdf/20240229/pdf/0610whbmd757wr.pdf
TBR,TBR,2024-02-29,Advanced Share Registry,Automic,Change of Share Registry Details,provider_change,from_to,https://announcements.asx.com.au/asxpdf/20240229/pdf/06103kvfs05pj3.pdf
MTB,TXR,2024-02-29,Advanced Share Registry,Automic,Change of Share Registry,provider_change,from_to,https://announcements.asx.com.au/asxpdf/20240229/pdf/0610cp0yjzfzpq.pdf
PVW,USM,2024-02-29,Advanced Share Registry,Automic,Change of Share Registry Details,provider_change,from_to,https://announcements.asx.com.au/asxpdf/20240229/pdf/06106bf54jm7yc.pdf
BEL,BEL,2024-02-28,Advanced Share Registry,Automic,Change of Share Registry Details,provider_change,from_to,https://announcements.asx.com.au/asxpdf/20240228/pdf/060y60103bl22r.pdf
BMH,BMH,2024-02-28,Advanced Share Registry,Automic,Change of Share Registry,provider_change,from_to,https://announcements.asx.com.au/asxpdf/20240228/pdf/060xw90pc32904.pdf
BPH,BPH,2024-02-28,Advanced Share Registry,Automic,Details of Share Registry address,address_only,from_to,https://announcements.asx.com.au/asxpdf/20240228/pdf/060xs52n6yc0z7.pdf
GLV,CND,2024-02-28,Advanced Share Registry,Automic,CHANGE OF SHARE REGISTRY DETAILS,provider_change,from_to,https://announcements.asx.com.au/asxpdf/20240228/pdf/060ykvt2khsxzk.pdf
CNJ,CNJ,2024-02-28,Advanced Share Registry,Automic,Change of Share Registry Details,provider_change,from_to,https://announcements.asx.com.au/asxpdf/20240228/pdf/060xtfyhtf97k8.pdf
CXU,CXU,2024-02-28,Advanced Share Registry,Automic,Change of Share Registry,provider_change,from_to,https://announcements.asx.com.au/asxpdf/20240228/pdf/060xk9cblky9sl.pdf
EDE,EDE,2024-02-28,Advanced Share Registry,Automic,Change of Share Registry Details,provider_change,from_to,https://announcements.asx.com.au/asxpdf/20240228/pdf/060xtcrb4b9ltm.pdf
ERG,ERG,2024-02-28,Advanced Share Registry,Automic,Change of Share Registry Details,provider_change,from_to,https://announcements.asx.com.au/asxpdf/20240228/pdf/060x0l5ljvxj1s.pdf
GGE,GGE,2024-02-28,Advanced Share Registry,Automic,CHANGE OF SHARE REGISTRY DETAILS,provider_change,from_to,https://announcements.asx.com.au/asxpdf/20240228/pdf/060xsb7rmj6smx.pdf
LDR,LDR,2024-02-28,Advanced Share Registry,Automic,Change of Share Registry Provider,provider_change,from_to,https://announcements.asx.com.au/asxpdf/20240228/pdf/060ygff29dtbg2.pdf
LDR,LDR,2024-02-28,Advanced Share Registry,Automic,Change of Share Registry Provider,provider_change,from_to,https://announcements.asx.com.au/asxpdf/20240228/pdf/060yd4t56q7l0f.pdf
LEL,LEL,2024-02-28,Advanced Share Registry,Automic,Change of Share Registry Details,provider_change,from_to,https://announcements.asx.com.au/asxpdf/20240228/pdf/060y75zyn3rqfc.pdf
SES,MCO,2024-02-28,Advanced Share Registry,Automic,Change of Share Registry Details,provider_change,from_to,https://announcements.asx.com.au/asxpdf/20240228/pdf/060x0g4d9bmjbs.pdf
MPX,MPX,2024-02-28,Advanced Share Registry,Automic,Change of Share Registry,provider_change,from_to,https://announcements.asx.com.au/asxpdf/20240228/pdf/060xwzf9hgdd9m.pdf
OEQ,OEQ,2024-02-28,Advanced Share Registry,Automic,Change of Share Registry Details,provider_change,from_to,https://announcements.asx.com.au/asxpdf/20240228/pdf/060y6djw1v7n4z.pdf
OZZ,OZZ,2024-02-28,Advanced Share Registry,Automic,Change of Share Registry Details,provider_change,from_to,https://announcements.asx.com.au/asxpdf/20240228/pdf/060yc4hg2yb1mx.pdf
QUE,QUE,2024-02-28,Advanced Share Registry,Automic,Change of Share Registry Details,provider_change,from_to,https://announcements.asx.com.au/asxpdf/20240228/pdf/060y73jpnpwrgy.pdf
TAS,TAS,2024-02-28,Advanced Share Registry,Automic,Change of Share Registry Details,provider_change,from_to,https://announcements.asx.com.au/asxpdf/20240228/pdf/060xtrcf95scyc.pdf
TYX,TYX,2024-02-28,Advanced Share Registry,Automic,Change of Share Registry Details,provider_change,from_to,https://announcements.asx.com.au/asxpdf/20240228/pdf/060ylw4b5nxj5l.pdf
UOS,UOS,2024-02-28,Advanced Share Registry,Automic,Change of Share Registry Details,provider_change,from_to,https://announcements.asx.com.au/asxpdf/20240228/pdf/060y0fp5dr70jl.pdf
AUK,XEN,2024-02-28,Advanced Share Registry,Automic,Change of share registry details,provider_change,from_to,https://announcements.asx.com.au/asxpdf/20240228/pdf/060y9xsqq87sm6.pdf
CHR,CHR,2024-02-27,Advanced Share Registry,Automic,Change of Registry,provider_change,from_to,https://announcements.asx.com.au/asxpdf/20240227/pdf/060wmdc32yb617.pdf
CT1,CT1,2024-02-27,Advanced Share Registry,Automic,Change of Share Registry,provider_change,from_to,https://announcements.asx.com.au/asxpdf/20240227/pdf/060wd2xb97230n.pdf
CYQ,CYQ,2024-02-27,Advanced Share Registry,Automic,Change of Share Registry Details,provider_change,from_to,https://announcements.asx.com.au/asxpdf/20240227/pdf/060wm4m6dpqhxp.pdf
INF,INF,2024-02-27,Advanced Share Registry,Automic,Change of Registry,provider_change,from_to,https://announcements.asx.com.au/asxpdf/20240227/pdf/060wmvgfmxcbjc.pdf
KBC,KBC,2024-02-27,Advanced Share Registry,Automic,Change of Share Registry Details,provider_change,from_to,https://announcements.asx.com.au/asxpdf/20240227/pdf/060w7zf30lmz70.pdf
ROG,ROG,2024-02-27,Advanced Share Registry,Automic,Change of Share Registry Details,provider_change,from_to,https://announcements.asx.com.au/asxpdf/20240227/pdf/060wbpjgtsf7r8.pdf
SVR,SVR,2024-02-23,MUFG Corporate Markets,Computershare,Change of Registrar to Computershare,provider_change,from_to,https://announcements.asx.com.au/asxpdf/20240223/pdf/060qys7sz74lgh.pdf
CHL,CHL,2024-02-02,MUFG Corporate Markets,Automic,Change of Share Registry,provider_change,from_to,https://announcements.asx.com.au/asxpdf/20240202/pdf/0600rvpw6kdqrd.pdf
CBH,BHM,2024-01-24,Automic,Xcend,Change of Share Registry,provider_change,from_to,https://announcements.asx.com.au/asxpdf/20240124/pdf/05zphyg1pygdj7.pdf
NXD,NXD,2024-01-15,Advanced Share Registry,MUFG Corporate Markets,Change in Company Share Registry,registry_other,from_to,https://announcements.asx.com.au/asxpdf/20240115/pdf/05zfn20vcq7rxy.pdf
CIA,CIA,2024-01-12,Automic,Computershare,Change of Share Registrar,provider_change,prior_doc+next_doc,https://announcements.asx.com.au/asxpdf/20240112/pdf/05zclxzyt315jm.pdf
VSR,VSR,2023-12-15,MUFG Corporate Markets,Automic,Share Registry changing to Automic,registry_other,from_to,https://announcements.asx.com.au/asxpdf/20231215/pdf/05yln57f9045zy.pdf
AT1,AT1,2023-12-13,MUFG Corporate Markets,Boardroom,Change of Share Registry,provider_change,from_to,https://announcements.asx.com.au/asxpdf/20231213/pdf/05yhr288wxp5qc.pdf
TRI,TRI,2023-12-12,Computershare,Automic,Change of Share Registry Details,provider_change,from_to,https://announcements.asx.com.au/asxpdf/20231212/pdf/05ygxbq051h632.pdf
NOU,NOU,2023-12-11,MUFG Corporate Markets,Automic,Change of Share Registry Details,provider_change,from_to,https://announcements.asx.com.au/asxpdf/20231211/pdf/05ydl9ywngkpj5.pdf
PCI,PCI,2023-11-13,Automic,MUFG Corporate Markets,Change of Unit Registry,registry_other,from_to,https://announcements.asx.com.au/asxpdf/20231113/pdf/05x82c3gpr4595.pdf
BEN,BEN,2023-11-06,Boardroom,MUFG Corporate Markets,Share Registry with Link Market Services,registry_other,from_to,https://announcements.asx.com.au/asxpdf/20231106/pdf/05x0fck6dxc706.pdf
PCI,PCI,2023-11-03,Automic,MUFG Corporate Markets,Change of Unit Registry,registry_other,from_to,https://announcements.asx.com.au/asxpdf/20231103/pdf/05wy25dbg6jn10.pdf
PAR,PAR,2023-09-22,Computershare,Automic,Change of Share Registry Details,provider_change,from_to,https://announcements.asx.com.au/asxpdf/20230922/pdf/05v5qzcbm07fmn.pdf
VBS,VBS,2023-09-22,Boardroom,Computershare,Change of Share Registrar to Computershare,provider_change,from_to,https://announcements.asx.com.au/asxpdf/20230922/pdf/05v5k5qhl9hgxt.pdf
CBE,CBE,2023-09-18,Boardroom,Automic,Change of Share Registry,provider_change,from_to,https://announcements.asx.com.au/asxpdf/20230918/pdf/05tzngqqyphxm5.pdf
ZLD,ZLD,2023-09-15,Computershare,Automic,Change of registry address notification,address_only,two_brands,https://announcements.asx.com.au/asxpdf/20230915/pdf/05ty3wm8fwxm01.pdf
ODA,ODA,2023-09-01,Computershare,Automic,Share Registry change,provider_change,from_to,https://announcements.asx.com.au/asxpdf/20230901/pdf/05tdjj0c7g9bts.pdf
ERG,ERG,2023-08-11,Computershare,Advanced Share Registry,Change of Share Registry,provider_change,appoint_plus_one,https://announcements.asx.com.au/asxpdf/20230811/pdf/05sk49scssymch.pdf
SNS,SNS,2023-08-11,Computershare,Automic,Change of Share Registry Details,provider_change,from_to,https://announcements.asx.com.au/asxpdf/20230811/pdf/05sjxrz4skkwg9.pdf
DC2,AI1,2023-08-04,MUFG Corporate Markets,Xcend,Change of Share Registry,provider_change,from_to,https://announcements.asx.com.au/asxpdf/20230804/pdf/05sbhhl512mgy2.pdf
COD,COD,2023-08-04,MUFG Corporate Markets,Automic,Change of Share Registry Details,provider_change,from_to,https://announcements.asx.com.au/asxpdf/20230804/pdf/05sbvwzxdmkr1l.pdf
HLO,HLO,2023-07-28,Automic,Computershare,Change of Share Registry Details,provider_change,from_to,https://announcements.asx.com.au/asxpdf/20230728/pdf/05s2lhdsjw51yg.pdf
XF1,XF1,2023-07-28,Computershare,Automic,Change of Share Registrar to Automic,provider_change,from_to,https://announcements.asx.com.au/asxpdf/20230728/pdf/05s28md75xgj1p.pdf
ECS,ECS,2023-07-24,Computershare,Automic,Change of Share Registry,provider_change,from_to,https://announcements.asx.com.au/asxpdf/20230724/pdf/05rx8crqt2x8vs.pdf
WAR,WAR,2023-07-14,Automic,Boardroom,Change of share registry,provider_change,from_to,https://announcements.asx.com.au/asxpdf/20230714/pdf/05rmpfswq76429.pdf
WMA,WMA,2023-07-14,Automic,Boardroom,Change of share registry,provider_change,from_to,https://announcements.asx.com.au/asxpdf/20230714/pdf/05rmnjl0l888cp.pdf
MEK,MEK,2023-07-07,MUFG Corporate Markets,Automic,Change of Share Registry,provider_change,from_to,https://announcements.asx.com.au/asxpdf/20230707/pdf/05rf5zfd0grf1x.pdf
WZR,WZR,2023-07-05,Computershare,MUFG Corporate Markets,Details of Share Registry address - Change of Provider,address_only,from_to,https://announcements.asx.com.au/asxpdf/20230705/pdf/05rbsk31895cf3.pdf
YRL,YRL,2023-06-30,Boardroom,Automic,Change of Share Registry,provider_change,from_to,https://announcements.asx.com.au/asxpdf/20230630/pdf/05r5l0my4fjw42.pdf
FRX,FRX,2023-06-29,Advanced Share Registry,Automic,Change of Share Registry,provider_change,from_to,https://announcements.asx.com.au/asxpdf/20230629/pdf/05r34lclth70s3.pdf
HMI,HMI,2023-06-23,Automic,Computershare,Change of Share Registry,provider_change,from_to,https://announcements.asx.com.au/asxpdf/20230623/pdf/05qy5pf4nzmbv0.pdf
OSX,OSX,2023-06-23,MUFG Corporate Markets,Automic,Change of Share Registry Details,provider_change,from_to,https://announcements.asx.com.au/asxpdf/20230623/pdf/05qy57qnj1hhbx.pdf
DOU,SKK,2023-06-16,Automic,Advanced Share Registry,Change of Share Registry,provider_change,prior_doc+next_doc,https://announcements.asx.com.au/asxpdf/20230616/pdf/05qqgrjzry540t.pdf
WSI,WSI,2023-06-13,Automic,Advanced Share Registry,Change of Share Registry,provider_change,appoint_plus_one,https://announcements.asx.com.au/asxpdf/20230613/pdf/05qlxz5rs5nvzq.pdf
OAK,OAK,2023-06-02,Automic,MUFG Corporate Markets,Change of Share Register Notification,provider_change,from_to,https://announcements.asx.com.au/asxpdf/20230602/pdf/05q9td0r5jcd19.pdf
IXU,DWG,2023-05-26,MUFG Corporate Markets,Automic,Change of Registry Details,provider_change,from_to,https://announcements.asx.com.au/asxpdf/20230526/pdf/05q1w4mncztm2g.pdf
SKN,SKN,2023-05-24,MUFG Corporate Markets,Advanced Share Registry,Change of share registry - Update,provider_change,appoint_plus_one,https://announcements.asx.com.au/asxpdf/20230524/pdf/05q04ndq6nbzq7.pdf
QRI,QRI,2023-05-22,Automic,MUFG Corporate Markets,Update - Change in Unit Registry Provider,registry_other,from_to,https://announcements.asx.com.au/asxpdf/20230522/pdf/05pxd9klgpx6p1.pdf
DYM,DYM,2023-05-19,Advanced Share Registry,Automic,Change of Share Registry,provider_change,from_to,https://announcements.asx.com.au/asxpdf/20230519/pdf/05pvl4vnkfvwkn.pdf
RMX,RMX,2023-05-17,Computershare,Automic,Change Of Share Registry Details,provider_change,from_to,https://announcements.asx.com.au/asxpdf/20230517/pdf/05psp6k35lzvn4.pdf
QRI,QRI,2023-05-15,Automic,MUFG Corporate Markets,Change in Unit Registry Provider,registry_other,from_to,https://announcements.asx.com.au/asxpdf/20230515/pdf/05ppm4r41hhbtd.pdf
CQE,CQE,2023-05-12,Boardroom,MUFG Corporate Markets,Change of share registry,provider_change,one_brand+prior_doc,https://announcements.asx.com.au/asxpdf/20230512/pdf/05pn63qn1dh9nb.pdf
MAY,MAY,2023-04-28,MUFG Corporate Markets,Boardroom,Change of share registry,provider_change,from_to,https://announcements.asx.com.au/asxpdf/20230428/pdf/45p3pm2xml1d5x.pdf
SKN,SKN,2023-04-24,MUFG Corporate Markets,Advanced Share Registry,Change of share registry - Update,provider_change,appoint_plus_one,https://announcements.asx.com.au/asxpdf/20230424/pdf/45nyp46x9pp72c.pdf
FTL,M79,2023-04-18,Automic,Registry Direct,Transfer of Registry Services,provider_change,from_to,https://announcements.asx.com.au/asxpdf/20230418/pdf/45nrz97g3df4hy.pdf
AUK,XEN,2023-04-11,Computershare,Advanced Share Registry,Transfer of Share Registry,provider_change,appoint_plus_one,https://announcements.asx.com.au/asxpdf/20230411/pdf/45nk8prkq8tngd.pdf
DCC,DCC,2023-04-03,Computershare,Automic,Change of Share Registry Details,provider_change,from_to,https://announcements.asx.com.au/asxpdf/20230403/pdf/45n92wkyb8789r.pdf
PTL,PTL,2023-04-03,Boardroom,Automic,Change of registry,provider_change,one_brand+prior_doc,https://announcements.asx.com.au/asxpdf/20230403/pdf/45n9cz4x4ynlxq.pdf
GLA,USC,2023-04-03,Automic,Boardroom,Details of Share Registry address,address_only,from_to,https://announcements.asx.com.au/asxpdf/20230403/pdf/45nb834f8x6lds.pdf
CCR,CCR,2023-03-24,MUFG Corporate Markets,Computershare,Details of Share Registry address,address_only,from_to,https://announcements.asx.com.au/asxpdf/20230324/pdf/45n0ds4k9hs58p.pdf
KGN,KGN,2023-03-24,Computershare,Automic,Kogan.com change in share registry provider,provider_change,from_to,https://announcements.asx.com.au/asxpdf/20230324/pdf/45n0kt2s03rfh3.pdf
SKN,SKN,2023-03-20,MUFG Corporate Markets,Advanced Share Registry,Change of share registry - Update,provider_change,appoint_plus_one,https://announcements.asx.com.au/asxpdf/20230320/pdf/45mvjz4kx35m0g.pdf
PDI,PDI,2023-03-17,MUFG Corporate Markets,Computershare,Change of Share Registry,provider_change,from_to,https://announcements.asx.com.au/asxpdf/20230317/pdf/45ms1ldrvdqfhx.pdf
NVA,NVA,2023-03-16,MUFG Corporate Markets,Automic,Change of Share Registry Details,provider_change,from_to,https://announcements.asx.com.au/asxpdf/20230316/pdf/45mqz313d0wc6j.pdf
VVA,VVA,2023-03-16,MUFG Corporate Markets,Automic,Change of Share Registry Provider,provider_change,from_to,https://announcements.asx.com.au/asxpdf/20230316/pdf/45mr06xhbdhtwq.pdf
AUK,XEN,2023-03-16,Advanced Share Registry,Computershare,Details of Share Registry address,address_only,two_brands,https://announcements.asx.com.au/asxpdf/20230316/pdf/45mrlp2zjswtmp.pdf
LCT,1AI,2023-03-06,Computershare,Automic,Change of Share Registry,provider_change,from_to,https://announcements.asx.com.au/asxpdf/20230306/pdf/45mbs5j3fctfv4.pdf
AUK,XEN,2023-03-06,Computershare,Advanced Share Registry,Details of Share Registry address,address_only,appoint_plus_one,https://announcements.asx.com.au/asxpdf/20230306/pdf/45mcpgrsr8lhv7.pdf
RHY,RHY,2023-02-27,MUFG Corporate Markets,Automic,Change of Share Registry Details,provider_change,from_to,https://announcements.asx.com.au/asxpdf/20230227/pdf/45m2v88y20lkwy.pdf
SKN,SKN,2023-02-21,MUFG Corporate Markets,Advanced Share Registry,Transfer of share registry,provider_change,appoint_plus_one,https://announcements.asx.com.au/asxpdf/20230221/pdf/45lv7m7sc29nn1.pdf
1CG,1CG,2023-02-17,MUFG Corporate Markets,Computershare,Change of Share Registry,provider_change,from_to,https://announcements.asx.com.au/asxpdf/20230217/pdf/45lqtn0t1q9hqt.pdf
PUA,LRM,2023-02-06,Boardroom,Automic,Change of Share Registry,provider_change,from_to,https://announcements.asx.com.au/asxpdf/20230206/pdf/45l9v268h16gkc.pdf
EFE,EFE,2023-02-03,Boardroom,Automic,Change of Share Registry Details,provider_change,from_to,https://announcements.asx.com.au/asxpdf/20230203/pdf/45l8lw8s8qsn24.pdf
GSN,GSN,2023-01-25,MUFG Corporate Markets,Computershare,Details of Share Registry,registry_other,from_to,https://announcements.asx.com.au/asxpdf/20230125/pdf/45ky8w49sm41g0.pdf
CF1,CF1,2023-01-23,Automic,Registry Direct,Transfer of registry services,provider_change,from_to,https://announcements.asx.com.au/asxpdf/20230123/pdf/45kw5f7xyp0cyz.pdf
SW1,STV,2023-01-23,MUFG Corporate Markets,Automic,Change of Share Registry,provider_change,from_to,https://announcements.asx.com.au/asxpdf/20230123/pdf/45kw1jc47cc2l0.pdf
ANO,ANO,2023-01-20,Computershare,Automic,Change of Share Registry Details,provider_change,from_to,https://announcements.asx.com.au/asxpdf/20230120/pdf/45kt7glw9z67bb.pdf
TWD,TWD,2023-01-20,Computershare,Automic,Change of Share Registry Details,provider_change,from_to,https://announcements.asx.com.au/asxpdf/20230120/pdf/45kt7dk12kvfgl.pdf
VIG,VIG,2023-01-20,Boardroom,Automic,Details of Share Registry address,address_only,from_to,https://announcements.asx.com.au/asxpdf/20230120/pdf/45ktbrdsxx6hc6.pdf
FAU,FAU,2023-01-16,MUFG Corporate Markets,Automic,Change of Share Registry,provider_change,from_to,https://announcements.asx.com.au/asxpdf/20230116/pdf/45kp3mfvy80jv9.pdf
EGG,EGG,2023-01-13,MUFG Corporate Markets,Automic,Change of Share Registry Details,provider_change,from_to,https://announcements.asx.com.au/asxpdf/20230113/pdf/45kmcwls020kwb.pdf
BKI,BKI,2023-01-09,Advanced Share Registry,MUFG Corporate Markets,Change of Share Registry Service Provider Notification,provider_change,one_brand+prior_doc,https://announcements.asx.com.au/asxpdf/20230109/pdf/45kh600n9h7sfy.pdf
BYH,ABR,2022-12-09,Computershare,Automic,Change of Share Registry Details,provider_change,from_to,https://announcements.asx.com.au/asxpdf/20221209/pdf/45jn8kzdqsj4jz.pdf
DRE,DRE,2022-12-09,Computershare,Automic,Change of Share Registry,provider_change,from_to,https://announcements.asx.com.au/asxpdf/20221209/pdf/45jnf5skdzmr70.pdf
IPT,IPT,2022-12-02,Computershare,Advanced Share Registry,Change of Share Registry Details,provider_change,from_to,https://announcements.asx.com.au/asxpdf/20221202/pdf/45jdd6j074kfrm.pdf
HPG,HPG,2022-11-28,Automic,MUFG Corporate Markets,Change of Share Register Notification,provider_change,one_brand+prior_doc,https://announcements.asx.com.au/asxpdf/20221128/pdf/45j40n2pb27l12.pdf
ECF,LED,2022-11-18,Boardroom,Computershare,Change of Security Registry,registry_other,from_to,https://announcements.asx.com.au/asxpdf/20221118/pdf/45hrrwtvrwg9dr.pdf
GTR,AMU,2022-11-14,Advanced Share Registry,Automic,Change of Share Registry Details,provider_change,from_to,https://announcements.asx.com.au/asxpdf/20221114/pdf/45hk7zxc1b0jjg.pdf
CR9,M96,2022-10-31,Automic,Advanced Share Registry,Change of share registry,provider_change,appoint_plus_one,https://announcements.asx.com.au/asxpdf/20221031/pdf/45h25hm8cf3l60.pdf
BET,BET,2022-10-14,Computershare,Automic,Change of Share Registry,provider_change,from_to,https://announcements.asx.com.au/asxpdf/20221014/pdf/45g8sjrwlbrqpc.pdf
M7T,M7T,2022-10-06,MUFG Corporate Markets,Computershare,Change of Share Registry,provider_change,from_to,https://announcements.asx.com.au/asxpdf/20221006/pdf/45fzlbzg3gqf40.pdf
CF1,CF1,2022-10-05,Registry Direct,Automic,Complii completes takeover of Registry Direct,registry_other,two_brands,https://announcements.asx.com.au/asxpdf/20221005/pdf/45fyl4vh4vh4tq.pdf
HZR,HZR,2022-09-12,MUFG Corporate Markets,Automic,Change of Share Registry,provider_change,from_to,https://announcements.asx.com.au/asxpdf/20220912/pdf/45dzfgwzw57y3n.pdf
CF1,CF1,2022-08-31,Registry Direct,Automic,Update on Takeover Offer by Complii for Registry Direct,registry_other,two_brands,https://announcements.asx.com.au/asxpdf/20220831/pdf/45dltp9t2ljpx0.pdf
ECP,ECP,2022-08-30,Boardroom,Automic,DRP - Change of Registry,provider_change,one_brand+prior_doc,https://announcements.asx.com.au/asxpdf/20220830/pdf/45dhn3c9g09g44.pdf
SUH,SUH,2022-08-26,Computershare,Automic,Change of Share Registry Details,provider_change,from_to,https://announcements.asx.com.au/asxpdf/20220826/pdf/45dblmnzbyk4s0.pdf
ECP,ECP,2022-08-12,Boardroom,Automic,Change of Share Registry,provider_change,from_to,https://announcements.asx.com.au/asxpdf/20220812/pdf/45cswm5wb0x9pl.pdf
RLF,RLF,2022-08-01,Registry Direct,Automic,Details of Share Registry address,address_only,from_to,https://announcements.asx.com.au/asxpdf/20220801/pdf/45cdp7trlykhmy.pdf
CDX,CQT,2022-07-29,MUFG Corporate Markets,Automic,Change of Share Registry Details,provider_change,from_to,https://announcements.asx.com.au/asxpdf/20220729/pdf/45cbhpr3jl0wcg.pdf
ASN,ASN,2022-07-25,Automic,Advanced Share Registry,Transfer of Share Registry,provider_change,one_brand+prior_doc,https://announcements.asx.com.au/asxpdf/20220725/pdf/45c3y86zxbbt69.pdf
APS,MML,2022-07-25,Registry Direct,Automic,Details of Share Registry address,address_only,from_to,https://announcements.asx.com.au/asxpdf/20220725/pdf/45c4gz9xjhfxf2.pdf
AEV,AEV,2022-07-11,Computershare,Automic,Details of Share Registry address,address_only,from_to,https://announcements.asx.com.au/asxpdf/20220711/pdf/45brk2fqgt88h0.pdf
MMI,MMI,2022-07-06,MUFG Corporate Markets,Computershare,Change of Registrar from 11 July 2022,provider_change,from_to,https://announcements.asx.com.au/asxpdf/20220706/pdf/45blnf2yd1z4c9.pdf
AYT,AYT,2022-06-17,Boardroom,Automic,Change of Share Registry,provider_change,from_to,https://announcements.asx.com.au/asxpdf/20220617/pdf/45b0fj8p0dcr96.pdf
CAU,VIT,2022-06-16,MUFG Corporate Markets,Computershare,Details of Share Registry address,address_only,from_to,https://announcements.asx.com.au/asxpdf/20220616/pdf/459z014gf8jchd.pdf
LNR,FUN,2022-06-06,Computershare,Automic,Change of Share Registry Details,provider_change,from_to,https://announcements.asx.com.au/asxpdf/20220606/pdf/459n64thbj2f32.pdf
CGS,CGS,2022-06-03,MUFG Corporate Markets,Automic,Change of Share Registry Details,provider_change,from_to,https://announcements.asx.com.au/asxpdf/20220603/pdf/459ln9my2xmnz2.pdf
ASR,GA8,2022-05-30,Advanced Share Registry,Automic,Change of Share Registry Details,provider_change,from_to,https://announcements.asx.com.au/asxpdf/20220530/pdf/459g7wr714zvcb.pdf
ALA,ALA,2022-05-27,Advanced Share Registry,Automic,Change of Share Registry,provider_change,from_to,https://announcements.asx.com.au/asxpdf/20220527/pdf/459ctnh55p0st8.pdf
TOP,TOP,2022-05-27,Boardroom,Computershare,Change of Registrar,provider_change,from_to,https://announcements.asx.com.au/asxpdf/20220527/pdf/459ck9phmhts55.pdf
ALK,ALK,2022-05-20,Advanced Share Registry,Automic,Change of Share Registry Details,provider_change,from_to,https://announcements.asx.com.au/asxpdf/20220520/pdf/4595pj5c9fl5kj.pdf
ALD,ALD,2022-05-10,MUFG Corporate Markets,Boardroom,NZX Listing and NZ share registry provider,provider_change,two_brands,https://announcements.asx.com.au/asxpdf/20220510/pdf/458w2q0138crj6.pdf
FCT,FCT,2022-05-06,Computershare,Automic,Change of Share Registry Details,provider_change,from_to,https://announcements.asx.com.au/asxpdf/20220506/pdf/458rjdk3b1jv0w.pdf
ADO,ADO,2022-05-02,Boardroom,MUFG Corporate Markets,Change of Share Registry,provider_change,from_to,https://announcements.asx.com.au/asxpdf/20220502/pdf/458kv9bf8lk6bt.pdf
EVE,EVE,2022-05-02,MUFG Corporate Markets,Automic,Change of Share Registry,provider_change,from_to,https://announcements.asx.com.au/asxpdf/20220502/pdf/458l9typpmjrq9.pdf
CPT,EXT,2022-04-01,Boardroom,Automic,Change of Share Registry Details,provider_change,from_to,https://announcements.asx.com.au/asxpdf/20220401/pdf/457lj455dq894t.pdf
FTZ,CP8,2022-03-18,Computershare,Automic,Change of Share Registry,provider_change,from_to,https://announcements.asx.com.au/asxpdf/20220318/pdf/4574zkc0cfrq7b.pdf
RBX,RBX,2022-03-11,MUFG Corporate Markets,Computershare,Change of Share Registry,provider_change,from_to,https://announcements.asx.com.au/asxpdf/20220311/pdf/456xvwzx788rcw.pdf
CAT,CAT,2022-02-21,Boardroom,MUFG Corporate Markets,Change of Share Registry,provider_change,from_to,https://announcements.asx.com.au/asxpdf/20220221/pdf/4564zzyhlrrp2b.pdf
MYG,MYG,2022-02-21,Advanced Share Registry,Automic,Change of Share Registry,provider_change,from_to,https://announcements.asx.com.au/asxpdf/20220221/pdf/4565t6s1gq3d4k.pdf
AUZ,AUZ,2022-02-18,Advanced Share Registry,Automic,Change of share registry details,provider_change,from_to,https://announcements.asx.com.au/asxpdf/20220218/pdf/45635f96d1vhhv.pdf
BRG,BRG,2022-02-07,MUFG Corporate Markets,Boardroom,Change of Share Registry,provider_change,from_to,https://announcements.asx.com.au/asxpdf/20220207/pdf/455q9tyrtt4qxz.pdf
CXZ,CXZ,2022-01-28,Boardroom,Automic,Change of Share Registry Details,provider_change,from_to,https://announcements.asx.com.au/asxpdf/20220128/pdf/455djxqjqt8xqj.pdf
UOS,UOS,2022-01-12,Boardroom,Advanced Share Registry,Share Registry Provider Re-Location,provider_change,two_brands,https://announcements.asx.com.au/asxpdf/20220112/pdf/454y4jp7j2pr6n.pdf
AIS,AIS,2021-12-13,MUFG Corporate Markets,Automic,CHANGE OF SHARE REGISTRY DETAILS,provider_change,from_to,https://announcements.asx.com.au/asxpdf/20211213/pdf/45436z45qr4hbm.pdf
OPH,OPH,2021-12-13,Boardroom,Automic,Confirmation of Change of Unit Registry,registry_other,from_to,https://announcements.asx.com.au/asxpdf/20211213/pdf/454305cbm2jrf4.pdf
STO,STO,2021-12-13,Boardroom,Computershare,Change of share registry provider for Santos Limited,provider_change,from_to,https://announcements.asx.com.au/asxpdf/20211213/pdf/4542nyydr7mq8z.pdf
OPH,OPH,2021-12-09,Boardroom,Automic,Fund Update - Change of Unit Registry,registry_other,from_to,https://announcements.asx.com.au/asxpdf/20211209/pdf/45404rfm0xvqrf.pdf
NOR,NOR,2021-11-09,Advanced Share Registry,MUFG Corporate Markets,Transfer of Share Registry - Update,provider_change,two_brands,https://announcements.asx.com.au/asxpdf/20211109/pdf/452rys1jwdkp25.pdf
NOR,NOR,2021-10-29,MUFG Corporate Markets,Advanced Share Registry,Transfer of Share Registry,provider_change,appoint_plus_one,https://announcements.asx.com.au/asxpdf/20211029/pdf/4529xlvtv5m3xj.pdf
IRX,NX1,2021-10-29,Computershare,Automic,Change of Share Registry Details,provider_change,from_to,https://announcements.asx.com.au/asxpdf/20211029/pdf/452cfy09j8cqck.pdf
RAG,RAG,2021-10-08,Computershare,Automic,Change of Share Registry,provider_change,from_to,https://announcements.asx.com.au/asxpdf/20211008/pdf/451fv02zy2bjyk.pdf
WEC,WEC,2021-10-08,Computershare,Automic,Change of Share Registry Details,provider_change,from_to,https://announcements.asx.com.au/asxpdf/20211008/pdf/451ffc6221sq9c.pdf
CZL,YAR,2021-10-01,MUFG Corporate Markets,Automic,Change of Share Registry Details,provider_change,from_to,https://announcements.asx.com.au/asxpdf/20211001/pdf/4514w8cnxcx628.pdf
HCH,HCH,2021-09-24,Automic,Computershare,Change of Share Registry,provider_change,from_to,https://announcements.asx.com.au/asxpdf/20210924/pdf/450vnj60q6vb9x.pdf
ARD,ARD,2021-09-03,Computershare,Automic,Change of Share Registry Details,provider_change,from_to,https://announcements.asx.com.au/asxpdf/20210903/pdf/4503zlj3kdw31f.pdf
AAU,AAU,2021-08-16,Computershare,Automic,Change of Share Registry Details,provider_change,from_to,https://announcements.asx.com.au/asxpdf/20210816/pdf/44zbl82z0c8x1b.pdf
MRL,PLA,2021-08-02,Boardroom,Automic,Change of Share Registry,provider_change,from_to,https://announcements.asx.com.au/asxpdf/20210802/pdf/44yxv7gpvp11db.pdf
WMA,WMA,2021-07-30,MUFG Corporate Markets,Automic,Change of share registry,provider_change,prior_doc+next_doc,https://announcements.asx.com.au/asxpdf/20210730/pdf/44yv21glfc6h1b.pdf
DCX,LAT,2021-07-16,Computershare,Automic,Change of Share Registry,provider_change,from_to,https://announcements.asx.com.au/asxpdf/20210716/pdf/44ycxrktr3j88b.pdf
MPR,MPR,2021-07-16,Computershare,Automic,Change of Share Registry,provider_change,from_to,https://announcements.asx.com.au/asxpdf/20210716/pdf/44ycnfppdcmh91.pdf
RAS,RAS,2021-07-16,MUFG Corporate Markets,Automic,Change of Share Registry Details,provider_change,from_to,https://announcements.asx.com.au/asxpdf/20210716/pdf/44yct2l2dffzyf.pdf
KSN,KSN,2021-07-09,MUFG Corporate Markets,Automic,Change of Share Registry,provider_change,from_to,https://announcements.asx.com.au/asxpdf/20210709/pdf/44y59r91rdfbw1.pdf
ANX,ANX,2021-07-05,Computershare,Automic,Change of Share Registry,provider_change,from_to,https://announcements.asx.com.au/asxpdf/20210705/pdf/44y0f7g2pj943x.pdf
ING,ING,2021-07-02,MUFG Corporate Markets,Computershare,Change of Registrar - Inghams Group Limited,provider_change,from_to,https://announcements.asx.com.au/asxpdf/20210702/pdf/44xy79xf348fwy.pdf
SWP,SWP,2021-06-28,Advanced Share Registry,Automic,Change of Share Registry,provider_change,from_to,https://announcements.asx.com.au/asxpdf/20210628/pdf/44xqx91361mj04.pdf
CYM,CYM,2021-06-25,Advanced Share Registry,Automic,Change of Share Registry Details,provider_change,from_to,https://announcements.asx.com.au/asxpdf/20210625/pdf/44xpmrvyfykwd0.pdf
PF1,BM8,2021-06-01,Boardroom,Computershare,Change of Share Registry,provider_change,from_to,https://announcements.asx.com.au/asxpdf/20210601/pdf/44wzx88z0prjcl.pdf
ACW,ACW,2021-05-28,MUFG Corporate Markets,Automic,Change of Share Register Notification,provider_change,from_to,https://announcements.asx.com.au/asxpdf/20210528/pdf/44wwqbcnwy4kq6.pdf
TEM,TEM,2021-05-28,MUFG Corporate Markets,Automic,Change of Share Registry details,provider_change,cease_plus_one,https://announcements.asx.com.au/asxpdf/20210528/pdf/44wx2qzzlhqvvn.pdf
MBM,GTI,2021-05-17,Boardroom,Automic,Change of Share Registry Details,provider_change,from_to,https://announcements.asx.com.au/asxpdf/20210517/pdf/44wk3bl3s707hn.pdf
INV,INV,2021-05-14,Boardroom,Automic,INV - Change of Share Registry Details - CORRECTION,provider_change,from_to,https://announcements.asx.com.au/asxpdf/20210514/pdf/44whl61y36d8g7.pdf
INV,INV,2021-05-14,Boardroom,Automic,INV - Change of Share Registry Details,provider_change,from_to,https://announcements.asx.com.au/asxpdf/20210514/pdf/44whjbdvhw37b8.pdf
IOU,OVT,2021-05-14,MUFG Corporate Markets,Automic,IOU Announces Change of Share Registry Details,provider_change,from_to,https://announcements.asx.com.au/asxpdf/20210514/pdf/44wh6wrsqvd8qz.pdf
BOA,BOA,2021-05-07,Advanced Share Registry,Automic,Change of Share Registry Provider,provider_change,from_to,https://announcements.asx.com.au/asxpdf/20210507/pdf/44w9fbh0mjq8dt.pdf
FSA,FSA,2021-05-03,MUFG Corporate Markets,Automic,Change of Share Registry Details,provider_change,from_to,https://announcements.asx.com.au/asxpdf/20210503/pdf/44w43qqqgfwd91.pdf
CLZ,CLZ,2021-04-30,Advanced Share Registry,MUFG Corporate Markets,Change of Share Registry,provider_change,one_brand+prior_doc,https://announcements.asx.com.au/asxpdf/20210430/pdf/44w1rd5y804zhq.pdf
COO,PHX,2021-04-23,Computershare,Automic,Change of Share Registry,provider_change,from_to,https://announcements.asx.com.au/asxpdf/20210423/pdf/44vskx7l1z7ly1.pdf
SGC,AOK,2021-04-12,Advanced Share Registry,Automic,Change of Share Registry,provider_change,from_to,https://announcements.asx.com.au/asxpdf/20210412/pdf/44vfxxt462pxkn.pdf
TMG,AT4,2021-04-12,Automic,Computershare,Change of Registrar,provider_change,appoint_plus_one,https://announcements.asx.com.au/asxpdf/20210412/pdf/44vg9s3qjjfbx5.pdf
XST,XST,2021-04-12,Advanced Share Registry,Automic,Change of Share Registry,provider_change,from_to,https://announcements.asx.com.au/asxpdf/20210412/pdf/44vfxsyfkbrp12.pdf
VRC,VRC,2021-03-17,Advanced Share Registry,MUFG Corporate Markets,Change of Share Registry Notification,provider_change,one_brand+prior_doc,https://announcements.asx.com.au/asxpdf/20210317/pdf/44trf608k57gqj.pdf
OBL,OBL,2021-03-08,MUFG Corporate Markets,Computershare,Change of Share Registry,provider_change,from_to,https://announcements.asx.com.au/asxpdf/20210308/pdf/44tfx55cvcqr2n.pdf
RGL,RGL,2021-03-05,Computershare,Automic,Change of Share Registry,provider_change,from_to,https://announcements.asx.com.au/asxpdf/20210305/pdf/44td7wlfmxbf7h.pdf
TI1,AEU,2021-02-19,MUFG Corporate Markets,Automic,Change of Share Registry,provider_change,from_to,https://announcements.asx.com.au/asxpdf/20210219/pdf/44svfrfw11p4n3.pdf
COG,COG,2021-01-29,MUFG Corporate Markets,Automic,Change of Share Registry Details,provider_change,from_to,https://announcements.asx.com.au/asxpdf/20210129/pdf/44s5r1tbsfvmz4.pdf
DRX,DRX,2021-01-29,MUFG Corporate Markets,Automic,Change of Share Registry,provider_change,from_to,https://announcements.asx.com.au/asxpdf/20210129/pdf/44s4rldm0kdxj3.pdf
IRE,IRE,2021-01-22,MUFG Corporate Markets,Computershare,Change of Registry,provider_change,from_to,https://announcements.asx.com.au/asxpdf/20210122/pdf/44rxrkyf2pj76w.pdf
AGL,AGL,2020-12-15,MUFG Corporate Markets,Computershare,Change of Share Registry,provider_change,from_to,https://announcements.asx.com.au/asxpdf/20201215/pdf/44qzqqqy9v6d78.pdf
BWR,WOT,2020-12-11,Computershare,Automic,Change of Registry Details,provider_change,from_to,https://announcements.asx.com.au/asxpdf/20201211/pdf/44qvksjywqf0l7.pdf
APZ,APZ,2020-12-09,MUFG Corporate Markets,Automic,Change of Registry,provider_change,one_brand+prior_doc,https://announcements.asx.com.au/asxpdf/20201209/pdf/44qs468gh5zlmr.pdf
MP1,MP1,2020-11-16,MUFG Corporate Markets,Computershare,Change of Share Registry,provider_change,from_to,https://announcements.asx.com.au/asxpdf/20201116/pdf/44pwxg1qlc187d.pdf
LCL,LCL,2020-10-16,MUFG Corporate Markets,Automic,Change of Share Registry Details,provider_change,from_to,https://announcements.asx.com.au/asxpdf/20201016/pdf/44nrmkrgp04y9q.pdf
IP1,WRK,2020-10-16,Registry Direct,Boardroom,Shareholder Notification of Change of Share Registry,provider_change,from_to,https://announcements.asx.com.au/asxpdf/20201016/pdf/44nr783j3984c4.pdf
TCF,TCF,2020-10-15,Advanced Share Registry,Boardroom,Change of Registry Provider,provider_change,from_to,https://announcements.asx.com.au/asxpdf/20201015/pdf/44nqby2tffdy01.pdf
RAN,RAN,2020-10-12,MUFG Corporate Markets,Automic,Change of Share Registry Details,provider_change,from_to,https://announcements.asx.com.au/asxpdf/20201012/pdf/44nkwgmsshp1cp.pdf
IP1,WRK,2020-10-12,Registry Direct,Boardroom,Change of Share Registry,provider_change,from_to,https://announcements.asx.com.au/asxpdf/20201012/pdf/44nkss50v5jt5s.pdf
ICT,NXD,2020-10-05,MUFG Corporate Markets,Advanced Share Registry,Change of Share Registry,provider_change,appoint_plus_one,https://announcements.asx.com.au/asxpdf/20201005/pdf/44nbv9x23fn2wf.pdf
EXL,EXL,2020-09-25,Computershare,Automic,Change of Share Registry,provider_change,from_to,https://announcements.asx.com.au/asxpdf/20200925/pdf/44mzqbn675jycg.pdf
PLS,PLS,2020-09-08,Advanced Share Registry,Computershare,Change of Share Registry,provider_change,one_brand+prior_doc,https://announcements.asx.com.au/asxpdf/20200908/pdf/44mfg3nszcgpn5.pdf
ODY,ODY,2020-08-28,Computershare,Automic,Change of Share Registry,provider_change,one_brand+prior_doc,https://announcements.asx.com.au/asxpdf/20200828/pdf/44m1qfyrj9wbzv.pdf
MQG,MQG,2020-08-11,Boardroom,MUFG Corporate Markets,Change of share register notification,provider_change,one_brand+prior_doc,https://announcements.asx.com.au/asxpdf/20200811/pdf/44ld0nn28zwk30.pdf
HOR,HOR,2020-07-21,Computershare,Advanced Share Registry,Change of Share Registry,provider_change,appoint_plus_one,https://announcements.asx.com.au/asxpdf/20200721/pdf/44kq0vt9nf5s6y.pdf
CAT,CAT,2020-07-10,Computershare,Boardroom,Change of share registry,provider_change,from_to,https://announcements.asx.com.au/asxpdf/20200710/pdf/44kfgxvm2mmzmd.pdf
SI6,VRL,2020-07-01,Advanced Share Registry,Automic,Change of Share Registry Details,provider_change,from_to,https://announcements.asx.com.au/asxpdf/20200701/pdf/44k4d7m9pbqbwl.pdf
MRQ,MRQ,2020-06-22,MUFG Corporate Markets,Automic,Change of Share Registry,provider_change,from_to,https://announcements.asx.com.au/asxpdf/20200622/pdf/44jtmhmz2mv290.pdf
SCN,SCN,2020-06-16,Security Transfer Australia,Advanced Share Registry,Change of Share Registry,provider_change,one_brand+prior_doc,https://announcements.asx.com.au/asxpdf/20200616/pdf/44jps5dq7mld0c.pdf
STC,M96,2020-05-29,Computershare,Automic,Change of Share Registry,provider_change,from_to,https://announcements.asx.com.au/asxpdf/20200529/pdf/44j74tnr2wyc2b.pdf
SEI,EQR,2020-03-13,Computershare,Automic,Change of Share Registry Details,provider_change,from_to,https://announcements.asx.com.au/asxpdf/20200313/pdf/44g0sb1smk7wsy.pdf
PL8,PL8,2020-03-06,Boardroom,Automic,Change of Share Registry,provider_change,from_to,https://announcements.asx.com.au/asxpdf/20200306/pdf/44ftgmxwjbdwgp.pdf
BDI,TMS,2020-03-05,Automic,Advanced Share Registry,Change of share registry,provider_change,appoint_plus_one,https://announcements.asx.com.au/asxpdf/20200305/pdf/44fscl4y5ngq79.pdf
BRN,BRN,2020-02-24,Computershare,Boardroom,Change of Registry Provider,provider_change,from_to,https://announcements.asx.com.au/asxpdf/20200224/pdf/44fcxxlsfdw0mj.pdf
WQG,WQG,2020-02-24,Computershare,MUFG Corporate Markets,Change of Share Registry,provider_change,from_to,https://announcements.asx.com.au/asxpdf/20200224/pdf/44fcrqwn9yxqft.pdf
REZ,REZ,2020-02-14,Boardroom,Automic,Change of Share Registry,provider_change,from_to,https://announcements.asx.com.au/asxpdf/20200214/pdf/44f2w22sc7nhms.pdf
RDN,RDN,2020-02-07,MUFG Corporate Markets,Automic,Change of Share Registry Provider,provider_change,from_to,https://announcements.asx.com.au/asxpdf/20200207/pdf/44dwsw18v375sq.pdf
SVL,SVL,2020-01-31,Boardroom,Automic,Change of Share Registry,provider_change,from_to,https://announcements.asx.com.au/asxpdf/20200131/pdf/44dq8hxrz15d82.pdf
T3D,T3D,2020-01-28,Security Transfer Australia,Automic,Change of Share Registry,provider_change,from_to,https://announcements.asx.com.au/asxpdf/20200128/pdf/44djt675btq004.pdf
A3D,A3D,2020-01-20,Security Transfer Australia,Automic,Change of Share Registry,provider_change,from_to,https://announcements.asx.com.au/asxpdf/20200120/pdf/44dct897nbz0j8.pdf
AAR,AAR,2020-01-20,Security Transfer Australia,Automic,Change of Share Registry,provider_change,from_to,https://announcements.asx.com.au/asxpdf/20200120/pdf/44dct897nbz0j8.pdf
AGE,AGE,2020-01-20,Security Transfer Australia,Automic,Change of Share Registry,provider_change,from_to,https://announcements.asx.com.au/asxpdf/20200120/pdf/44dct897nbz0j8.pdf
AKM,AKM,2020-01-20,Security Transfer Australia,Automic,Change of Share Registry,provider_change,from_to,https://announcements.asx.com.au/asxpdf/20200120/pdf/44dct897nbz0j8.pdf
ALY,ALY,2020-01-20,Security Transfer Australia,Automic,Change of Share Registry,provider_change,from_to,https://announcements.asx.com.au/asxpdf/20200120/pdf/44dct897nbz0j8.pdf
AMI,AMI,2020-01-20,Security Transfer Australia,Automic,Change of Share Registry,provider_change,from_to,https://announcements.asx.com.au/asxpdf/20200120/pdf/44dct897nbz0j8.pdf
AON,AON,2020-01-20,Security Transfer Australia,Automic,Change of Share Registry,provider_change,from_to,https://announcements.asx.com.au/asxpdf/20200120/pdf/44dct897nbz0j8.pdf
ARL,ARL,2020-01-20,Security Transfer Australia,Automic,Change of Share Registry,provider_change,from_to,https://announcements.asx.com.au/asxpdf/20200120/pdf/44dct897nbz0j8.pdf
ASN,ASN,2020-01-20,Security Transfer Australia,Automic,Change of Share Registry,provider_change,from_to,https://announcements.asx.com.au/asxpdf/20200120/pdf/44dct897nbz0j8.pdf
ASQ,ASQ,2020-01-20,Security Transfer Australia,Automic,Change of Share Registry,provider_change,from_to,https://announcements.asx.com.au/asxpdf/20200120/pdf/44dct897nbz0j8.pdf
AUC,AUC,2020-01-20,Security Transfer Australia,Automic,Change of Share Registry,provider_change,from_to,https://announcements.asx.com.au/asxpdf/20200120/pdf/44dct897nbz0j8.pdf
AUR,AUR,2020-01-20,Security Transfer Australia,Automic,Change of Share Registry,provider_change,from_to,https://announcements.asx.com.au/asxpdf/20200120/pdf/44dct897nbz0j8.pdf
AZI,AZI,2020-01-20,Security Transfer Australia,Automic,Change of Share Registry,provider_change,from_to,https://announcements.asx.com.au/asxpdf/20200120/pdf/44dct897nbz0j8.pdf
BCN,BCN,2020-01-20,Security Transfer Australia,Automic,Change of Share Registry,provider_change,from_to,https://announcements.asx.com.au/asxpdf/20200120/pdf/44dct897nbz0j8.pdf
BXN,BLS,2020-01-20,Security Transfer Australia,Automic,Change of Share Registry,provider_change,from_to,https://announcements.asx.com.au/asxpdf/20200120/pdf/44dct897nbz0j8.pdf
SCU,BP8,2020-01-20,Security Transfer Australia,Automic,Change of Share Registry,provider_change,from_to,https://announcements.asx.com.au/asxpdf/20200120/pdf/44dct897nbz0j8.pdf
BSX,BSX,2020-01-20,Security Transfer Australia,Automic,Change of Share Registry,provider_change,from_to,https://announcements.asx.com.au/asxpdf/20200120/pdf/44dct897nbz0j8.pdf
BUY,BUY,2020-01-20,Security Transfer Australia,Automic,Change of Share Registry,provider_change,from_to,https://announcements.asx.com.au/asxpdf/20200120/pdf/44dct897nbz0j8.pdf
CAV,CAV,2020-01-20,Security Transfer Australia,Automic,Change of Share Registry,provider_change,from_to,https://announcements.asx.com.au/asxpdf/20200120/pdf/44dct897nbz0j8.pdf
CCE,CCE,2020-01-20,Security Transfer Australia,Automic,Change of Share Registry,provider_change,from_to,https://announcements.asx.com.au/asxpdf/20200120/pdf/44dct897nbz0j8.pdf
FYI,CCM,2020-01-20,Security Transfer Australia,Automic,Change of Share Registry,provider_change,from_to,https://announcements.asx.com.au/asxpdf/20200120/pdf/44dct897nbz0j8.pdf
CDT,CDT,2020-01-20,Security Transfer Australia,Automic,Change of Share Registry,provider_change,from_to,https://announcements.asx.com.au/asxpdf/20200120/pdf/44dct897nbz0j8.pdf
CEL,CEL,2020-01-20,Security Transfer Australia,Automic,Change of Share Registry,provider_change,from_to,https://announcements.asx.com.au/asxpdf/20200120/pdf/44dct897nbz0j8.pdf
CIA,CIA,2020-01-20,Security Transfer Australia,Automic,Change of Share Registry,provider_change,from_to,https://announcements.asx.com.au/asxpdf/20200120/pdf/44dct897nbz0j8.pdf
CMD,CMD,2020-01-20,Security Transfer Australia,Automic,Change of Share Registry,provider_change,from_to,https://announcements.asx.com.au/asxpdf/20200120/pdf/44dct897nbz0j8.pdf
CPV,CPV,2020-01-20,Security Transfer Australia,Automic,Change of Share Registry,provider_change,from_to,https://announcements.asx.com.au/asxpdf/20200120/pdf/44dct897nbz0j8.pdf
OAR,CR3,2020-01-20,Security Transfer Australia,Automic,Change of Share Registry,provider_change,from_to,https://announcements.asx.com.au/asxpdf/20200120/pdf/44dct897nbz0j8.pdf
VMS,CRI,2020-01-20,Security Transfer Australia,Automic,Change of Share Registry,provider_change,from_to,https://announcements.asx.com.au/asxpdf/20200120/pdf/44dct897nbz0j8.pdf
CVV,CVV,2020-01-20,Security Transfer Australia,Automic,Change of Share Registry,provider_change,from_to,https://announcements.asx.com.au/asxpdf/20200120/pdf/44dct897nbz0j8.pdf
CXO,CXO,2020-01-20,Security Transfer Australia,Automic,Change of Share Registry,provider_change,from_to,https://announcements.asx.com.au/asxpdf/20200120/pdf/44dct897nbz0j8.pdf
CYL,CYL,2020-01-20,Security Transfer Australia,Automic,Change of Share Registry,provider_change,from_to,https://announcements.asx.com.au/asxpdf/20200120/pdf/44dct897nbz0j8.pdf
DKM,DKM,2020-01-20,Security Transfer Australia,Automic,Change of Share Registry,provider_change,from_to,https://announcements.asx.com.au/asxpdf/20200120/pdf/44dct897nbz0j8.pdf
DTR,DTR,2020-01-20,Security Transfer Australia,Automic,Change of Share Registry,provider_change,from_to,https://announcements.asx.com.au/asxpdf/20200120/pdf/44dct897nbz0j8.pdf
E25,E25,2020-01-20,Security Transfer Australia,Automic,Change of Share Registry,provider_change,from_to,https://announcements.asx.com.au/asxpdf/20200120/pdf/44dct897nbz0j8.pdf
EME,EME,2020-01-20,Security Transfer Australia,Automic,Change of Share Registry,provider_change,from_to,https://announcements.asx.com.au/asxpdf/20200120/pdf/44dct897nbz0j8.pdf
EMR,EMR,2020-01-20,Security Transfer Australia,Automic,Change of Share Registry,provider_change,from_to,https://announcements.asx.com.au/asxpdf/20200120/pdf/44dct897nbz0j8.pdf
EMU,EMU,2020-01-20,Security Transfer Australia,Automic,Change of Share Registry,provider_change,from_to,https://announcements.asx.com.au/asxpdf/20200120/pdf/44dct897nbz0j8.pdf
ENR,ENR,2020-01-20,Security Transfer Australia,Automic,Change of Share Registry,provider_change,from_to,https://announcements.asx.com.au/asxpdf/20200120/pdf/44dct897nbz0j8.pdf
EPM,EPM,2020-01-20,Security Transfer Australia,Automic,Change of Share Registry,provider_change,from_to,https://announcements.asx.com.au/asxpdf/20200120/pdf/44dct897nbz0j8.pdf
ERL,ERL,2020-01-20,Security Transfer Australia,Automic,Change of Share Registry,provider_change,from_to,https://announcements.asx.com.au/asxpdf/20200120/pdf/44dct897nbz0j8.pdf
EXR,EXR,2020-01-20,Security Transfer Australia,Automic,Change of Share Registry,provider_change,from_to,https://announcements.asx.com.au/asxpdf/20200120/pdf/44dct897nbz0j8.pdf
FFG,FFG,2020-01-20,Security Transfer Australia,Automic,Change of Share Registry,provider_change,from_to,https://announcements.asx.com.au/asxpdf/20200120/pdf/44dct897nbz0j8.pdf
FFI,FFI,2020-01-20,Security Transfer Australia,Automic,Change of Share Registry,provider_change,from_to,https://announcements.asx.com.au/asxpdf/20200120/pdf/44dct897nbz0j8.pdf
GAL,GAL,2020-01-20,Security Transfer Australia,Automic,Change of Share Registry,provider_change,from_to,https://announcements.asx.com.au/asxpdf/20200120/pdf/44dct897nbz0j8.pdf
GBE,GBE,2020-01-20,Security Transfer Australia,Automic,Change of Share Registry,provider_change,from_to,https://announcements.asx.com.au/asxpdf/20200120/pdf/44dct897nbz0j8.pdf
GSM,GSM,2020-01-20,Security Transfer Australia,Automic,Change of Share Registry,provider_change,from_to,https://announcements.asx.com.au/asxpdf/20200120/pdf/44dct897nbz0j8.pdf
HOT,GUM,2020-01-20,Security Transfer Australia,Automic,Change of Share Registry,provider_change,from_to,https://announcements.asx.com.au/asxpdf/20200120/pdf/44dct897nbz0j8.pdf
GWR,GWR,2020-01-20,Security Transfer Australia,Automic,Change of Share Registry,provider_change,from_to,https://announcements.asx.com.au/asxpdf/20200120/pdf/44dct897nbz0j8.pdf
HAS,HAS,2020-01-20,Security Transfer Australia,Automic,Change of Share Registry,provider_change,from_to,https://announcements.asx.com.au/asxpdf/20200120/pdf/44dct897nbz0j8.pdf
HCH,HCH,2020-01-20,Security Transfer Australia,Automic,Change of Share Registry,provider_change,from_to,https://announcements.asx.com.au/asxpdf/20200120/pdf/44dct897nbz0j8.pdf
TNP,HYT,2020-01-20,Security Transfer Australia,Automic,Change of Share Registry,provider_change,from_to,https://announcements.asx.com.au/asxpdf/20200120/pdf/44dct897nbz0j8.pdf
BIR,ICU,2020-01-20,Security Transfer Australia,Automic,Change of Share Registry,provider_change,from_to,https://announcements.asx.com.au/asxpdf/20200120/pdf/44dct897nbz0j8.pdf
IMA,IMA,2020-01-20,Security Transfer Australia,Automic,Change of Share Registry,provider_change,from_to,https://announcements.asx.com.au/asxpdf/20200120/pdf/44dct897nbz0j8.pdf
IMC,IMC,2020-01-20,Security Transfer Australia,Automic,Change of Share Registry,provider_change,from_to,https://announcements.asx.com.au/asxpdf/20200120/pdf/44dct897nbz0j8.pdf
SAU,ION,2020-01-20,Security Transfer Australia,Automic,Change of Share Registry,provider_change,from_to,https://announcements.asx.com.au/asxpdf/20200120/pdf/44dct897nbz0j8.pdf
IRD,IRD,2020-01-20,Security Transfer Australia,Automic,Change of Share Registry,provider_change,from_to,https://announcements.asx.com.au/asxpdf/20200120/pdf/44dct897nbz0j8.pdf
ST1,ITS,2020-01-20,Security Transfer Australia,Automic,Change of Share Registry,provider_change,from_to,https://announcements.asx.com.au/asxpdf/20200120/pdf/44dct897nbz0j8.pdf
JAT,JAT,2020-01-20,Security Transfer Australia,Automic,Change of Share Registry,provider_change,from_to,https://announcements.asx.com.au/asxpdf/20200120/pdf/44dct897nbz0j8.pdf
KRR,KRR,2020-01-20,Security Transfer Australia,Automic,Change of Share Registry,provider_change,from_to,https://announcements.asx.com.au/asxpdf/20200120/pdf/44dct897nbz0j8.pdf
LCY,LCY,2020-01-20,Security Transfer Australia,Automic,Change of Share Registry,provider_change,from_to,https://announcements.asx.com.au/asxpdf/20200120/pdf/44dct897nbz0j8.pdf
MDI,MDI,2020-01-20,Security Transfer Australia,Automic,Change of Share Registry,provider_change,from_to,https://announcements.asx.com.au/asxpdf/20200120/pdf/44dct897nbz0j8.pdf
MQR,MQR,2020-01-20,Security Transfer Australia,Automic,Change of Share Registry,provider_change,from_to,https://announcements.asx.com.au/asxpdf/20200120/pdf/44dct897nbz0j8.pdf
MRR,MRR,2020-01-20,Security Transfer Australia,Automic,Change of Share Registry,provider_change,from_to,https://announcements.asx.com.au/asxpdf/20200120/pdf/44dct897nbz0j8.pdf
MTC,MTC,2020-01-20,Security Transfer Australia,Automic,Change of Share Registry,provider_change,from_to,https://announcements.asx.com.au/asxpdf/20200120/pdf/44dct897nbz0j8.pdf
XTD,MXO,2020-01-20,Security Transfer Australia,Automic,Change of Share Registry,provider_change,from_to,https://announcements.asx.com.au/asxpdf/20200120/pdf/44dct897nbz0j8.pdf
NES,NES,2020-01-20,Security Transfer Australia,Automic,Change of Share Registry,provider_change,from_to,https://announcements.asx.com.au/asxpdf/20200120/pdf/44dct897nbz0j8.pdf
NTI,NTI,2020-01-20,Security Transfer Australia,Automic,Change of Share Registry,provider_change,from_to,https://announcements.asx.com.au/asxpdf/20200120/pdf/44dct897nbz0j8.pdf
PIQ,PIQ,2020-01-20,Security Transfer Australia,Automic,Change of Share Registry,provider_change,from_to,https://announcements.asx.com.au/asxpdf/20200120/pdf/44dct897nbz0j8.pdf
PRX,PRX,2020-01-20,Security Transfer Australia,Automic,Change of Share Registry,provider_change,from_to,https://announcements.asx.com.au/asxpdf/20200120/pdf/44dct897nbz0j8.pdf
PYC,PYC,2020-01-20,Security Transfer Australia,Automic,Change of Share Registry,provider_change,from_to,https://announcements.asx.com.au/asxpdf/20200120/pdf/44dct897nbz0j8.pdf
RBR,RBR,2020-01-20,Security Transfer Australia,Automic,Change of Share Registry,provider_change,from_to,https://announcements.asx.com.au/asxpdf/20200120/pdf/44dct897nbz0j8.pdf
RHI,RHI,2020-01-20,Security Transfer Australia,Automic,Change of Share Registry,provider_change,from_to,https://announcements.asx.com.au/asxpdf/20200120/pdf/44dct897nbz0j8.pdf
RML,RML,2020-01-20,Security Transfer Australia,Automic,Change of Share Registry,provider_change,from_to,https://announcements.asx.com.au/asxpdf/20200120/pdf/44dct897nbz0j8.pdf
RWD,RWD,2020-01-20,Security Transfer Australia,Automic,Change of Share Registry,provider_change,from_to,https://announcements.asx.com.au/asxpdf/20200120/pdf/44dct897nbz0j8.pdf
SCN,SCN,2020-01-20,Security Transfer Australia,Automic,Change of Share Registry,provider_change,from_to,https://announcements.asx.com.au/asxpdf/20200120/pdf/44dct897nbz0j8.pdf
AQI,SGC,2020-01-20,Security Transfer Australia,Automic,Change of Share Registry,provider_change,from_to,https://announcements.asx.com.au/asxpdf/20200120/pdf/44dct897nbz0j8.pdf
ZIP,SKK,2020-01-20,Security Transfer Australia,Automic,Change of Share Registry,provider_change,from_to,https://announcements.asx.com.au/asxpdf/20200120/pdf/44dct897nbz0j8.pdf
IBG,SKM,2020-01-20,Security Transfer Australia,Automic,Change of Share Registry,provider_change,from_to,https://announcements.asx.com.au/asxpdf/20200120/pdf/44dct897nbz0j8.pdf
SOR,SOR,2020-01-20,Security Transfer Australia,Automic,Change of Share Registry,provider_change,from_to,https://announcements.asx.com.au/asxpdf/20200120/pdf/44dct897nbz0j8.pdf
TAM,TAM,2020-01-20,Security Transfer Australia,Automic,Change of Share Registry,provider_change,from_to,https://announcements.asx.com.au/asxpdf/20200120/pdf/44dct897nbz0j8.pdf
TAR,TAR,2020-01-20,Security Transfer Australia,Automic,Change of Share Registry,provider_change,from_to,https://announcements.asx.com.au/asxpdf/20200120/pdf/44dct897nbz0j8.pdf
MSR,TCG,2020-01-20,Security Transfer Australia,Automic,Change of Share Registry,provider_change,from_to,https://announcements.asx.com.au/asxpdf/20200120/pdf/44dct897nbz0j8.pdf
TGN,TGN,2020-01-20,Security Transfer Australia,Automic,Change of Share Registry,provider_change,from_to,https://announcements.asx.com.au/asxpdf/20200120/pdf/44dct897nbz0j8.pdf
TLG,TLG,2020-01-20,Security Transfer Australia,Automic,Change of Share Registry,provider_change,from_to,https://announcements.asx.com.au/asxpdf/20200120/pdf/44dct897nbz0j8.pdf
BDI,TMS,2020-01-20,Security Transfer Australia,Automic,Change of Share Registry,provider_change,from_to,https://announcements.asx.com.au/asxpdf/20200120/pdf/44dct897nbz0j8.pdf
DAV,TSR,2020-01-20,Security Transfer Australia,Automic,Change of Share Registry,provider_change,from_to,https://announcements.asx.com.au/asxpdf/20200120/pdf/44dct897nbz0j8.pdf
GLA,USC,2020-01-20,Security Transfer Australia,Automic,Change of Share Registry,provider_change,from_to,https://announcements.asx.com.au/asxpdf/20200120/pdf/44dct897nbz0j8.pdf
RED,VAU,2020-01-20,Security Transfer Australia,Automic,Change of Share Registry,provider_change,from_to,https://announcements.asx.com.au/asxpdf/20200120/pdf/44dct897nbz0j8.pdf
VMC,VMC,2020-01-20,Security Transfer Australia,Automic,Change of Share Registry,provider_change,from_to,https://announcements.asx.com.au/asxpdf/20200120/pdf/44dct897nbz0j8.pdf
JXT,VNL,2020-01-20,Security Transfer Australia,Automic,Change of Share Registry,provider_change,from_to,https://announcements.asx.com.au/asxpdf/20200120/pdf/44dct897nbz0j8.pdf
BMG,WAU,2020-01-20,Security Transfer Australia,Automic,Change of Share Registry,provider_change,from_to,https://announcements.asx.com.au/asxpdf/20200120/pdf/44dct897nbz0j8.pdf
TRL,WIA,2020-01-20,Security Transfer Australia,Automic,Change of Share Registry,provider_change,from_to,https://announcements.asx.com.au/asxpdf/20200120/pdf/44dct897nbz0j8.pdf
WWI,WWI,2020-01-20,Security Transfer Australia,Automic,Change of Share Registry,provider_change,from_to,https://announcements.asx.com.au/asxpdf/20200120/pdf/44dct897nbz0j8.pdf
XRF,XRF,2020-01-20,Security Transfer Australia,Automic,Change of Share Registry,provider_change,from_to,https://announcements.asx.com.au/asxpdf/20200120/pdf/44dct897nbz0j8.pdf
ZNC,ZNC,2020-01-20,Security Transfer Australia,Automic,Change of Share Registry,provider_change,from_to,https://announcements.asx.com.au/asxpdf/20200120/pdf/44dct897nbz0j8.pdf
SFR,SFR,2020-01-17,Security Transfer Australia,Automic,Change of Share Registry Notification,provider_change,one_brand+prior_doc,https://announcements.asx.com.au/asxpdf/20200117/pdf/44dbp6xw2wgy52.pdf
ARE,ORP,2020-01-13,Automic,Boardroom,Change of Share Registry,provider_change,from_to,https://announcements.asx.com.au/asxpdf/20200113/pdf/44d6z3zdqy2rdc.pdf
RCP,NTM,2020-01-10,Computershare,Automic,Change of Share Registry,provider_change,from_to,https://announcements.asx.com.au/asxpdf/20200110/pdf/44d5x83kdb51hz.pdf
NTU,NTU,2019-11-29,Security Transfer Australia,Automic,NTU - Change of share registry details,provider_change,from_to,https://announcements.asx.com.au/asxpdf/20191129/pdf/44c4bswr3hg9f1.pdf
MSE,ZEO,2019-11-29,Security Transfer Australia,Automic,Change of Share Registry,provider_change,from_to,https://announcements.asx.com.au/asxpdf/20191129/pdf/44c4p14rfqp7t9.pdf
ALI,ALI,2019-11-18,Computershare,Boardroom,Change of Share Registry provider,provider_change,from_to,https://announcements.asx.com.au/asxpdf/20191118/pdf/44bnld6v7hb007.pdf
ARG,ARG,2019-11-18,Computershare,Boardroom,Change of Share Registry provider,provider_change,from_to,https://announcements.asx.com.au/asxpdf/20191118/pdf/44bnl4q3qxwtk7.pdf
LCM,VBC,2019-10-11,MUFG Corporate Markets,Computershare,Details of Share Registry address,address_only,from_to,https://announcements.asx.com.au/asxpdf/20191011/pdf/449dtb0xzztw2d.pdf
AFL,AFL,2019-09-27,Boardroom,Automic,Change of Share Registry Details,provider_change,from_to,https://announcements.asx.com.au/asxpdf/20190927/pdf/448xwsysggvkqf.pdf
WGX,WGX,2019-09-26,Security Transfer Australia,Computershare,Change of Share Registry,provider_change,one_brand+prior_doc,https://announcements.asx.com.au/asxpdf/20190926/pdf/448wnb0qbnx1ck.pdf
EOL,EOL,2019-09-23,Boardroom,MUFG Corporate Markets,Change of Share Registry,provider_change,one_brand+prior_doc,https://announcements.asx.com.au/asxpdf/20190923/pdf/448r91gm9fkdjr.pdf
LKE,LKE,2019-09-23,MUFG Corporate Markets,Automic,Change of Share Registry,provider_change,from_to,https://announcements.asx.com.au/asxpdf/20190923/pdf/448rnpxd51wgrs.pdf
VXR,DVP,2019-09-13,Advanced Share Registry,MUFG Corporate Markets,Change of Share Registry,provider_change,one_brand+prior_doc,https://announcements.asx.com.au/asxpdf/20190913/pdf/448j10jr02h3zq.pdf
CYQ,CYQ,2019-09-12,Advanced Share Registry,Computershare,Change of Share Registry,provider_change,two_brands,https://announcements.asx.com.au/asxpdf/20190912/pdf/448gn33wft25tm.pdf
AV1,AV1,2019-08-30,Security Transfer Australia,Computershare,Change of Share Registry,provider_change,one_brand+prior_doc,https://announcements.asx.com.au/asxpdf/20190830/pdf/448192cgs7hf5r.pdf
GCR,GCR,2019-08-12,Boardroom,Automic,Change of Share Registry Details,provider_change,prior_doc+next_doc,https://announcements.asx.com.au/asxpdf/20190812/pdf/447dqsv2y91r12.pdf
CHK,ALR,2019-08-09,Security Transfer Australia,Automic,Change of Share Registry Details,provider_change,from_to,https://announcements.asx.com.au/asxpdf/20190809/pdf/447byyxcts23z8.pdf
LON,MBH,2019-08-02,Computershare,Boardroom,Change of Provider of Share Registry Management Services,registry_other,from_to,https://announcements.asx.com.au/asxpdf/20190802/pdf/4475hjjq90zst7.pdf
BCK,BCK,2019-07-22,MUFG Corporate Markets,Tricor,Change of Address of Principal Share Registrar,address_only,two_brands,https://announcements.asx.com.au/asxpdf/20190722/pdf/446rx9v6nxykl0.pdf
RNX,RNX,2019-07-19,Computershare,Automic,Change of Share Registry,provider_change,from_to,https://announcements.asx.com.au/asxpdf/20190719/pdf/446r8d2cn4yygx.pdf
PMY,BML,2019-07-12,Security Transfer Australia,Automic,Change of Share Registry,provider_change,from_to,https://announcements.asx.com.au/asxpdf/20190712/pdf/446kv42f7fnkjx.pdf
BGL,BGL,2019-07-10,Security Transfer Australia,Computershare,CHANGE OF SHARE REGISTRY,provider_change,one_brand+prior_doc,https://announcements.asx.com.au/asxpdf/20190710/pdf/446j0777h5tpbd.pdf
HYD,HYD,2019-06-21,MUFG Corporate Markets,Boardroom,Change in share registry services provider,provider_change,cease_plus_one,https://announcements.asx.com.au/asxpdf/20190621/pdf/44614308hph6sb.pdf
NVO,FMR,2019-06-17,Security Transfer Australia,Automic,Change of Share Registry,provider_change,from_to,https://announcements.asx.com.au/asxpdf/20190617/pdf/445wsqwpmlmd1v.pdf
BXB,BXB,2019-04-29,MUFG Corporate Markets,Boardroom,BRAMBLES CHANGE OF SHARE REGISTRY,provider_change,one_brand+prior_doc,https://announcements.asx.com.au/asxpdf/20190429/pdf/444llv5zqkj46g.pdf
ASL,PRN,2019-04-18,Computershare,MUFG Corporate Markets,ASL Change of Share Register Notification,provider_change,one_brand+prior_doc,https://announcements.asx.com.au/asxpdf/20190418/pdf/444fp4k8c2jnvg.pdf
RSH,VHL,2019-04-11,Computershare,Security Transfer Australia,Details of Share Registry address,address_only,cease_plus_one,https://announcements.asx.com.au/asxpdf/20190411/pdf/4447dbpbvvrvf0.pdf
OVL,IXR,2019-03-25,Security Transfer Australia,Computershare,Change of Share Registry,provider_change,one_brand+prior_doc,https://announcements.asx.com.au/asxpdf/20190325/pdf/443rffchvlyc6p.pdf
WBT,WBT,2019-03-08,Security Transfer Australia,Computershare,Change of Share Registry,provider_change,one_brand+prior_doc,https://announcements.asx.com.au/asxpdf/20190308/pdf/443bhnzkb08rnb.pdf
AYR,STK,2019-03-01,Security Transfer Australia,Automic,Change of Share Registry,provider_change,from_to,https://announcements.asx.com.au/asxpdf/20190301/pdf/4434l8c5cr00br.pdf
ARV,ARV,2019-02-28,Security Transfer Australia,Automic,Change of Share Registry,provider_change,one_brand+prior_doc,https://announcements.asx.com.au/asxpdf/20190228/pdf/4431y62v2bx2fs.pdf
IOD,IOD,2019-02-25,Automic,Boardroom,Change of Share Registry Provider,provider_change,from_to,https://announcements.asx.com.au/asxpdf/20190225/pdf/442y5fd2v0gqt0.pdf
HLO,HLO,2019-02-15,Computershare,Automic,Change of Share Registry Details,provider_change,prior_doc+next_doc,https://announcements.asx.com.au/asxpdf/20190215/pdf/442nhkns0jdgrw.pdf
IS3,IS3,2019-02-08,Boardroom,Automic,Change of Share Registry,provider_change,from_to,https://announcements.asx.com.au/asxpdf/20190208/pdf/442h1pshpy7pmk.pdf
CNL,PHO,2019-02-08,Automic,Advanced Share Registry,Change of Share Registry Details,provider_change,cease_plus_one,https://announcements.asx.com.au/asxpdf/20190208/pdf/442h088c60312l.pdf
TNY,TNY,2019-01-21,MUFG Corporate Markets,Automic,Change of Share Registry Details,provider_change,from_to,https://announcements.asx.com.au/asxpdf/20190121/pdf/441zgbcc476p3n.pdf
AX8,AX8,2019-01-07,Automic,Advanced Share Registry,Change of Share Registry,provider_change,from_to,https://announcements.asx.com.au/asxpdf/20190107/pdf/441q761yywxzft.pdf
GBR,GBR,2019-01-04,Security Transfer Australia,Automic,Change of Share Registry,provider_change,from_to,https://announcements.asx.com.au/asxpdf/20190104/pdf/441nwlfp0n4j98.pdf
MZZ,AAM,2018-12-17,Security Transfer Australia,Automic,Change of Share Registry,provider_change,from_to,https://announcements.asx.com.au/asxpdf/20181217/pdf/4419ddh23kc2jd.pdf
SUP,FHE,2018-12-17,Security Transfer Australia,Automic,Change of Share Registry,provider_change,from_to,https://announcements.asx.com.au/asxpdf/20181217/pdf/4419d4hxtmrt21.pdf
GLE,GLE,2018-12-17,MUFG Corporate Markets,Boardroom,Change of Registry,provider_change,from_to,https://announcements.asx.com.au/asxpdf/20181217/pdf/4418nj0nsp5pkf.pdf
HZN,HZN,2018-12-10,Boardroom,Computershare,Change of Share Registry,provider_change,from_to,https://announcements.asx.com.au/asxpdf/20181210/pdf/44132b5kh2wkkl.pdf
IME,IME,2018-12-07,Boardroom,Automic,Change of Share Registry Details,provider_change,from_to,https://announcements.asx.com.au/asxpdf/20181207/pdf/4411vjgqkrc2xm.pdf
RCL,RCL,2018-12-03,Boardroom,Registry Direct,Change of Share Registry Details,provider_change,cease_plus_one,https://announcements.asx.com.au/asxpdf/20181203/pdf/440wlgjdqlgrzd.pdf
BMT,CNB,2018-11-26,Security Transfer Australia,Computershare,Change of Share Registry,provider_change,one_brand+prior_doc,https://announcements.asx.com.au/asxpdf/20181126/pdf/440mrlnqx55sg7.pdf
CPV,CPV,2018-11-26,Registry Direct,Security Transfer Australia,Change of Share Registry Details,provider_change,from_to,https://announcements.asx.com.au/asxpdf/20181126/pdf/440ms17rrtsrf0.pdf
PUR,PUR,2018-11-22,Security Transfer Australia,Automic,Change of Share Registry,provider_change,from_to,https://announcements.asx.com.au/asxpdf/20181122/pdf/440k948g0hq6q9.pdf
CNI,CNI,2018-11-19,Computershare,Boardroom,Change in share registry service provider,provider_change,from_to,https://announcements.asx.com.au/asxpdf/20181119/pdf/440f6t4pg05b5f.pdf
APC,APC,2018-11-16,Security Transfer Australia,Automic,Change of Share Registry,provider_change,from_to,https://announcements.asx.com.au/asxpdf/20181116/pdf/440cg0tkml3ps0.pdf
S3R,MPW,2018-11-12,Security Transfer Australia,Automic,Change of Share Registry Details,provider_change,from_to,https://announcements.asx.com.au/asxpdf/20181112/pdf/4406f23k2d5lss.pdf
CRB,CRB,2018-10-29,Security Transfer Australia,Automic,Change of Share Registry,provider_change,one_brand+prior_doc,https://announcements.asx.com.au/asxpdf/20181029/pdf/43zr29q688dfk1.pdf
MBK,MBK,2018-10-29,Advanced Share Registry,Automic,Change of Share Registry,provider_change,from_to,https://announcements.asx.com.au/asxpdf/20181029/pdf/43zqn14blx727x.pdf
CLY,REE,2018-10-29,Security Transfer Australia,Automic,Change of Share Registry,provider_change,one_brand+prior_doc,https://announcements.asx.com.au/asxpdf/20181029/pdf/43zr3dp623277q.pdf
NCL,XGL,2018-10-22,MUFG Corporate Markets,Automic,Change of Registry,provider_change,from_to,https://announcements.asx.com.au/asxpdf/20181022/pdf/43zghlt38ywm36.pdf
AVL,AVL,2018-10-18,Computershare,Automic,Change of Share Registry Details,provider_change,from_to,https://announcements.asx.com.au/asxpdf/20181018/pdf/43zdb0yycnrwd4.pdf
TRM,TRM,2018-10-15,Security Transfer Australia,Automic,Change of share registry,provider_change,from_to,https://announcements.asx.com.au/asxpdf/20181015/pdf/43z87jwpj3ftjx.pdf
JAN,JAN,2018-10-08,MUFG Corporate Markets,Automic,Change of Share Registry Update,provider_change,from_to,https://announcements.asx.com.au/asxpdf/20181008/pdf/43z25x5hrrcj62.pdf
JAN,JAN,2018-10-08,MUFG Corporate Markets,Automic,Change of Share Registry,provider_change,from_to,https://announcements.asx.com.au/asxpdf/20181008/pdf/43z1hcjr857z6t.pdf
JCS,JCS,2018-10-08,Computershare,Automic,Change of Share Registry Details,provider_change,from_to,https://announcements.asx.com.au/asxpdf/20181008/pdf/43z1j1nprd5bgc.pdf
MNC,LCL,2018-10-04,Computershare,MUFG Corporate Markets,AIM Delisting and Registry Transfer update,provider_change,appoint_plus_one,https://announcements.asx.com.au/asxpdf/20181004/pdf/43yz8l2gnt069b.pdf
ACF,ACF,2018-09-24,MUFG Corporate Markets,Automic,Change of Share Registry and Dividend Reminder,provider_change,from_to,https://announcements.asx.com.au/asxpdf/20180924/pdf/43ykwwwgz9jkmn.pdf
CMA,COF,2018-09-24,Computershare,Boardroom,Change in share registry service provider,provider_change,from_to,https://announcements.asx.com.au/asxpdf/20180924/pdf/43yldfyc55vj6f.pdf
ARE,ORP,2018-09-24,MUFG Corporate Markets,Automic,Change of Share Registry,provider_change,from_to,https://announcements.asx.com.au/asxpdf/20180924/pdf/43yl70m1ywzsr0.pdf
AMO,AMO,2018-09-17,MUFG Corporate Markets,Boardroom,Change In Registry Complete,provider_change,from_to,https://announcements.asx.com.au/asxpdf/20180917/pdf/43yd8h27jqqz04.pdf
UCW,EDU,2018-09-10,MUFG Corporate Markets,Automic,Change of Share Registry,provider_change,from_to,https://announcements.asx.com.au/asxpdf/20180910/pdf/43y5mnl02tkywf.pdf
PSC,PSC,2018-09-10,MUFG Corporate Markets,Automic,Change of share registry,provider_change,from_to,https://announcements.asx.com.au/asxpdf/20180910/pdf/43y5w69scc25ln.pdf
AMO,AMO,2018-09-07,MUFG Corporate Markets,Boardroom,Change in Provider of Registry Management,registry_other,from_to,https://announcements.asx.com.au/asxpdf/20180907/pdf/43y496vt4t0yl2.pdf
EQT,EQT,2018-09-07,Computershare,MUFG Corporate Markets,Change of Share Register Notification,provider_change,appoint_plus_one,https://announcements.asx.com.au/asxpdf/20180907/pdf/43y4bg3ksqmqqp.pdf
GEM,GEM,2018-09-03,Advanced Share Registry,MUFG Corporate Markets,Change of Share Register,provider_change,one_brand+prior_doc,https://announcements.asx.com.au/asxpdf/20180903/pdf/43xzd35n3d6h07.pdf
MQG,MQG,2018-09-03,MUFG Corporate Markets,Boardroom,Confirmation of change of registry,provider_change,one_brand+prior_doc,https://announcements.asx.com.au/asxpdf/20180903/pdf/43xztn72wsmk5c.pdf
VKA,VKA,2018-09-03,Computershare,Automic,Change of Share Registry,provider_change,from_to,https://announcements.asx.com.au/asxpdf/20180903/pdf/43xzlpkdpgbkrv.pdf
KBC,KBC,2018-08-27,Advanced Share Registry,Registry Direct,ASX Change of Share Registry,provider_change,two_brands,https://announcements.asx.com.au/asxpdf/20180827/pdf/43xqm2zyxtn6t3.pdf
PPL,PPL,2018-08-27,Boardroom,Automic,Change of Share Registry,provider_change,from_to,https://announcements.asx.com.au/asxpdf/20180827/pdf/43xq2828xrh803.pdf
MQG,MQG,2018-08-24,MUFG Corporate Markets,Boardroom,Change of Share Register Notification,provider_change,from_to,https://announcements.asx.com.au/asxpdf/20180824/pdf/43xn6jf208f5d9.pdf
TFL,TFL,2018-08-21,Advanced Share Registry,MUFG Corporate Markets,Change of Share Register Notification,provider_change,one_brand+prior_doc,https://announcements.asx.com.au/asxpdf/20180821/pdf/43xhxjh1g469lc.pdf
MMR,MMR,2018-08-09,Advanced Share Registry,Boardroom,Change of Share Registry Services,provider_change,from_to,https://announcements.asx.com.au/asxpdf/20180809/pdf/43x6dxvjj0jm2r.pdf
BNL,BNL,2018-08-06,Security Transfer Australia,Automic,Change of Share Registry,provider_change,from_to,https://announcements.asx.com.au/asxpdf/20180806/pdf/43x2xrrn6sjk6y.pdf
RCE,RCE,2018-07-16,Computershare,Automic,Change of Share Registry,provider_change,from_to,https://announcements.asx.com.au/asxpdf/20180716/pdf/43wjz4m0qqdypn.pdf
BOE,BOE,2018-07-06,Security Transfer Australia,Automic,Change of Share Registry,provider_change,one_brand+prior_doc,https://announcements.asx.com.au/asxpdf/20180706/pdf/43wc4srf6jhy76.pdf
MEI,MEI,2018-07-06,Security Transfer Australia,Automic,Change of Share Registry Details,provider_change,from_to,https://announcements.asx.com.au/asxpdf/20180706/pdf/43wbzg16vzqkj2.pdf
MEL,MEL,2018-07-02,Registry Direct,MUFG Corporate Markets,Change of Share Registry,provider_change,one_brand+prior_doc,https://announcements.asx.com.au/asxpdf/20180702/pdf/43w68bv8mz9cpq.pdf
BCL,PFT,2018-06-29,Computershare,Automic,Change of Share Registry,provider_change,from_to,https://announcements.asx.com.au/asxpdf/20180629/pdf/43w54wq3gvrhnh.pdf
EUR,EUR,2018-06-25,Advanced Share Registry,Computershare,Change of Share Registry,provider_change,one_brand+prior_doc,https://announcements.asx.com.au/asxpdf/20180625/pdf/43w15kpg072g10.pdf
ONX,GG8,2018-06-15,Security Transfer Australia,Automic,Change of Share Registry,provider_change,from_to,https://announcements.asx.com.au/asxpdf/20180615/pdf/43vtbm7qyvzm12.pdf
HWK,PL9,2018-06-15,Security Transfer Australia,Automic,CHANGE OF SHARE REGISTRY,provider_change,one_brand+prior_doc,https://announcements.asx.com.au/asxpdf/20180615/pdf/43vt3zn5c8lvwq.pdf
PPK,PPK,2018-06-13,Boardroom,Computershare,Change of Share Register,provider_change,cease_appoint,https://announcements.asx.com.au/asxpdf/20180613/pdf/43vr9ybc00crk4.pdf
ASB,ASB,2018-06-12,Advanced Share Registry,MUFG Corporate Markets,Change of Share Registry,provider_change,one_brand+prior_doc,https://announcements.asx.com.au/asxpdf/20180612/pdf/43vpdm0tt92zc0.pdf
TTM,TTM,2018-05-18,Security Transfer Australia,Automic,Change of Share Registry,provider_change,from_to,https://announcements.asx.com.au/asxpdf/20180518/pdf/43v3y7v90yc658.pdf
MLX,MLX,2018-05-16,Security Transfer Australia,Computershare,Change of Share Registry,provider_change,one_brand+prior_doc,https://announcements.asx.com.au/asxpdf/20180516/pdf/43v2ddz36wqnyb.pdf
TTL,RC1,2018-05-07,MUFG Corporate Markets,Automic,Change of Share Registry,provider_change,from_to,https://announcements.asx.com.au/asxpdf/20180507/pdf/43tv79vd46rrsq.pdf
PGY,PGY,2018-05-04,Computershare,Boardroom,Change of Share Registry Provider,provider_change,from_to,https://announcements.asx.com.au/asxpdf/20180504/pdf/43tswk2bnw3nxl.pdf
CTO,CTO,2018-04-30,Computershare,MUFG Corporate Markets,Change of Share Registry,provider_change,from_to,https://announcements.asx.com.au/asxpdf/20180430/pdf/43tl3rd58z1fm0.pdf
ESI,ECT,2018-04-23,Security Transfer Australia,Automic,Details of Share Registry address,address_only,from_to,https://announcements.asx.com.au/asxpdf/20180423/pdf/43tdfyfyk6x1th.pdf
ENT,ENT,2018-04-16,Computershare,Automic,Change of Share Registry,provider_change,from_to,https://announcements.asx.com.au/asxpdf/20180416/pdf/43t7fjd6nnd3zf.pdf
LPE,LPE,2018-04-13,Advanced Share Registry,MUFG Corporate Markets,Change of Share Registry,provider_change,from_to,https://announcements.asx.com.au/asxpdf/20180413/pdf/43t5y8ss1sfwm5.pdf
DTM,DTM,2018-03-05,MUFG Corporate Markets,Automic,Change of Company Registry,registry_other,from_to,https://announcements.asx.com.au/asxpdf/20180305/pdf/43s5l7skywz3wq.pdf
1ST,VFX,2018-03-05,MUFG Corporate Markets,Automic,Change of Share Registry,provider_change,from_to,https://announcements.asx.com.au/asxpdf/20180305/pdf/43s55jbdw16ykv.pdf
KAI,PGL,2018-03-01,Security Transfer Australia,Advanced Share Registry,Transfer of Share Registry,provider_change,appoint_plus_one,https://announcements.asx.com.au/asxpdf/20180301/pdf/43s2yky34xn6w3.pdf
NSC,NSC,2018-02-23,Computershare,Boardroom,Change of Share Registry,provider_change,from_to,https://announcements.asx.com.au/asxpdf/20180223/pdf/43rw3kbg09t01l.pdf
BPP,BPP,2018-02-19,Security Transfer Australia,Automic,Change of Share Registry Details,provider_change,from_to,https://announcements.asx.com.au/asxpdf/20180219/pdf/43rpmyxlr0xvcc.pdf
SAM,RAS,2018-02-14,Registry Direct,MUFG Corporate Markets,Change of Share Register Notification,provider_change,one_brand+prior_doc,https://announcements.asx.com.au/asxpdf/20180214/pdf/43rkx7vhv4c8tr.pdf
CRO,SPX,2018-02-12,Computershare,Automic,Change of Share Registry,provider_change,from_to,https://announcements.asx.com.au/asxpdf/20180212/pdf/43rhb99vr15wj5.pdf
INK,GBL,2018-02-05,MUFG Corporate Markets,Automic,Change of Registry,provider_change,from_to,https://announcements.asx.com.au/asxpdf/20180205/pdf/43rb8v6d609kk5.pdf
JAL,JAL,2018-02-05,Security Transfer Australia,Automic,Change of Share Registry,provider_change,from_to,https://announcements.asx.com.au/asxpdf/20180205/pdf/43rbh7st1l8qph.pdf
HXG,NH3,2018-02-05,Boardroom,Automic,Change of Share Registry,provider_change,from_to,https://announcements.asx.com.au/asxpdf/20180205/pdf/43rbv4rn9mj0yb.pdf
MSV,MSV,2018-01-22,Advanced Share Registry,MUFG Corporate Markets,Change of Share Registry,provider_change,one_brand+prior_doc,https://announcements.asx.com.au/asxpdf/20180122/pdf/43qyq15kv2dx03.pdf
AOU,OR3,2018-01-12,Security Transfer Australia,Automic,Change of Share Registry Details,provider_change,from_to,https://announcements.asx.com.au/asxpdf/20180112/pdf/43qsghxb25k87t.pdf
VYS,VYS,2018-01-10,Security Transfer Australia,Automic,Change of Share Registry,provider_change,from_to,https://announcements.asx.com.au/asxpdf/20180110/pdf/43qr20mqn3bgnx.pdf
BLG,BLG,2017-12-11,Security Transfer Australia,Automic,Change of Share Registry,provider_change,from_to,https://announcements.asx.com.au/asxpdf/20171211/pdf/43q1pld2vwrxcb.pdf
PMC,GLS,2017-12-08,Computershare,MUFG Corporate Markets,Change of Share Registrar,provider_change,one_brand+prior_doc,https://announcements.asx.com.au/asxpdf/20171208/pdf/43q0vqthty1k3x.pdf
IMF,OBL,2017-12-08,Computershare,MUFG Corporate Markets,Change of Share Registry,provider_change,from_to,https://announcements.asx.com.au/asxpdf/20171208/pdf/43q0m72ywrpqf4.pdf
BXN,BLS,2017-12-01,Computershare,Security Transfer Australia,Change of Share Registry,provider_change,one_brand+prior_doc,https://announcements.asx.com.au/asxpdf/20171201/pdf/43psw499jpy4c0.pdf
REA,REA,2017-12-01,Boardroom,MUFG Corporate Markets,Change in Share Registry,provider_change,from_to,https://announcements.asx.com.au/asxpdf/20171201/pdf/43pthfvggj9chb.pdf
CL8,CL8,2017-11-24,Boardroom,Automic,Change of share registry,provider_change,appoint_plus_one,https://announcements.asx.com.au/asxpdf/20171124/pdf/43pkvwbgx5rt6n.pdf
PMC,GLS,2017-11-23,Computershare,MUFG Corporate Markets,Change of Share Register Notification,provider_change,appoint_plus_one,https://announcements.asx.com.au/asxpdf/20171123/pdf/43pj9vdr28h99n.pdf
GML,GML,2017-11-23,Security Transfer Australia,Automic,Change of Share Registry Details,provider_change,from_to,https://announcements.asx.com.au/asxpdf/20171123/pdf/43phnjmplgd4df.pdf
CMP,CMP,2017-11-13,MUFG Corporate Markets,Automic,Change of Share Registry Notification,provider_change,from_to,https://announcements.asx.com.au/asxpdf/20171113/pdf/43p5cbv9jdjjsc.pdf
CLQ,SRL,2017-11-13,Computershare,Automic,Change of Share Registry Details,provider_change,cease_plus_one,https://announcements.asx.com.au/asxpdf/20171113/pdf/43p58wz6bb5d67.pdf
RTR,RTR,2017-11-03,Advanced Share Registry,Automic,Change of Share Registry Details,provider_change,from_to,https://announcements.asx.com.au/asxpdf/20171103/pdf/43nyth8xwnfmjx.pdf
OFX,OFX,2017-10-18,Computershare,MUFG Corporate Markets,Notification of Change of Share Register,provider_change,one_brand+prior_doc,https://announcements.asx.com.au/asxpdf/20171018/pdf/43nb48t7ljxnps.pdf
ASP,ASP,2017-10-11,Advanced Share Registry,Automic,Change of Share Registry details,provider_change,from_to,https://announcements.asx.com.au/asxpdf/20171011/pdf/43n4tfsc118zjy.pdf
ESH,LU7,2017-10-06,Security Transfer Australia,Automic,Change of Share Registry Notification,provider_change,one_brand+prior_doc,https://announcements.asx.com.au/asxpdf/20171006/pdf/43n0j744gysq5v.pdf
PKO,PKO,2017-10-02,Security Transfer Australia,Automic,Change of Share Registry Notification,provider_change,from_to,https://announcements.asx.com.au/asxpdf/20171002/pdf/43mvxwxtxs3mqd.pdf
MRD,MRD,2017-09-29,Security Transfer Australia,Advanced Share Registry,Change of Share Registry,provider_change,appoint_plus_one,https://announcements.asx.com.au/asxpdf/20170929/pdf/43mt8j90359x04.pdf
CDY,AN1,2017-09-25,Boardroom,Automic,CHANGE OF SHARE REGISTRY DETAILS,provider_change,from_to,https://announcements.asx.com.au/asxpdf/20170925/pdf/43mlwk7h7dsdk4.pdf
DHR,NPM,2017-09-22,Computershare,MUFG Corporate Markets,Change of Share Registry,provider_change,one_brand+prior_doc,https://announcements.asx.com.au/asxpdf/20170922/pdf/43mjymzzfwc3dj.pdf
AJX,AJX,2017-09-08,Computershare,Automic,Change of Share Registry and Company's Contact,provider_change,from_to,https://announcements.asx.com.au/asxpdf/20170908/pdf/43m5gmhczxgypn.pdf
LMW,ACU,2017-08-30,MUFG Corporate Markets,Automic,Details of Share Registry address,address_only,from_to,https://announcements.asx.com.au/asxpdf/20170830/pdf/43lw10gcg4gfs1.pdf
LMW,ACU,2017-08-28,MUFG Corporate Markets,Automic,Change of Share Registry,provider_change,from_to,https://announcements.asx.com.au/asxpdf/20170828/pdf/43lspdqmwzjklt.pdf
SRO,PKY,2017-08-28,MUFG Corporate Markets,Automic,Change of Share Registry Notification,provider_change,from_to,https://announcements.asx.com.au/asxpdf/20170828/pdf/43lt2z3s15x4g5.pdf
CGO,CGO,2017-08-21,Computershare,Boardroom,Change in Share Registry,provider_change,from_to,https://announcements.asx.com.au/asxpdf/20170821/pdf/43lkkzl0m5nwkw.pdf
TTW,GCM,2017-08-18,Boardroom,MUFG Corporate Markets,Change of Share Registry,provider_change,one_brand+prior_doc,https://announcements.asx.com.au/asxpdf/20170818/pdf/43lhybn06phj24.pdf
SEQ,SEQ,2017-08-18,Computershare,Registry Direct,Change of Share Registry Service Provider,provider_change,cease_appoint,https://announcements.asx.com.au/asxpdf/20170818/pdf/43lhv1ylk647gv.pdf
ENX,FMN,2017-08-14,MUFG Corporate Markets,Automic,Change of Share Registry Notification,provider_change,from_to,https://announcements.asx.com.au/asxpdf/20170814/pdf/43lcppfc3pwmmy.pdf
LVE,LVE,2017-08-11,Boardroom,Advanced Share Registry,Change of Share Registry,provider_change,appoint_plus_one,https://announcements.asx.com.au/asxpdf/20170811/pdf/43lbx9ps2w9g3t.pdf
RSG,RSG,2017-08-11,Security Transfer Australia,Computershare,Change of Share Registry,provider_change,one_brand+prior_doc,https://announcements.asx.com.au/asxpdf/20170811/pdf/43lbmg6p6zz00y.pdf
ATC,ATC,2017-08-04,Security Transfer Australia,Automic,Altech - Change in Share Registry,provider_change,from_to,https://announcements.asx.com.au/asxpdf/20170804/pdf/43l58jtvgzvljt.pdf
ANG,ANG,2017-07-28,Computershare,Advanced Share Registry,Change of Share Registry Notification,provider_change,two_brands,https://announcements.asx.com.au/asxpdf/20170728/pdf/43kynz5tp14fdc.pdf
FHS,FHS,2017-07-28,Computershare,Automic,Change of Share Registry,provider_change,from_to,https://announcements.asx.com.au/asxpdf/20170728/pdf/43ky86z0vgx4f2.pdf
BGR,MAN,2017-07-18,Computershare,Automic,Change in Share Registry,provider_change,from_to,https://announcements.asx.com.au/asxpdf/20170718/pdf/43kq38wk1l3kwv.pdf
BLZ,BLZ,2017-07-17,Advanced Share Registry,Automic,Change of Share Registry Notification,provider_change,one_brand+prior_doc,https://announcements.asx.com.au/asxpdf/20170717/pdf/43kpnbrbvpnfjb.pdf
AUG,XEN,2017-07-17,MUFG Corporate Markets,Computershare,Change of Share Registry,provider_change,one_brand+prior_doc,https://announcements.asx.com.au/asxpdf/20170717/pdf/43kpkv852qvkl6.pdf
STO,STO,2017-07-03,Computershare,Boardroom,Change of Share Registry Service Provider,provider_change,from_to,https://announcements.asx.com.au/asxpdf/20170703/pdf/43kcck9lcz0354.pdf
ROG,ROG,2017-06-19,MUFG Corporate Markets,Advanced Share Registry,TRANSFER OF SHARE REGISTRY RED SKY ENERGY LIMITED,provider_change,appoint_plus_one,https://announcements.asx.com.au/asxpdf/20170619/pdf/43k0r8vntnrtql.pdf
KSN,KSN,2017-06-15,Computershare,MUFG Corporate Markets,Change of Share Register Notification,provider_change,one_brand+prior_doc,https://announcements.asx.com.au/asxpdf/20170615/pdf/43jytc0ytc2mph.pdf
IAM,CF1,2017-06-13,Security Transfer Australia,Automic,Change of Share Registry Notification,provider_change,one_brand+prior_doc,https://announcements.asx.com.au/asxpdf/20170613/pdf/43jx585vbr7jz3.pdf
CIZ,EMT,2017-06-13,Security Transfer Australia,Automic,Change of Share Registry Notification,provider_change,one_brand+prior_doc,https://announcements.asx.com.au/asxpdf/20170613/pdf/43jx752hpshbsx.pdf
8CO,8CO,2017-06-05,Boardroom,Automic,Change of Share Registry,provider_change,from_to,https://announcements.asx.com.au/asxpdf/20170605/pdf/43jqvg8qttyvqk.pdf
CZR,CZR,2017-05-26,Security Transfer Australia,Automic,Change of Share Registry,provider_change,from_to,https://announcements.asx.com.au/asxpdf/20170526/pdf/43jjqtnsczn59f.pdf
WGL,IFG,2017-05-22,Security Transfer Australia,Automic,Change of Share Registry Notification,provider_change,one_brand+prior_doc,https://announcements.asx.com.au/asxpdf/20170522/pdf/43jfbqdxjq3g5j.pdf
FRN,WC8,2017-05-22,Security Transfer Australia,Automic,Change of Share Registry Notification,provider_change,one_brand+prior_doc,https://announcements.asx.com.au/asxpdf/20170522/pdf/43jfbs62qwwqsg.pdf
NAG,NAG,2017-05-19,Advanced Share Registry,Automic,Change of Share Registry,provider_change,from_to,https://announcements.asx.com.au/asxpdf/20170519/pdf/43jclwms31xjm5.pdf
GBZ,GBM,2017-03-29,Advanced Share Registry,Computershare,Change of Share Registry,provider_change,one_brand+prior_doc,https://announcements.asx.com.au/asxpdf/20170329/pdf/43h47337z4gyv4.pdf
HLX,HLX,2017-03-29,Advanced Share Registry,Computershare,Change of Share Registry,provider_change,one_brand+prior_doc,https://announcements.asx.com.au/asxpdf/20170329/pdf/43h4bkv11p2njf.pdf
SXI,EVR,2017-03-09,Computershare,Advanced Share Registry,Change to Registry,registry_other,appoint_plus_one,https://announcements.asx.com.au/asxpdf/20170309/pdf/43gp5wfc4z3rtp.pdf
PSC,PSC,2017-02-13,Security Transfer Australia,MUFG Corporate Markets,Change of Share Registry,provider_change,one_brand+prior_doc,https://announcements.asx.com.au/asxpdf/20170213/pdf/43fyrhncyfdcxh.pdf
CLQ,SRL,2017-02-06,Computershare,Automic,Change of Share Registry Details,provider_change,from_to,https://announcements.asx.com.au/asxpdf/20170206/pdf/43fssqllngzbsz.pdf
CMM,CMM,2017-01-20,Security Transfer Australia,Automic,Change of Share Registry,provider_change,one_brand+prior_doc,https://announcements.asx.com.au/asxpdf/20170120/pdf/43ffpy63kv2txd.pdf
TEG,TEG,2017-01-19,Security Transfer Australia,Automic,Change of Share Registry,provider_change,one_brand+prior_doc,https://announcements.asx.com.au/asxpdf/20170119/pdf/43fdzwdmp41gpw.pdf
BTC,BTC,2017-01-13,Advanced Share Registry,MUFG Corporate Markets,Change of Share Register Notification,provider_change,one_brand+prior_doc,https://announcements.asx.com.au/asxpdf/20170113/pdf/43f9d21t7pcd81.pdf
TPS,IMB,2017-01-09,Computershare,MUFG Corporate Markets,Change of Share Registry,provider_change,one_brand+prior_doc,https://announcements.asx.com.au/asxpdf/20170109/pdf/43f6k35wt1bpy2.pdf
OBL,EMP,2016-12-05,Computershare,Automic,Change of Share Registry Details,provider_change,appoint_plus_one,https://announcements.asx.com.au/asxpdf/20161205/pdf/43dgzhq9z1ss4q.pdf
AJC,SPN,2016-12-02,Boardroom,MUFG Corporate Markets,Change of Share Register,provider_change,one_brand+prior_doc,https://announcements.asx.com.au/asxpdf/20161202/pdf/43dfw3jlxps2xn.pdf
AVX,TD1,2016-10-21,Boardroom,Automic,Change of Registry,provider_change,from_to,https://announcements.asx.com.au/asxpdf/20161021/pdf/43c5mw3ng5lpqj.pdf
NAV,AFL,2016-10-10,Automic,Boardroom,Change of Share Registry,provider_change,one_brand+prior_doc,https://announcements.asx.com.au/asxpdf/20161010/pdf/43bvcs6z4pcwsw.pdf
PSY,HYD,2016-09-12,Advanced Share Registry,MUFG Corporate Markets,Change of Share Registry,provider_change,from_to,https://announcements.asx.com.au/asxpdf/20160912/pdf/43b3qp0x6nhcv9.pdf
MYR,MYR,2016-08-23,Computershare,MUFG Corporate Markets,Change of Share Registry Manager,provider_change,one_brand+prior_doc,https://announcements.asx.com.au/asxpdf/20160823/pdf/439jr5xp9xjzl4.pdf
DDR,DDR,2016-07-25,Boardroom,MUFG Corporate Markets,Change of Share Registry Management Services of Dicker Data,provider_change,one_brand+prior_doc,https://announcements.asx.com.au/asxpdf/20160725/pdf/438s1g2xrct90v.pdf
BEN,BEN,2016-07-15,Computershare,Boardroom,BENHB change of share registry and system provider,provider_change,two_brands,https://announcements.asx.com.au/asxpdf/20160715/pdf/438lm3y481wvpf.pdf
BEN,BEN,2016-07-15,Computershare,Boardroom,Change of share registry system provider,provider_change,from_to,https://announcements.asx.com.au/asxpdf/20160715/pdf/438lm21lhx0br7.pdf
SRH,SRH,2016-07-04,Boardroom,Automic,Change of Share Registry,provider_change,one_brand+prior_doc,https://announcements.asx.com.au/asxpdf/20160704/pdf/438bt183r2x04h.pdf
GRR,GRR,2016-06-28,Computershare,Advanced Share Registry,Change of Share Registry,provider_change,appoint_plus_one,https://announcements.asx.com.au/asxpdf/20160628/pdf/4386561qrsgcvf.pdf
CTD,CTD,2016-06-10,Computershare,MUFG Corporate Markets,Details of Share Registry address,address_only,two_brands,https://announcements.asx.com.au/asxpdf/20160610/pdf/437tkpgxgr5zm9.pdf
NFE,DTZ,2016-05-25,Computershare,Automic,Update on Change of Share Registry,provider_change,one_brand+prior_doc,https://announcements.asx.com.au/asxpdf/20160525/pdf/437gk77d2mz1wm.pdf
ACW,ACW,2016-05-20,Automic,MUFG Corporate Markets,Change of Share Register Notification,provider_change,one_brand+prior_doc,https://announcements.asx.com.au/asxpdf/20160520/pdf/437ckd5vb24vzp.pdf
NFE,DTZ,2016-05-18,Computershare,Automic,Change of Share Registry,provider_change,one_brand+prior_doc,https://announcements.asx.com.au/asxpdf/20160518/pdf/437bc2mhd74fvx.pdf
MEL,MEL,2016-05-13,Computershare,Registry Direct,Change of Share Registry,provider_change,one_brand+prior_doc,https://announcements.asx.com.au/asxpdf/20160513/pdf/43775vgbvmz7xb.pdf
SGM,SGM,2016-05-06,Computershare,MUFG Corporate Markets,Change of Share Registry,provider_change,one_brand+prior_doc,https://announcements.asx.com.au/asxpdf/20160506/pdf/43724sx3sswrpn.pdf
MCT,ARI,2016-05-02,Computershare,MUFG Corporate Markets,Change of Share Registry,provider_change,one_brand+prior_doc,https://announcements.asx.com.au/asxpdf/20160502/pdf/436yvx54tp72sz.pdf
ELD,ELD,2016-05-02,Computershare,Boardroom,Change of Provider of Share Registry Management Services,registry_other,from_to,https://announcements.asx.com.au/asxpdf/20160502/pdf/436ysnc2xy13hm.pdf
FOD,SPG,2016-04-28,Computershare,Advanced Share Registry,Change of Share Registry,provider_change,from_to,https://announcements.asx.com.au/asxpdf/20160428/pdf/436tnc5y529hvc.pdf
ARX,CYM,2016-04-22,Computershare,Advanced Share Registry,Change of Share Register,provider_change,appoint_plus_one,https://announcements.asx.com.au/asxpdf/20160422/pdf/436pj93fcgm8f8.pdf
OEG,SNS,2016-04-07,Boardroom,Computershare,Change of Share Registry Details,provider_change,appoint_plus_one,https://announcements.asx.com.au/asxpdf/20160407/pdf/436chqwz9bvpt1.pdf
HUB,HUB,2016-04-04,Boardroom,MUFG Corporate Markets,Change of share register notification,provider_change,one_brand+prior_doc,https://announcements.asx.com.au/asxpdf/20160404/pdf/4368mqfkqzbs2j.pdf
NST,NST,2016-02-22,Advanced Share Registry,MUFG Corporate Markets,Change of Share Register Notification,provider_change,one_brand+prior_doc,https://announcements.asx.com.au/asxpdf/20160222/pdf/4357kzpblnfz06.pdf
SYR,SYR,2016-02-19,Security Transfer Australia,Computershare,Change of Share Registry Details,provider_change,appoint_plus_one,https://announcements.asx.com.au/asxpdf/20160219/pdf/4355p3y5j2xftt.pdf
AR1,SP8,2016-02-15,Security Transfer Australia,Automic,Change of Share Registry,provider_change,one_brand+prior_doc,https://announcements.asx.com.au/asxpdf/20160215/pdf/4351yr5tn6mxyl.pdf
NMG,ACF,2016-02-09,Computershare,MUFG Corporate Markets,Change of Share Registry,provider_change,one_brand+prior_doc,https://announcements.asx.com.au/asxpdf/20160209/pdf/434xshty8qsj40.pdf
GMR,AS1,2016-02-05,Security Transfer Australia,MUFG Corporate Markets,Details of Change of Share Registry,provider_change,one_brand+prior_doc,https://announcements.asx.com.au/asxpdf/20160205/pdf/434w10gvjdscq5.pdf
OSL,OSL,2016-01-29,Security Transfer Australia,Boardroom,Notification of change of Share Registry,provider_change,from_to,https://announcements.asx.com.au/asxpdf/20160129/pdf/434nhc7yb5mlgt.pdf
PRU,PRU,2016-01-22,Advanced Share Registry,Computershare,Change of share registry,provider_change,one_brand+prior_doc,https://announcements.asx.com.au/asxpdf/20160122/pdf/434jpp8gz9rt00.pdf
GMR,AS1,2016-01-21,Security Transfer Australia,MUFG Corporate Markets,Change of Share Registry,provider_change,one_brand+prior_doc,https://announcements.asx.com.au/asxpdf/20160121/pdf/434j03lkdbwnw3.pdf
OTC,VRS,2016-01-13,Security Transfer Australia,Computershare,Change of Share Registry,provider_change,one_brand+prior_doc,https://announcements.asx.com.au/asxpdf/20160113/pdf/434cd2hcmgys4y.pdf
ARD,ARD,2015-12-21,Security Transfer Australia,Computershare,Change of Share Registry,provider_change,from_to,https://announcements.asx.com.au/asxpdf/20151221/pdf/433yqjvsvbkg57.pdf
WHN,ZMM,2015-12-21,MUFG Corporate Markets,Automic,Change of Share Registry,provider_change,one_brand+prior_doc,https://announcements.asx.com.au/asxpdf/20151221/pdf/433z9z951k4zn3.pdf
AKK,AXP,2015-12-14,Computershare,Boardroom,Share Registry changed - new address,address_only,from_to,https://announcements.asx.com.au/asxpdf/20151214/pdf/433s30m6gvx866.pdf
OMT,IME,2015-12-14,MUFG Corporate Markets,Boardroom,Change of Share Registry,provider_change,from_to,https://announcements.asx.com.au/asxpdf/20151214/pdf/433rzzb5j41wy2.pdf
FSI,FSI,2015-11-16,Computershare,Boardroom,Letter to Shareholders re share register change,registry_other,from_to,https://announcements.asx.com.au/asxpdf/20151116/pdf/4330dv6j1hmd9q.pdf
FSI,FSI,2015-11-16,Computershare,Boardroom,Details of Share Registry address,address_only,from_to,https://announcements.asx.com.au/asxpdf/20151116/pdf/4330c664mz8582.pdf
ESR,ESR,2015-11-09,Boardroom,Automic,Change of Share Registry,provider_change,one_brand+prior_doc,https://announcements.asx.com.au/asxpdf/20151109/pdf/432tkp1s5vgrhn.pdf
FAR,FAR,2015-10-28,Advanced Share Registry,Computershare,Change of Share Register Notification - Amendment,provider_change,two_brands,https://announcements.asx.com.au/asxpdf/20151028/pdf/432h3lg39kyl18.pdf
ESR,ESR,2015-10-20,Boardroom,Automic,Change of Share Registry,provider_change,one_brand+prior_doc,https://announcements.asx.com.au/asxpdf/20151020/pdf/43270pccxm8g8d.pdf
FAR,FAR,2015-08-28,Advanced Share Registry,Computershare,Change of Share Register Notification,provider_change,one_brand+prior_doc,https://announcements.asx.com.au/asxpdf/20150828/pdf/430xlf95rq5qvl.pdf
EGG,EGG,2015-08-20,Computershare,MUFG Corporate Markets,Change of Share Registry,provider_change,one_brand+prior_doc,https://announcements.asx.com.au/asxpdf/20150820/pdf/430n8050x2pxkb.pdf
MAE,ODE,2015-08-12,Computershare,Automic,Change of Share Registry,provider_change,prior_doc+next_doc,https://announcements.asx.com.au/asxpdf/20150812/pdf/430g7p34749408.pdf
SHP,HT8,2015-08-10,Computershare,Boardroom,Change of Share Registry,provider_change,from_to,https://announcements.asx.com.au/asxpdf/20150810/pdf/430df3pp9hgv25.pdf
MQG,MQG,2015-08-04,Computershare,MUFG Corporate Markets,Change of Share Register Notification,provider_change,one_brand+prior_doc,https://announcements.asx.com.au/asxpdf/20150804/pdf/4309d8hbmdd6hc.pdf
PEL,SHN,2015-07-31,Security Transfer Australia,Automic,Change of Share Registry Notification,provider_change,one_brand+prior_doc,https://announcements.asx.com.au/asxpdf/20150731/pdf/430660c2jp9pmm.pdf
IMU,IMU,2015-07-24,Computershare,Automic,Change of Share Registry,provider_change,one_brand+prior_doc,https://announcements.asx.com.au/asxpdf/20150724/pdf/4300gchzx2c0y4.pdf
RYG,OAK,2015-07-17,Computershare,Automic,Change of Registry,provider_change,one_brand+prior_doc,https://announcements.asx.com.au/asxpdf/20150717/pdf/42zw42dts87r9m.pdf
SKF,BEO,2015-07-13,Security Transfer Australia,Boardroom,Change of Share Registry,provider_change,from_to,https://announcements.asx.com.au/asxpdf/20150713/pdf/42zsbvnwl5lkq1.pdf
CZL,YAR,2015-07-09,Security Transfer Australia,MUFG Corporate Markets,Change of Share Registry,provider_change,one_brand+prior_doc,https://announcements.asx.com.au/asxpdf/20150709/pdf/42zqhz84ynrk8k.pdf
GXN,ZMI,2015-05-29,Advanced Share Registry,Automic,Change of Share Registry,provider_change,one_brand+prior_doc,https://announcements.asx.com.au/asxpdf/20150529/pdf/42ywrxzxjcffvj.pdf
CL8,CL8,2015-05-11,Security Transfer Australia,Boardroom,Change of share registry,provider_change,one_brand+prior_doc,https://announcements.asx.com.au/asxpdf/20150511/pdf/42yh7tg2zd4jhb.pdf
PEL,SHN,2015-05-07,Security Transfer Australia,Automic,Change of Share Registry Update,provider_change,prior_doc+next_doc,https://announcements.asx.com.au/asxpdf/20150507/pdf/42yffjn2zc3qlt.pdf
PEL,SHN,2015-04-30,Security Transfer Australia,Automic,Change of Share Registry Notification,provider_change,prior_doc+next_doc,https://announcements.asx.com.au/asxpdf/20150430/pdf/42y8vf4s4v3xg3.pdf
BPH,BPH,2015-04-28,Security Transfer Australia,Advanced Share Registry,Update - Share Registry Service Provider Date of Change,provider_change,from_to,https://announcements.asx.com.au/asxpdf/20150428/pdf/42y599d76rypl5.pdf
MMR,MMR,2015-04-28,Security Transfer Australia,Advanced Share Registry,Update - Share Registry Service Provider Date of Change,provider_change,from_to,https://announcements.asx.com.au/asxpdf/20150428/pdf/42y595tp36j1lm.pdf
CVT,EXT,2015-04-20,Advanced Share Registry,Boardroom,Change of Provider of Share Registry Management Services,registry_other,from_to,https://announcements.asx.com.au/asxpdf/20150420/pdf/42xzhr0wrbh4sd.pdf
CM8,UNT,2015-04-14,Computershare,Boardroom,Change of Share Registry,provider_change,from_to,https://announcements.asx.com.au/asxpdf/20150414/pdf/42xwljcmqm2mx5.pdf
BPH,BPH,2015-04-07,Security Transfer Australia,Advanced Share Registry,Notice of Change of Share Registry Services Provider,provider_change,from_to,https://announcements.asx.com.au/asxpdf/20150407/pdf/42xrchwnzw813h.pdf
MMR,MMR,2015-04-07,Security Transfer Australia,Advanced Share Registry,Notice of Change of Share Registry Services Provider,provider_change,from_to,https://announcements.asx.com.au/asxpdf/20150407/pdf/42xrc8ymp8qb3v.pdf
AAR,AAR,2015-03-12,Computershare,Security Transfer Australia,Change of Share Registry,provider_change,cease_appoint,https://announcements.asx.com.au/asxpdf/20150312/pdf/42x7dwclvvgtj2.pdf
KKO,KKO,2015-03-05,Security Transfer Australia,Automic,Change of Share Registry,provider_change,one_brand+prior_doc,https://announcements.asx.com.au/asxpdf/20150305/pdf/42x31p065szxyw.pdf
SFN,STV,2015-02-25,Computershare,Automic,Change of Share Registry,provider_change,one_brand+prior_doc,https://announcements.asx.com.au/asxpdf/20150225/pdf/42ww936607h3mj.pdf
ARU,ARU,2015-02-16,Security Transfer Australia,MUFG Corporate Markets,Change of Share Registry Notification,provider_change,one_brand+prior_doc,https://announcements.asx.com.au/asxpdf/20150216/pdf/42wmty7y8jkcxf.pdf
RSL,CF1,2015-02-13,Computershare,Security Transfer Australia,Change of Share Registry,provider_change,one_brand+prior_doc,https://announcements.asx.com.au/asxpdf/20150213/pdf/42wl98q3d4294j.pdf
CYP,CYP,2015-02-13,Security Transfer Australia,Automic,Change of Share Registry,provider_change,one_brand+prior_doc,https://announcements.asx.com.au/asxpdf/20150213/pdf/42wljwkdp85jy0.pdf
AMN,AMN,2015-01-20,Boardroom,Automic,Change of Share Registry Notification,provider_change,one_brand+prior_doc,https://announcements.asx.com.au/asxpdf/20150120/pdf/42w2jc0t7mmh90.pdf
VML,VML,2015-01-09,Security Transfer Australia,Automic,Change of Share Registry,provider_change,one_brand+prior_doc,https://announcements.asx.com.au/asxpdf/20150109/pdf/42vxsglnjwm4yf.pdf
SLT,RNT,2015-01-05,Security Transfer Australia,Automic,Change of Share Registry,provider_change,one_brand+prior_doc,https://announcements.asx.com.au/asxpdf/20150105/pdf/42vvj54r2pnwrp.pdf
TAR,TAR,2015-01-05,Computershare,Security Transfer Australia,Change of Share Registry,provider_change,one_brand+prior_doc,https://announcements.asx.com.au/asxpdf/20150105/pdf/42vvfj0qk59qzt.pdf
FRN,WC8,2015-01-05,Computershare,Security Transfer Australia,Change of Share Registry,provider_change,one_brand+prior_doc,https://announcements.asx.com.au/asxpdf/20150105/pdf/42vvfpb20gm4gc.pdf
FGX,FGX,2014-12-12,Computershare,Boardroom,Change of Share Registry,provider_change,from_to,https://announcements.asx.com.au/asxpdf/20141212/pdf/42vfxg287ns47t.pdf
MEH,PCK,2014-12-01,Security Transfer Australia,Boardroom,Share Registry,registry_other,from_to,https://announcements.asx.com.au/asxpdf/20141201/pdf/42v5lf0pdty5s0.pdf
QBE,QBE,2014-12-01,MUFG Corporate Markets,Computershare,Change to Share Registry and DRP and BSP,registry_other,appoint_plus_one,https://announcements.asx.com.au/asxpdf/20141201/pdf/42v50qpj4wx2f2.pdf
LER,FGH,2014-11-27,Security Transfer Australia,MUFG Corporate Markets,Share registry change,provider_change,appoint_plus_one,https://announcements.asx.com.au/asxpdf/20141127/pdf/42v1khxnxkvj0n.pdf
SAT,LAC,2014-11-10,Security Transfer Australia,Computershare,Change of Registry,provider_change,one_brand+prior_doc,https://announcements.asx.com.au/asxpdf/20141110/pdf/42tm8hnb4pw31r.pdf
EMG,FEX,2014-11-03,Computershare,Automic,Change of Share Registry,provider_change,one_brand+prior_doc,https://announcements.asx.com.au/asxpdf/20141103/pdf/42tgr2hhh4q83g.pdf
PNE,EUR,2014-10-06,Computershare,Advanced Share Registry,Transfer of Share Register,provider_change,appoint_plus_one,https://announcements.asx.com.au/asxpdf/20141006/pdf/42sq1sz062b9vl.pdf
SMR,SMR,2014-09-22,Computershare,MUFG Corporate Markets,Change of Share Register Notification,provider_change,one_brand+prior_doc,https://announcements.asx.com.au/asxpdf/20140922/pdf/42sc28p8cpj1bt.pdf
ICT,NXD,2014-09-19,Computershare,MUFG Corporate Markets,Change of Share Registry,provider_change,one_brand+prior_doc,https://announcements.asx.com.au/asxpdf/20140919/pdf/42sbgcglt7c9sf.pdf
AVX,TD1,2014-09-12,Computershare,Boardroom,Change of Share Registry Services,provider_change,from_to,https://announcements.asx.com.au/asxpdf/20140912/pdf/42s5xjbr5p3gd2.pdf
CMT,BDM,2014-09-08,Automic,Security Transfer Australia,Change of Share Registry,provider_change,two_brands,https://announcements.asx.com.au/asxpdf/20140908/pdf/42s2b3jrv831fk.pdf
KRM,KRM,2014-08-22,Advanced Share Registry,MUFG Corporate Markets,Change of Share Registry Services,provider_change,one_brand+prior_doc,https://announcements.asx.com.au/asxpdf/20140822/pdf/42rp4gtrbb6w2t.pdf
DAU,ZAG,2014-08-13,Computershare,Advanced Share Registry,Change of Share Registry,provider_change,appoint_plus_one,https://announcements.asx.com.au/asxpdf/20140813/pdf/42rg8x5htgzf1m.pdf
IGO,IGO,2014-08-08,Security Transfer Australia,Computershare,Change of Share Registry,provider_change,one_brand+prior_doc,https://announcements.asx.com.au/asxpdf/20140808/pdf/42rcqj26s27d7x.pdf
STX,STX,2014-08-08,Computershare,Boardroom,Future Share Registry Change,provider_change,from_to,https://announcements.asx.com.au/asxpdf/20140808/pdf/42rckvqt2q1mbd.pdf
BCK,BCK,2014-08-05,Tricor,Computershare,Change of Address of Principal Share Registrar in Bermuda,address_only,two_brands,https://announcements.asx.com.au/asxpdf/20140805/pdf/42r8s75p8hbbpl.pdf
IOG,VSR,2014-07-23,Security Transfer Australia,MUFG Corporate Markets,Details of change of Share Registry,provider_change,one_brand+prior_doc,https://announcements.asx.com.au/asxpdf/20140723/pdf/42qzctkm0hzjc0.pdf
AGY,AGY,2014-07-03,Advanced Share Registry,Automic,Change of Share Registry Details,provider_change,appoint_plus_one,https://announcements.asx.com.au/asxpdf/20140703/pdf/42qmj0g93nr1l6.pdf
DAF,DAF,2014-07-03,Advanced Share Registry,Automic,Change of Share Registry Details,provider_change,appoint_plus_one,https://announcements.asx.com.au/asxpdf/20140703/pdf/42qmhkkkk561gx.pdf
MTA,WTM,2014-07-02,Computershare,Automic,Change of Share Registry,provider_change,one_brand+prior_doc,https://announcements.asx.com.au/asxpdf/20140702/pdf/42qllycl6l7fq0.pdf
KCN,KCN,2014-06-30,Security Transfer Australia,MUFG Corporate Markets,Change of Share Registry to Link Market ServicesLimited,provider_change,one_brand+prior_doc,https://announcements.asx.com.au/asxpdf/20140630/pdf/42qj1x5lc5jwgx.pdf
TLU,FCT,2014-06-26,Boardroom,Computershare,Change of Provider of Share Registry Management Services,registry_other,from_to,https://announcements.asx.com.au/asxpdf/20140626/pdf/42qg8y9yvw7qsp.pdf
AIV,AIV,2014-06-23,Computershare,Boardroom,Details of Share Registry address,address_only,from_to,https://announcements.asx.com.au/asxpdf/20140623/pdf/42qc46gb8mq3zk.pdf
SRQ,AIS,2014-06-19,Computershare,MUFG Corporate Markets,Change of Share Register Notification,provider_change,one_brand+prior_doc,https://announcements.asx.com.au/asxpdf/20140619/pdf/42q9drzs21w9hs.pdf
IPC,IPC,2014-06-19,Boardroom,Registry Direct,Change of Share Registry,provider_change,from_to,https://announcements.asx.com.au/asxpdf/20140619/pdf/42q9l873j5rhqt.pdf
LCE,LCE,2014-06-19,Boardroom,Registry Direct,Share Registry Change / Late ANZPB Proceeds,provider_change,from_to,https://announcements.asx.com.au/asxpdf/20140619/pdf/42q9ljt5tkyl27.pdf
TEL,SPK,2014-06-17,Computershare,MUFG Corporate Markets,Details of Share Registry address,address_only,from_to,https://announcements.asx.com.au/asxpdf/20140617/pdf/42q83ntxxj5mf1.pdf
AVD,TAL,2014-06-11,Advanced Share Registry,Automic,Deferral for Change of Share Registry,provider_change,one_brand+prior_doc,https://announcements.asx.com.au/asxpdf/20140611/pdf/42q4x5zky3c3vj.pdf
TWD,TWD,2014-06-05,MUFG Corporate Markets,Computershare,Change in Share Registry Services,provider_change,one_brand+prior_doc,https://announcements.asx.com.au/asxpdf/20140605/pdf/42q1qg16937v67.pdf
AVD,TAL,2014-05-29,Advanced Share Registry,Automic,Change of Share Registry,provider_change,one_brand+prior_doc,https://announcements.asx.com.au/asxpdf/20140529/pdf/42pxkc3gy96tw0.pdf
PLS,PLS,2014-05-27,Boardroom,Advanced Share Registry,Details of Share Registry address,address_only,from_to,https://announcements.asx.com.au/asxpdf/20140527/pdf/42pw2w1x573y31.pdf
IDT,IDT,2014-05-26,Computershare,MUFG Corporate Markets,Change of Share Registry,provider_change,prior_doc+next_doc,https://announcements.asx.com.au/asxpdf/20140526/pdf/42ptxv59s4yzy3.pdf
COT,TSO,2014-05-19,Boardroom,Automic,Change of Share Registry,provider_change,one_brand+prior_doc,https://announcements.asx.com.au/asxpdf/20140519/pdf/42ppx8sbsf67jh.pdf
WGO,GTI,2014-05-16,Security Transfer Australia,Boardroom,Change of Share Register,provider_change,from_to,https://announcements.asx.com.au/asxpdf/20140516/pdf/42pnynvt4m30m8.pdf
CUG,DUB,2014-05-02,Computershare,Automic,Change of Share Registry - revised date,provider_change,one_brand+prior_doc,https://announcements.asx.com.au/asxpdf/20140502/pdf/42pdkcckmrlx70.pdf
CUG,DUB,2014-04-30,Computershare,Automic,Change of Share Registry,provider_change,one_brand+prior_doc,https://announcements.asx.com.au/asxpdf/20140430/pdf/42pb6y5742d8c9.pdf
ALQ,ALQ,2014-04-07,Computershare,Boardroom,Letter to Shareholders re Change in Share Registry Provider,provider_change,from_to,https://announcements.asx.com.au/asxpdf/20140407/pdf/42nvgr500563ht.pdf
ALQ,ALQ,2014-04-07,Computershare,Boardroom,Change of Share Registry Provider,provider_change,from_to,https://announcements.asx.com.au/asxpdf/20140407/pdf/42nvggfwjx67ld.pdf
SZG,RDN,2014-04-04,Gould Ralph,MUFG Corporate Markets,Change of Share Registry,provider_change,one_brand+prior_doc,https://announcements.asx.com.au/asxpdf/20140404/pdf/42nttcngj7nk1q.pdf
BNE,BOT,2014-04-01,Security Transfer Australia,Automic,Change of Share Registry Notification,provider_change,one_brand+prior_doc,https://announcements.asx.com.au/asxpdf/20140401/pdf/42nrcxdlhx2mrf.pdf
SBN,DXB,2014-03-20,Computershare,Automic,Change of Share Registry Notification,provider_change,one_brand+prior_doc,https://announcements.asx.com.au/asxpdf/20140320/pdf/42nj8djkd38v62.pdf
GFL,GFL,2014-03-17,MUFG Corporate Markets,Boardroom,Change of Share Registry,provider_change,from_to,https://announcements.asx.com.au/asxpdf/20140317/pdf/42nfxbgjyhv6zy.pdf
KBC,KBC,2014-03-10,MUFG Corporate Markets,Registry Direct,Change of Share Registry,provider_change,from_to,https://announcements.asx.com.au/asxpdf/20140310/pdf/42n8gdfrdpl4yt.pdf
CKF,CKF,2014-02-26,MUFG Corporate Markets,Computershare,Change to Share Registry Services Provider,registry_other,from_to,https://announcements.asx.com.au/asxpdf/20140226/pdf/42n0lqlpn9770z.pdf
TLG,TLG,2014-02-13,Advanced Share Registry,Security Transfer Australia,Change of share registry,provider_change,prior_doc+next_doc,https://announcements.asx.com.au/asxpdf/20140213/pdf/42mpvwjf2wwv9h.pdf
MNE,BRY,2014-01-17,Computershare,Automic,Change of Share Registry,provider_change,one_brand+prior_doc,https://announcements.asx.com.au/asxpdf/20140117/pdf/42m5glll1w3p2z.pdf
CRJ,WSI,2014-01-16,Boardroom,Automic,Change of Share Registry Notification,provider_change,one_brand+prior_doc,https://announcements.asx.com.au/asxpdf/20140116/pdf/42m51zcdvpjdr2.pdf
ORN,ORN,2014-01-13,Security Transfer Australia,MUFG Corporate Markets,Change of Share Register Notification,provider_change,one_brand+prior_doc,https://announcements.asx.com.au/asxpdf/20140113/pdf/42m2s6xxj6t4rq.pdf
IMC,IMC,2014-01-07,Computershare,Security Transfer Australia,Change of Share Registry Service Provider,provider_change,one_brand+prior_doc,https://announcements.asx.com.au/asxpdf/20140107/pdf/42m0kpm6rp7vfq.pdf
AGY,AGY,2013-12-27,Computershare,Advanced Share Registry,Change of Share Registry Details,provider_change,appoint_plus_one,https://announcements.asx.com.au/asxpdf/20131227/pdf/42lwgxy4tk9tp6.pdf
EXR,EXR,2013-12-18,Computershare,Security Transfer Australia,Change of Share Registry,provider_change,one_brand+prior_doc,https://announcements.asx.com.au/asxpdf/20131218/pdf/42lprgkf84xmwj.pdf
REA,REA,2013-12-02,Computershare,Boardroom,Change of Registry Services Provider to Boardroom,provider_change,from_to,https://announcements.asx.com.au/asxpdf/20131202/pdf/42lb23sd6w5rt3.pdf
OEC,OEC,2013-11-15,Computershare,MUFG Corporate Markets,Change of Share Registry Notification,provider_change,prior_doc+next_doc,https://announcements.asx.com.au/asxpdf/20131115/pdf/42kwcqvhbksndk.pdf
AJC,SPN,2013-11-13,Advanced Share Registry,Boardroom,Details of Share Registry address,address_only,from_to,https://announcements.asx.com.au/asxpdf/20131113/pdf/42ktnrpgmz2lnc.pdf
VOR,XPD,2013-11-11,Advanced Share Registry,Automic,Change of Share Registry Notification,provider_change,one_brand+prior_doc,https://announcements.asx.com.au/asxpdf/20131111/pdf/42krw47rwmymf9.pdf
LIN,LIN,2013-11-08,Computershare,Automic,Change of Share Registry Notification,provider_change,one_brand+prior_doc,https://announcements.asx.com.au/asxpdf/20131108/pdf/42kqzwd9r9fgdv.pdf
PDM,IOD,2013-11-06,Boardroom,Automic,Change of Share Registry Notification,provider_change,one_brand+prior_doc,https://announcements.asx.com.au/asxpdf/20131106/pdf/42knx86zdsmp7j.pdf
TMK,TMK,2013-10-25,Advanced Share Registry,Automic,Change of Share Registry,provider_change,one_brand+prior_doc,https://announcements.asx.com.au/asxpdf/20131025/pdf/42k9znd4p1d2sh.pdf
CCZ,NFM,2013-10-23,Computershare,Automic,Change of Share Registry Notification,provider_change,one_brand+prior_doc,https://announcements.asx.com.au/asxpdf/20131023/pdf/42k7zf6pg22ynx.pdf
ACW,ACW,2013-10-18,Computershare,Automic,Change of Share Registry,provider_change,one_brand+prior_doc,https://announcements.asx.com.au/asxpdf/20131018/pdf/42k4g8g8gmlzy9.pdf
VIC,JAV,2013-10-15,Advanced Share Registry,Automic,Change of Share Registry,provider_change,one_brand+prior_doc,https://announcements.asx.com.au/asxpdf/20131015/pdf/42k1jnwddlbsw0.pdf
CXX,EE1,2013-09-16,Security Transfer Australia,MUFG Corporate Markets,CHANGE OF SHARE REGISTRY,provider_change,one_brand+prior_doc,https://announcements.asx.com.au/asxpdf/20130916/pdf/42jd5694vkrqs8.pdf
OMI,OVT,2013-09-09,MUFG Corporate Markets,Computershare,Change of Share Registry,provider_change,two_brands,https://announcements.asx.com.au/asxpdf/20130909/pdf/42j7g097sy7tsz.pdf
FRN,WC8,2013-09-02,Computershare,Automic,Change of Share Registry,provider_change,one_brand+prior_doc,https://announcements.asx.com.au/asxpdf/20130902/pdf/42j37b9k3kpndg.pdf
NME,NME,2013-08-19,Security Transfer Australia,Advanced Share Registry,Change of Share Registry,provider_change,one_brand+prior_doc,https://announcements.asx.com.au/asxpdf/20130819/pdf/42hr5t0ngpd96x.pdf
ORG,ORG,2013-08-19,MUFG Corporate Markets,Boardroom,ORG Change of Share Registry Services Provider,provider_change,from_to,https://announcements.asx.com.au/asxpdf/20130819/pdf/42hr2tgckp3h9c.pdf
GDY,JNS,2013-08-09,Computershare,MUFG Corporate Markets,Change of Share Register Notification,provider_change,one_brand+prior_doc,https://announcements.asx.com.au/asxpdf/20130809/pdf/42hkv19bwbsm5h.pdf
KRB,GCM,2013-07-26,MUFG Corporate Markets,Boardroom,Change of Share Registry Services,provider_change,from_to,https://announcements.asx.com.au/asxpdf/20130726/pdf/42h8kw2gnfhp74.pdf
PKO,PKO,2013-07-24,Security Transfer Australia,Computershare,Change to PKO Share Registry,registry_other,two_brands,https://announcements.asx.com.au/asxpdf/20130724/pdf/42h6w6t2ntlprz.pdf
BSI,SKK,2013-06-27,Computershare,Security Transfer Australia,Transfer of Share Registry,provider_change,one_brand+prior_doc,https://announcements.asx.com.au/asxpdf/20130627/pdf/42gqgzm2k6wtyk.pdf
MSR,TCG,2013-06-25,Computershare,Security Transfer Australia,Change of Share Registry,provider_change,cease_appoint,https://announcements.asx.com.au/asxpdf/20130625/pdf/42gnxqrvs7m2vr.pdf
CLA,CLA,2013-06-20,Computershare,Automic,Change of Share Registry,provider_change,one_brand+prior_doc,https://announcements.asx.com.au/asxpdf/20130620/pdf/42gl7cvm0jw9w4.pdf
GML,GML,2013-03-26,Computershare,Security Transfer Australia,Change of Share Registry,provider_change,from_to,https://announcements.asx.com.au/asxpdf/20130326/pdf/42dx13yqgs4t70.pdf
VGP,TAT,2013-03-25,MUFG Corporate Markets,Security Transfer Australia,Details of New Share Registry,provider_change,cease_plus_one,https://announcements.asx.com.au/asxpdf/20130325/pdf/42dvtcxlcznk38.pdf
DGI,NXD,2013-03-18,Boardroom,Computershare,Change of Share Registry,provider_change,one_brand+prior_doc,https://announcements.asx.com.au/asxpdf/20130318/pdf/42dr6q69jkb4nj.pdf
AFV,RAS,2013-03-08,Boardroom,Registry Direct,Change in Share Registry,provider_change,prior_doc+next_doc,https://announcements.asx.com.au/asxpdf/20130308/pdf/42djzvs63mp42r.pdf
BCN,BCN,2013-02-25,Advanced Share Registry,Security Transfer Australia,Change of Share Registry Services Provider,provider_change,from_to,https://announcements.asx.com.au/asxpdf/20130225/pdf/42d84vnggtbs2h.pdf
ABQ,AEU,2013-02-14,Computershare,MUFG Corporate Markets,Change of Share Registry,provider_change,cease_plus_one,https://announcements.asx.com.au/asxpdf/20130214/pdf/42d0gqgc7yddhd.pdf
GRP,RC1,2013-02-13,Computershare,Advanced Share Registry,Details of Share Registry address,address_only,appoint_plus_one,https://announcements.asx.com.au/asxpdf/20130213/pdf/42d08wpwwkfyhv.pdf
IMA,IMA,2013-02-08,Computershare,Security Transfer Australia,Change of Share Registry,provider_change,cease_appoint,https://announcements.asx.com.au/asxpdf/20130208/pdf/42cxky20f2qkdk.pdf
EMB,EMB,2013-02-01,MUFG Corporate Markets,Boardroom,Change of share registry,provider_change,prior_doc+next_doc,https://announcements.asx.com.au/asxpdf/20130201/pdf/42csm9nq52lwkq.pdf
ACP,ACP,2013-01-08,Computershare,Advanced Share Registry,Change of share registry,provider_change,appoint_plus_one,https://announcements.asx.com.au/asxpdf/20130108/pdf/42cb7z5t2wq18d.pdf
PNN,PNN,2012-10-11,Computershare,MUFG Corporate Markets,Change of Share Register Notification,provider_change,one_brand+prior_doc,https://announcements.asx.com.au/asxpdf/20121011/pdf/429b7fwckbb60x.pdf
ORG,ORG,2012-07-20,MUFG Corporate Markets,Computershare,Contact Energy Ltd-Notification of Change in Share Registry,provider_change,two_brands,https://announcements.asx.com.au/asxpdf/20120720/pdf/427hxpxsfw8vlr.pdf
FPH,FPH,2012-05-18,Computershare,MUFG Corporate Markets,Change in Share Registry,provider_change,from_to,https://announcements.asx.com.au/asxpdf/20120518/pdf/426bcgdby2qc2g.pdf
CLY,REE,2012-05-09,Computershare,Security Transfer Australia,Change of Share Registry,provider_change,cease_appoint,https://announcements.asx.com.au/asxpdf/20120509/pdf/4265ckw74dvrlq.pdf
SFP,M7T,2012-04-20,Registries Limited,MUFG Corporate Markets,Change of Share Registry,provider_change,one_brand+prior_doc,https://announcements.asx.com.au/asxpdf/20120420/pdf/425r1p2tvvzp46.pdf
NAG,NAG,2012-03-28,Computershare,Advanced Share Registry,Change of Share Registrar,provider_change,one_brand+prior_doc,https://announcements.asx.com.au/asxpdf/20120328/pdf/4259b8nd9lyf69.pdf
PNE,EUR,2012-03-26,Advanced Share Registry,Computershare,Change of Share Registry,provider_change,from_to,https://announcements.asx.com.au/asxpdf/20120326/pdf/4257zpv37x3w9d.pdf
BOE,BOE,2012-03-09,MUFG Corporate Markets,Security Transfer Australia,Change of Share Registry,provider_change,cease_appoint,https://announcements.asx.com.au/asxpdf/20120309/pdf/424y14b400419d.pdf
ARE,ORP,2012-03-05,Boardroom,MUFG Corporate Markets,Change of Share Registry,provider_change,one_brand+prior_doc,https://announcements.asx.com.au/asxpdf/20120305/pdf/424tbr0mtsk1h6.pdf
BOE,BOE,2012-02-29,MUFG Corporate Markets,Security Transfer Australia,Change of Share Registry,provider_change,cease_appoint,https://announcements.asx.com.au/asxpdf/20120229/pdf/424q1hpn7xwkvg.pdf
MNC,LCL,2012-02-24,Security Transfer Australia,MUFG Corporate Markets,Change of Share Register Notification,provider_change,one_brand+prior_doc,https://announcements.asx.com.au/asxpdf/20120224/pdf/424lbs94dn2jkd.pdf
KNL,EGR,2012-02-20,Computershare,MUFG Corporate Markets,Change of Share Registry,provider_change,one_brand+prior_doc,https://announcements.asx.com.au/asxpdf/20120220/pdf/424g3mxtkfthrx.pdf
AGR,AGR,2012-02-17,Computershare,MUFG Corporate Markets,Change of Share Registry,provider_change,one_brand+prior_doc,https://announcements.asx.com.au/asxpdf/20120217/pdf/424fg1s8wlh3h6.pdf
GRP,RC1,2012-02-13,Security Transfer Australia,Computershare,Change of Share Registry,provider_change,one_brand+prior_doc,https://announcements.asx.com.au/asxpdf/20120213/pdf/4249l022xpn7zq.pdf
BMG,WAU,2012-01-27,Computershare,Security Transfer Australia,Change of Share Registry,provider_change,cease_appoint,https://announcements.asx.com.au/asxpdf/20120127/pdf/423zcdpyvw531x.pdf
ANP,PER,2012-01-05,Computershare,Boardroom,Change of Provider of Share Registry Management Services,registry_other,from_to,https://announcements.asx.com.au/asxpdf/20120105/pdf/423mr7nfkzwxyz.pdf
BCI,BCI,2011-12-22,Advanced Share Registry,Computershare,Change of Share Registry,provider_change,one_brand+prior_doc,https://announcements.asx.com.au/asxpdf/20111222/pdf/423gflrdmqz6fr.pdf
GRM,AMN,2011-12-16,Computershare,Boardroom,Change of Share Registry,provider_change,one_brand+prior_doc,https://announcements.asx.com.au/asxpdf/20111216/pdf/4239ygcvt0zcyk.pdf
IEC,BTM,2011-12-16,Computershare,MUFG Corporate Markets,Change of Share Registry,provider_change,one_brand+prior_doc,https://announcements.asx.com.au/asxpdf/20111216/pdf/423b2bs03kr3jd.pdf
WHN,ZMM,2011-12-09,Advanced Share Registry,MUFG Corporate Markets,Change in Share Registry,provider_change,one_brand+prior_doc,https://announcements.asx.com.au/asxpdf/20111209/pdf/42360wr4b9r45x.pdf
TPT,88E,2011-11-28,Security Transfer Australia,Computershare,Change of Share Registry,provider_change,one_brand+prior_doc,https://announcements.asx.com.au/asxpdf/20111128/pdf/422wksfzz9pdyq.pdf
IAU,A1M,2011-11-04,Computershare,Advanced Share Registry,Change of Share Registry,provider_change,cease_plus_one,https://announcements.asx.com.au/asxpdf/20111104/pdf/4229xqx25wz34l.pdf
BMG,WAU,2011-11-03,Computershare,Security Transfer Australia,Change of Share Registry,provider_change,cease_appoint,https://announcements.asx.com.au/asxpdf/20111103/pdf/4229j2rl9qns87.pdf
FNT,FUN,2011-09-27,Registries Limited,Computershare,Change of Share Registry,provider_change,one_brand+prior_doc,https://announcements.asx.com.au/asxpdf/20110927/pdf/421brfjl1wb280.pdf
PTS,ARO,2011-09-26,Computershare,Boardroom,Change in Share Registry,provider_change,from_to,https://announcements.asx.com.au/asxpdf/20110926/pdf/4219qlxmq7bk6q.pdf
OEG,SNS,2011-09-12,Security Transfer Australia,Boardroom,Change of Share Registry,provider_change,appoint_plus_one,https://announcements.asx.com.au/asxpdf/20110912/pdf/4210m55w1kvqvy.pdf
AFR,ALM,2011-08-05,Computershare,MUFG Corporate Markets,Change of Share Registry Notification,provider_change,one_brand+prior_doc,https://announcements.asx.com.au/asxpdf/20110805/pdf/42078yg3z64svl.pdf
EVE,EVE,2011-08-05,Computershare,MUFG Corporate Markets,Change of Share Registry Notification,provider_change,one_brand+prior_doc,https://announcements.asx.com.au/asxpdf/20110805/pdf/42078sm9q3y36z.pdf
TLM,TLM,2011-07-11,Advanced Share Registry,MUFG Corporate Markets,Notification of Change of Share Register,provider_change,prior_doc+next_doc,https://announcements.asx.com.au/asxpdf/20110711/pdf/41zq7pvc7k3nxv.pdf
GRP,RC1,2011-07-07,Computershare,Security Transfer Australia,Details of New Share Registry,provider_change,cease_plus_one,https://announcements.asx.com.au/asxpdf/20110707/pdf/41zn40fmmtz7vv.pdf
OEL,OEL,2011-07-06,Computershare,MUFG Corporate Markets,Change of Share Register Notification,provider_change,one_brand+prior_doc,https://announcements.asx.com.au/asxpdf/20110706/pdf/41zmvh27jkw0y9.pdf
RHM,SHO,2011-06-17,Security Transfer Australia,Advanced Share Registry,Transfer of Share Register,provider_change,appoint_plus_one,https://announcements.asx.com.au/asxpdf/20110617/pdf/41z8v617y887tl.pdf
WAA,WAA,2011-06-15,Registries Limited,Boardroom,Share Registry - Change of Business Name,registry_other,two_brands,https://announcements.asx.com.au/asxpdf/20110615/pdf/41z7cxzrtfbpc0.pdf
WAM,WAM,2011-06-15,Registries Limited,Boardroom,Share Registry - Change of Business Name,registry_other,two_brands,https://announcements.asx.com.au/asxpdf/20110615/pdf/41z7cm1pyqnr53.pdf
WAX,WAX,2011-06-15,Registries Limited,Boardroom,Share Registry - Change of Business Name,registry_other,two_brands,https://announcements.asx.com.au/asxpdf/20110615/pdf/41z7d3018vkgyn.pdf
PLS,PLS,2011-06-14,Security Transfer Australia,Registries Limited,Change of Share Registry,provider_change,from_to,https://announcements.asx.com.au/asxpdf/20110614/pdf/41z5wtt9l19b8b.pdf
MFF,MFF,2011-06-08,Registries Limited,Boardroom,Share Registry - Change of Business Name,registry_other,two_brands,https://announcements.asx.com.au/asxpdf/20110608/pdf/41z36jy2d579dq.pdf
MFG,MFG,2011-06-08,Registries Limited,Boardroom,Share Registry - Change of Business Name,registry_other,two_brands,https://announcements.asx.com.au/asxpdf/20110608/pdf/41z36hd2dx6yw9.pdf
RHC,RHC,2011-06-07,Registries Limited,Boardroom,Share Registry - Change of Name to Boardroom Pty Limited,registry_other,from_to,https://announcements.asx.com.au/asxpdf/20110607/pdf/41z2t0gr2ybmm0.pdf
MRY,NOR,2011-06-06,Computershare,MUFG Corporate Markets,Change of Share Register,provider_change,one_brand+prior_doc,https://announcements.asx.com.au/asxpdf/20110606/pdf/41z1w5mqhlrm4s.pdf
ADY,ADY,2011-05-30,Computershare,Registries Limited,Change in share registry service provider,provider_change,from_to,https://announcements.asx.com.au/asxpdf/20110530/pdf/41yxtgb742y1m1.pdf
MRY,NOR,2011-05-26,Computershare,MUFG Corporate Markets,Change of Share Registry,provider_change,one_brand+prior_doc,https://announcements.asx.com.au/asxpdf/20110526/pdf/41yw9b7ptfv0k9.pdf
CVN,CVN,2011-05-25,Computershare,MUFG Corporate Markets,Change of Share Registry,provider_change,one_brand+prior_doc,https://announcements.asx.com.au/asxpdf/20110525/pdf/41yvfqvgs9t9v8.pdf
RMP,FME,2011-04-01,Advanced Share Registry,Computershare,Change of Share Registry,provider_change,one_brand+prior_doc,https://announcements.asx.com.au/asxpdf/20110401/pdf/41xt69513vv1b9.pdf
AGX,CT1,2011-03-23,Computershare,Advanced Share Registry,Change of Share Registry Services,provider_change,appoint_plus_one,https://announcements.asx.com.au/asxpdf/20110323/pdf/41xmbbl8hzczr7.pdf
SOL,SOL,2011-03-10,Computershare,Advanced Share Registry,New Share Registry Administrator,provider_change,one_brand+prior_doc,https://announcements.asx.com.au/asxpdf/20110310/pdf/41xc5711wthdrv.pdf
WHN,ZMM,2011-02-02,Gould Ralph,Advanced Share Registry,Change in Share Registry,provider_change,appoint_plus_one,https://announcements.asx.com.au/asxpdf/20110202/pdf/41wknpd9nvm86n.pdf
FMG,FMG,2010-11-23,Computershare,MUFG Corporate Markets,Change of Share Register Services,provider_change,one_brand+prior_doc,https://announcements.asx.com.au/asxpdf/20101123/pdf/31v2tyx906f0cl.pdf
APZ,APZ,2010-11-19,Computershare,MUFG Corporate Markets,Change of Share Registry Service Provider,provider_change,one_brand+prior_doc,https://announcements.asx.com.au/asxpdf/20101119/pdf/31v0lm7kd9kfwc.pdf
PEN,PEN,2010-11-10,Advanced Share Registry,MUFG Corporate Markets,Change of Share Registry,provider_change,one_brand+prior_doc,https://announcements.asx.com.au/asxpdf/20101110/pdf/31tsy89lz1shvn.pdf
SMN,SMN,2010-10-20,Advanced Share Registry,Computershare,Change of Share Registry,provider_change,one_brand+prior_doc,https://announcements.asx.com.au/asxpdf/20101020/pdf/31t7wjd4kjtg02.pdf
CRB,CRB,2010-10-05,Computershare,Security Transfer Australia,CHANGE OF SHARE REGISTRY,provider_change,one_brand+prior_doc,https://announcements.asx.com.au/asxpdf/20101005/pdf/31sydgr2f5chc8.pdf
OFG,CNI,2010-09-03,MUFG Corporate Markets,Computershare,OFG Change of Share Registry,provider_change,two_brands,https://announcements.asx.com.au/asxpdf/20100903/pdf/31sb472j0f53kt.pdf
TNP,HYT,2010-08-27,Computershare,Security Transfer Australia,Change of Share Registry,provider_change,one_brand+prior_doc,https://announcements.asx.com.au/asxpdf/20100827/pdf/31s4rqk2n4p0b0.pdf
ERJ,VPR,2010-07-20,MUFG Corporate Markets,Security Transfer Australia,Change of Share Registry,provider_change,two_brands,https://announcements.asx.com.au/asxpdf/20100720/pdf/31rf1brg5zgy0f.pdf
RFE,BRK,2010-06-30,Advanced Share Registry,Security Transfer Australia,Change of Share Registry,provider_change,one_brand+prior_doc,https://announcements.asx.com.au/asxpdf/20100630/pdf/31r32w8nz8b1kz.pdf
CND,IGN,2010-06-28,Computershare,Registries Limited,Change of Share Registry,provider_change,appoint_plus_one,https://announcements.asx.com.au/asxpdf/20100628/pdf/31r1jjxq9tt6l0.pdf
AIA,AIA,2010-06-25,Computershare,MUFG Corporate Markets,Auckland Airport notification of change in share registry,provider_change,from_to,https://announcements.asx.com.au/asxpdf/20100625/pdf/31r06q82htpqdk.pdf
BKI,BKI,2010-06-22,Computershare,Advanced Share Registry,Change of Share Registry provider,provider_change,appoint_plus_one,https://announcements.asx.com.au/asxpdf/20100622/pdf/31qylt4frdv38y.pdf
AJM,1MC,2010-06-18,Security Transfer Australia,MUFG Corporate Markets,Change of Share Registry,provider_change,cease_plus_one,https://announcements.asx.com.au/asxpdf/20100618/pdf/31qwp5mk3rdl1p.pdf
VMS,CRI,2010-05-28,Computershare,Security Transfer Australia,Change of Share Registry,provider_change,cease_appoint,https://announcements.asx.com.au/asxpdf/20100528/pdf/31ql4zky8g8m6s.pdf
ELY,GEM,2010-05-27,MUFG Corporate Markets,Advanced Share Registry,Change of Share Registry,provider_change,appoint_plus_one,https://announcements.asx.com.au/asxpdf/20100527/pdf/31qk6yll5sbcb3.pdf
BLZ,BLZ,2010-05-20,Computershare,Advanced Share Registry,Transfer of Share Registry,provider_change,appoint_plus_one,https://announcements.asx.com.au/asxpdf/20100520/pdf/31qfsm1c1502pl.pdf
PIM,EXT,2010-05-20,Computershare,Advanced Share Registry,Transfer of Share Registry,provider_change,appoint_plus_one,https://announcements.asx.com.au/asxpdf/20100520/pdf/31qfsntzlzvz4n.pdf
GED,GED,2010-05-20,Computershare,Advanced Share Registry,Transfer of Share Registry,provider_change,appoint_plus_one,https://announcements.asx.com.au/asxpdf/20100520/pdf/31qfryrqlv9dr7.pdf
MLS,MLS,2010-05-20,Computershare,Advanced Share Registry,Transfer of Share Registry,provider_change,appoint_plus_one,https://announcements.asx.com.au/asxpdf/20100520/pdf/31qfrpx8q8sz6l.pdf
SBR,SBR,2010-05-20,Computershare,Advanced Share Registry,Transfer of Share Registry,provider_change,appoint_plus_one,https://announcements.asx.com.au/asxpdf/20100520/pdf/31qfskdcszcttt.pdf
CMW,CMW,2010-05-17,Computershare,MUFG Corporate Markets,Change of Share Register Notification,provider_change,one_brand+prior_doc,https://announcements.asx.com.au/asxpdf/20100517/pdf/31qc9wl0j9p556.pdf
ECQ,CYP,2010-04-29,Computershare,Security Transfer Australia,Change of Share Registry,provider_change,cease_appoint,https://announcements.asx.com.au/asxpdf/20100429/pdf/31q19gfnpqby7g.pdf
MRO,OB1,2010-04-19,Registries Limited,Security Transfer Australia,Change of Share Registrar,provider_change,from_to,https://announcements.asx.com.au/asxpdf/20100419/pdf/31pvbmnbtmmzjs.pdf
CUU,AQX,2010-03-01,MUFG Corporate Markets,Computershare,Details of Share Registry address,address_only,two_brands,https://announcements.asx.com.au/asxpdf/20100301/pdf/31p0jch7n3c32g.pdf
AUI,AUI,2010-02-22,Computershare,MUFG Corporate Markets,Change of Provider of Share Registry Management Services,registry_other,from_to,https://announcements.asx.com.au/asxpdf/20100222/pdf/31ntnsf21zznck.pdf
CFR,GA8,2010-02-18,Registries Limited,Advanced Share Registry,Change of Share Registry notification,provider_change,appoint_plus_one,https://announcements.asx.com.au/asxpdf/20100218/pdf/31nrzgfqddml7f.pdf
DMP,DMP,2010-02-11,Computershare,MUFG Corporate Markets,Change of Share Register,provider_change,one_brand+prior_doc,https://announcements.asx.com.au/asxpdf/20100211/pdf/31nn3yhg0mv1f4.pdf
RHC,RHC,2010-01-28,Computershare,Registries Limited,Change of Share Registry Service Provider,provider_change,one_brand+prior_doc,https://announcements.asx.com.au/asxpdf/20100128/pdf/31ncplwt5b98hh.pdf
BRD,SRN,2010-01-28,Computershare,Advanced Share Registry,Change of Share Registry,provider_change,appoint_plus_one,https://announcements.asx.com.au/asxpdf/20100128/pdf/31ncz43f78l0pg.pdf
WHN,ZMM,2009-12-10,Computershare,Gould Ralph,Change of Share Registry,provider_change,one_brand+prior_doc,https://announcements.asx.com.au/asxpdf/20091210/pdf/31mnnv5kbwbff9.pdf
PEL,SHN,2009-11-16,Computershare,Security Transfer Australia,Change of Registry,provider_change,appoint_plus_one,https://announcements.asx.com.au/asxpdf/20091116/pdf/31m2m0n1xpq9g0.pdf
DMY,FBR,2009-11-04,Computershare,Advanced Share Registry,Details of Share Registry address,address_only,appoint_plus_one,https://announcements.asx.com.au/asxpdf/20091104/pdf/31lvqpz17r9wyj.pdf
SRZ,SRZ,2009-08-25,MUFG Corporate Markets,Registries Limited,Change of Share Register,provider_change,one_brand+prior_doc,https://announcements.asx.com.au/asxpdf/20090825/pdf/31k9cqc1s8zj6s.pdf
AAO,EML,2009-08-10,Computershare,MUFG Corporate Markets,Change of Share Register,provider_change,one_brand+prior_doc,https://announcements.asx.com.au/asxpdf/20090810/pdf/31k0rgr8vm3jqg.pdf
BOE,BOE,2009-06-29,Computershare,MUFG Corporate Markets,Change of Share Registry,provider_change,one_brand+prior_doc,https://announcements.asx.com.au/asxpdf/20090629/pdf/31j8z3z1bm8g32.pdf
BOQ,BOQ,2009-06-29,Computershare,MUFG Corporate Markets,BOQ- Change of Share Registry Details,provider_change,one_brand+prior_doc,https://announcements.asx.com.au/asxpdf/20090629/pdf/31j91qkyjshchm.pdf
AEU,CQE,2009-06-26,MUFG Corporate Markets,Registries Limited,Change of Provider of Unit Registry Management Services,registry_other,cease_plus_one,https://announcements.asx.com.au/asxpdf/20090626/pdf/31j83qvsgrf81z.pdf
FYI,CCM,2009-06-03,Computershare,Security Transfer Australia,Change of Share Registry,provider_change,prior_doc+next_doc,https://announcements.asx.com.au/asxpdf/20090603/pdf/31hxdqn9vddt7y.pdf
GIP,SP8,2009-05-12,Computershare,Security Transfer Australia,UK Share Register Transfer Completed,registry_other,appoint_plus_one,https://announcements.asx.com.au/asxpdf/20090512/pdf/31hk3fcf0qzdm8.pdf
QNL,JGH,2009-05-08,Security Transfer Australia,Advanced Share Registry,Change of Share Registry,provider_change,appoint_plus_one,https://announcements.asx.com.au/asxpdf/20090508/pdf/31hhfwsc9nx06k.pdf
RDS,RDS,2009-04-21,Computershare,Advanced Share Registry,Change of Share Registry,provider_change,appoint_plus_one,https://announcements.asx.com.au/asxpdf/20090421/pdf/31h56fknm1pyfz.pdf
LLC,LLC,2009-04-06,MUFG Corporate Markets,Computershare,Change in Share Registry Provider and Register Address,address_only,from_to,https://announcements.asx.com.au/asxpdf/20090406/pdf/31gy8nxw5jt0c0.pdf
GIP,SP8,2009-04-06,Security Transfer Australia,Computershare,UK Share Registry Transfer,provider_change,cease_plus_one,https://announcements.asx.com.au/asxpdf/20090406/pdf/31gyf67pksnx2x.pdf
BMN,BMN,2009-04-02,Computershare,Advanced Share Registry,Change of Share Registrar,provider_change,two_brands,https://announcements.asx.com.au/asxpdf/20090402/pdf/31gx252f8h6n2b.pdf
ALL,ALL,2009-02-16,MUFG Corporate Markets,Registries Limited,Change of Share Registry Service Provider,provider_change,from_to,https://announcements.asx.com.au/asxpdf/20090216/pdf/31g1yg8gn5bpkz.pdf
MFC,AVM,2009-02-13,Computershare,Registries Limited,Change of provider of share registry management services,registry_other,from_to,https://announcements.asx.com.au/asxpdf/20090213/pdf/31g1h0lpf8trvh.pdf
ACS,ACS,2009-01-22,Security Transfer Australia,Advanced Share Registry,Change of Share Registry,provider_change,appoint_plus_one,https://announcements.asx.com.au/asxpdf/20090122/pdf/31fnxf4cfkw3mk.pdf
AIZ,AIZ,2009-01-16,Computershare,MUFG Corporate Markets,Notification of Change in Share Registry,provider_change,from_to,https://announcements.asx.com.au/asxpdf/20090116/pdf/31flmf1x3g37wp.pdf
MRO,OB1,2008-12-22,Computershare,Registries Limited,Change of Share Registry,provider_change,from_to,https://announcements.asx.com.au/asxpdf/20081222/pdf/31fb7vp6xm0137.pdf
EQX,EQX,2008-12-16,Computershare,Security Transfer Australia,Change of Share Registry,provider_change,two_brands,https://announcements.asx.com.au/asxpdf/20081216/pdf/31f6tl7nn3ry00.pdf
HGO,HGO,2008-11-14,Computershare,Registries Limited,Change of Provider of Share Registry Management,registry_other,from_to,https://announcements.asx.com.au/asxpdf/20081114/pdf/31dlf1zxjjl908.pdf
MHL,FIN,2008-11-07,Computershare,Advanced Share Registry,Change of Share and Option Registry,registry_other,appoint_plus_one,https://announcements.asx.com.au/asxpdf/20081107/pdf/31dh1wfppgj5gc.pdf
GWR,GWR,2008-10-29,MUFG Corporate Markets,Advanced Share Registry,Change of Share Registry,provider_change,two_brands,https://announcements.asx.com.au/asxpdf/20081029/pdf/31d7nfzg8gf75l.pdf
PRR,IMM,2008-10-17,Security Transfer Australia,Registries Limited,Change of Share Registry,provider_change,from_to,https://announcements.asx.com.au/asxpdf/20081017/pdf/31cyp6xfgzddqf.pdf
CVS,RR1,2008-09-24,Computershare,Advanced Share Registry,Change of Share Registry,provider_change,appoint_plus_one,https://announcements.asx.com.au/asxpdf/20080924/pdf/31ch82cfssylxv.pdf
PYM,GBL,2008-09-22,Advanced Share Registry,MUFG Corporate Markets,Change of Share Register,provider_change,one_brand+prior_doc,https://announcements.asx.com.au/asxpdf/20080922/pdf/31cf7x4ycds240.pdf
CNN,MCO,2008-09-15,Computershare,Advanced Share Registry,Change of Share Registry,provider_change,appoint_plus_one,https://announcements.asx.com.au/asxpdf/20080915/pdf/31c9mh3ys1d8jd.pdf
EXR,EXR,2008-09-01,Advanced Share Registry,Computershare,Details of Share Registry address,address_only,from_to,https://announcements.asx.com.au/asxpdf/20080901/pdf/31c27nldlh76hl.pdf
BML,VRL,2008-08-28,Computershare,Advanced Share Registry,Change of Share Registry,provider_change,appoint_plus_one,https://announcements.asx.com.au/asxpdf/20080828/pdf/31bzhv3rm669bd.pdf
TBR,TBR,2008-08-15,Computershare,Advanced Share Registry,Change of Share Registry,provider_change,prior_doc+next_doc,https://announcements.asx.com.au/asxpdf/20080815/pdf/31bqrvzyk965g8.pdf
DVM,88E,2008-08-12,Computershare,Security Transfer Australia,Change of Share and Option Registry,registry_other,cease_appoint,https://announcements.asx.com.au/asxpdf/20080812/pdf/31bns3wnkrg2yn.pdf
FTN,PLS,2008-07-10,Computershare,Security Transfer Australia,Change of Share Registry,provider_change,cease_appoint,https://announcements.asx.com.au/asxpdf/20080710/pdf/31b3n4dsrzgcp8.pdf
HWI,BRG,2008-07-07,Computershare,MUFG Corporate Markets,Change of Share Register Notification,provider_change,one_brand+prior_doc,https://announcements.asx.com.au/asxpdf/20080707/pdf/31b14r432b19t7.pdf
JUT,DVP,2008-06-19,Security Transfer Australia,Advanced Share Registry,Change of Share Registry,provider_change,appoint_plus_one,https://announcements.asx.com.au/asxpdf/20080619/pdf/319qccphqmdqmn.pdf
QTI,IAM,2008-06-10,Computershare,Registries Limited,Details of Share Registry address,address_only,from_to,https://announcements.asx.com.au/asxpdf/20080610/pdf/319k9x0gq516k3.pdf
CIW,CIW,2008-05-01,MUFG Corporate Markets,Registries Limited,Notification - Change of Share Registry,provider_change,from_to,https://announcements.asx.com.au/asxpdf/20080501/pdf/318x8ps2zk3kk0.pdf
ARE,ORP,2008-03-17,Computershare,Registries Limited,Details of Share Registry address,address_only,from_to,https://announcements.asx.com.au/asxpdf/20080317/pdf/3182x86jrs14ks.pdf
DON,ELV,2007-10-05,MUFG Corporate Markets,Computershare,Change of Date for Registry Handover,registry_other,from_to,https://announcements.asx.com.au/asxpdf/20071005/pdf/314z9d0rcp2fg0.pdf
DON,ELV,2007-09-25,MUFG Corporate Markets,Computershare,Change of Share Registry,provider_change,from_to,https://announcements.asx.com.au/asxpdf/20070925/pdf/314qqgq5y27wj9.pdf
BSM,GW1,2007-08-31,Computershare,Security Transfer Australia,Change of Share Registry,provider_change,two_brands,https://announcements.asx.com.au/asxpdf/20070831/pdf/3149xh920prvzw.pdf
PMA,TSL,2007-07-11,Computershare,Advanced Share Registry,Change in Share Registry,provider_change,two_brands,https://announcements.asx.com.au/asxpdf/20070711/pdf/313d9f4stpn5fz.pdf
